stock_name,date,year,month,position
1211 HK,2009-01,2009,1,54200000.0
1211 HK,2009-02,2009,2,54200000.0
1211 HK,2009-03,2009,3,54200000.0
1211 HK,2009-04,2009,4,54200000.0
1211 HK,2009-05,2009,5,54200000.0
1211 HK,2009-06,2009,6,54200000.0
1211 HK,2009-07,2009,7,54200000.0
1211 HK,2009-08,2009,8,54200000.0
1211 HK,2009-09,2009,9,54200000.0
1211 HK,2009-10,2009,10,54200000.0
1211 HK,2009-11,2009,11,54200000.0
1211 HK,2009-12,2009,12,54200000.0
1211 HK,2010-01,2010,1,54200000.0
1211 HK,2010-02,2010,2,54200000.0
1211 HK,2010-03,2010,3,54200000.0
1211 HK,2010-04,2010,4,54200000.0
1211 HK,2010-05,2010,5,54200000.0
1211 HK,2010-06,2010,6,54200000.0
1211 HK,2010-07,2010,7,54200000.0
1211 HK,2010-08,2010,8,54200000.0
1211 HK,2010-09,2010,9,54200000.0
1211 HK,2010-10,2010,10,54200000.0
1211 HK,2010-11,2010,11,54200000.0
1211 HK,2010-12,2010,12,54200000.0
1211 HK,2011-01,2011,1,54200000.0
1211 HK,2011-02,2011,2,54200000.0
1211 HK,2011-03,2011,3,54200000.0
1211 HK,2011-04,2011,4,54200000.0
1211 HK,2011-05,2011,5,54200000.0
1211 HK,2011-06,2011,6,54200000.0
1211 HK,2011-07,2011,7,54200000.0
1211 HK,2011-08,2011,8,54200000.0
1211 HK,2011-09,2011,9,54200000.0
1211 HK,2011-10,2011,10,54200000.0
1211 HK,2011-11,2011,11,54200000.0
1211 HK,2011-12,2011,12,54200000.0
1211 HK,2012-01,2012,1,54200000.0
1211 HK,2012-02,2012,2,54200000.0
1211 HK,2012-03,2012,3,54200000.0
1211 HK,2012-04,2012,4,54200000.0
1211 HK,2012-05,2012,5,54200000.0
1211 HK,2012-06,2012,6,54200000.0
1211 HK,2012-07,2012,7,54200000.0
1211 HK,2012-08,2012,8,54200000.0
1211 HK,2012-09,2012,9,54200000.0
1211 HK,2012-10,2012,10,54200000.0
1211 HK,2012-11,2012,11,54200000.0
1211 HK,2012-12,2012,12,54200000.0
1211 HK,2013-01,2013,1,54200000.0
1211 HK,2013-02,2013,2,54200000.0
1211 HK,2013-03,2013,3,54200000.0
1211 HK,2013-04,2013,4,54200000.0
1211 HK,2013-05,2013,5,54200000.0
1211 HK,2013-06,2013,6,54200000.0
1211 HK,2013-07,2013,7,54200000.0
1211 HK,2013-08,2013,8,54200000.0
1211 HK,2013-09,2013,9,54200000.0
1211 HK,2013-10,2013,10,54200000.0
1211 HK,2013-11,2013,11,54200000.0
1211 HK,2013-12,2013,12,54200000.0
1211 HK,2014-01,2014,1,54200000.0
1211 HK,2014-02,2014,2,54200000.0
1211 HK,2014-03,2014,3,54200000.0
1211 HK,2014-04,2014,4,54200000.0
1211 HK,2014-05,2014,5,54200000.0
1211 HK,2014-06,2014,6,54200000.0
1211 HK,2014-07,2014,7,54200000.0
1211 HK,2014-08,2014,8,54200000.0
1211 HK,2014-09,2014,9,54200000.0
1211 HK,2014-10,2014,10,54200000.0
1211 HK,2014-11,2014,11,54200000.0
1211 HK,2014-12,2014,12,54200000.0
1211 HK,2015-01,2015,1,54200000.0
1211 HK,2015-02,2015,2,54200000.0
1211 HK,2015-03,2015,3,54200000.0
1211 HK,2015-04,2015,4,54200000.0
1211 HK,2015-05,2015,5,54200000.0
1211 HK,2015-06,2015,6,54200000.0
1211 HK,2015-07,2015,7,54200000.0
1211 HK,2015-08,2015,8,54200000.0
1211 HK,2015-09,2015,9,54200000.0
1211 HK,2015-10,2015,10,54200000.0
1211 HK,2015-11,2015,11,54200000.0
1211 HK,2015-12,2015,12,54200000.0
1211 HK,2016-01,2016,1,54200000.0
1211 HK,2016-02,2016,2,54200000.0
1211 HK,2016-03,2016,3,54200000.0
1211 HK,2016-04,2016,4,54200000.0
1211 HK,2016-05,2016,5,54200000.0
1211 HK,2016-06,2016,6,54200000.0
1211 HK,2016-07,2016,7,54200000.0
1211 HK,2016-08,2016,8,54200000.0
1211 HK,2016-09,2016,9,54200000.0
1211 HK,2016-10,2016,10,54200000.0
1211 HK,2016-11,2016,11,54200000.0
1211 HK,2016-12,2016,12,54200000.0
1211 HK,2017-01,2017,1,54200000.0
1211 HK,2017-02,2017,2,54200000.0
1211 HK,2017-03,2017,3,54200000.0
1211 HK,2017-04,2017,4,54200000.0
1211 HK,2017-05,2017,5,54200000.0
1211 HK,2017-06,2017,6,54200000.0
1211 HK,2017-07,2017,7,54200000.0
1211 HK,2017-08,2017,8,54200000.0
1211 HK,2017-09,2017,9,54200000.0
1211 HK,2017-10,2017,10,54200000.0
1211 HK,2017-11,2017,11,54200000.0
1211 HK,2017-12,2017,12,54200000.0
1211 HK,2018-01,2018,1,54200000.0
1211 HK,2018-02,2018,2,54200000.0
1211 HK,2018-03,2018,3,54200000.0
1211 HK,2018-04,2018,4,54200000.0
1211 HK,2018-05,2018,5,54200000.0
1211 HK,2018-06,2018,6,54200000.0
1211 HK,2018-07,2018,7,54200000.0
1211 HK,2018-08,2018,8,54200000.0
1211 HK,2018-09,2018,9,54200000.0
1211 HK,2018-10,2018,10,54200000.0
1211 HK,2018-11,2018,11,54200000.0
1211 HK,2018-12,2018,12,54200000.0
1211 HK,2019-01,2019,1,54200000.0
1211 HK,2019-02,2019,2,54200000.0
1211 HK,2019-03,2019,3,54200000.0
1211 HK,2019-04,2019,4,54200000.0
1211 HK,2019-05,2019,5,54200000.0
1211 HK,2019-06,2019,6,54200000.0
1211 HK,2019-07,2019,7,54200000.0
1211 HK,2019-08,2019,8,54200000.0
1211 HK,2019-09,2019,9,54200000.0
1211 HK,2019-10,2019,10,54200000.0
1211 HK,2019-11,2019,11,54200000.0
1211 HK,2019-12,2019,12,54200000.0
1211 HK,2020-01,2020,1,54200000.0
1211 HK,2020-02,2020,2,54200000.0
1211 HK,2020-03,2020,3,54200000.0
1211 HK,2020-04,2020,4,54200000.0
1211 HK,2020-05,2020,5,54200000.0
1211 HK,2020-06,2020,6,54200000.0
1211 HK,2020-07,2020,7,54200000.0
1211 HK,2020-08,2020,8,54200000.0
1211 HK,2020-09,2020,9,54200000.0
1211 HK,2020-10,2020,10,54200000.0
1211 HK,2020-11,2020,11,54200000.0
1211 HK,2020-12,2020,12,54200000.0
1211 HK,2021-01,2021,1,54200000.0
1211 HK,2021-02,2021,2,54200000.0
1211 HK,2021-03,2021,3,54200000.0
1211 HK,2021-04,2021,4,54200000.0
1211 HK,2021-05,2021,5,54200000.0
1211 HK,2021-06,2021,6,54200000.0
1211 HK,2021-07,2021,7,54200000.0
1211 HK,2021-08,2021,8,54200000.0
1211 HK,2021-09,2021,9,54200000.0
1211 HK,2021-10,2021,10,54200000.0
1211 HK,2021-11,2021,11,54200000.0
1211 HK,2021-12,2021,12,54200000.0
1211 HK,2022-01,2022,1,54200000.0
1211 HK,2022-02,2022,2,54200000.0
1211 HK,2022-03,2022,3,54200000.0
1211 HK,2022-04,2022,4,54200000.0
1211 HK,2022-05,2022,5,54200000.0
1211 HK,2022-06,2022,6,54200000.0
1211 HK,2022-07,2022,7,54200000.0
1211 HK,2022-08,2022,8,54200000.0
1211 HK,2022-09,2022,9,54200000.0
1211 HK,2022-10,2022,10,54200000.0
1211 HK,2022-11,2022,11,54200000.0
1211 HK,2022-12,2022,12,54200000.0
1211 HK,2023-01,2023,1,54200000.0
1211 HK,2023-02,2023,2,54200000.0
1211 HK,2023-03,2023,3,54200000.0
1211 HK,2023-04,2023,4,54200000.0
1211 HK,2023-05,2023,5,54200000.0
1211 HK,2023-06,2023,6,54200000.0
1211 HK,2023-07,2023,7,54200000.0
1211 HK,2023-08,2023,8,54200000.0
1211 HK,2023-09,2023,9,54200000.0
1211 HK,2023-10,2023,10,54200000.0
1211 HK,2023-11,2023,11,54200000.0
1211 HK,2023-12,2023,12,54200000.0
1211 HK,2024-01,2024,1,54200000.0
1211 HK,2024-02,2024,2,54200000.0
1211 HK,2024-03,2024,3,54200000.0
1211 HK,2024-04,2024,4,54200000.0
1211 HK,2024-05,2024,5,54200000.0
1211 HK,2024-06,2024,6,54200000.0
1211 HK,2024-07,2024,7,54200000.0
1211 HK,2024-08,2024,8,54200000.0
1211 HK,2024-09,2024,9,54200000.0
1211 HK,2024-10,2024,10,54200000.0
8001 JP,2020-07,2020,7,118330000.0
8001 JP,2020-08,2020,8,118330000.0
8001 JP,2020-09,2020,9,118330000.0
8001 JP,2020-10,2020,10,118330000.0
8001 JP,2020-11,2020,11,118330000.0
8001 JP,2020-12,2020,12,118330000.0
8001 JP,2021-01,2021,1,118330000.0
8001 JP,2021-02,2021,2,118330000.0
8001 JP,2021-03,2021,3,118330000.0
8001 JP,2021-04,2021,4,118330000.0
8001 JP,2021-05,2021,5,118330000.0
8001 JP,2021-06,2021,6,118330000.0
8001 JP,2021-07,2021,7,118330000.0
8001 JP,2021-08,2021,8,118330000.0
8001 JP,2021-09,2021,9,118330000.0
8001 JP,2021-10,2021,10,118330000.0
8001 JP,2021-11,2021,11,118330000.0
8001 JP,2021-12,2021,12,118330000.0
8001 JP,2022-01,2022,1,118330000.0
8001 JP,2022-02,2022,2,118330000.0
8001 JP,2022-03,2022,3,118330000.0
8001 JP,2022-04,2022,4,118330000.0
8001 JP,2022-05,2022,5,118330000.0
8001 JP,2022-06,2022,6,118330000.0
8001 JP,2022-07,2022,7,118330000.0
8001 JP,2022-08,2022,8,118330000.0
8001 JP,2022-09,2022,9,118330000.0
8001 JP,2022-10,2022,10,118330000.0
8001 JP,2022-11,2022,11,118330000.0
8001 JP,2022-12,2022,12,118330000.0
8001 JP,2023-01,2023,1,118330000.0
8001 JP,2023-02,2023,2,118330000.0
8001 JP,2023-03,2023,3,118330000.0
8001 JP,2023-04,2023,4,118330000.0
8001 JP,2023-05,2023,5,118330000.0
8001 JP,2023-06,2023,6,118330000.0
8001 JP,2023-07,2023,7,118330000.0
8001 JP,2023-08,2023,8,118330000.0
8001 JP,2023-09,2023,9,118330000.0
8001 JP,2023-10,2023,10,118330000.0
8001 JP,2023-11,2023,11,118330000.0
8001 JP,2023-12,2023,12,118330000.0
8001 JP,2024-01,2024,1,118330000.0
8001 JP,2024-02,2024,2,118330000.0
8001 JP,2024-03,2024,3,118330000.0
8001 JP,2024-04,2024,4,118330000.0
8001 JP,2024-05,2024,5,118330000.0
8001 JP,2024-06,2024,6,118330000.0
8001 JP,2024-07,2024,7,118330000.0
8001 JP,2024-08,2024,8,118330000.0
8001 JP,2024-09,2024,9,118330000.0
8001 JP,2024-10,2024,10,118330000.0
8002 JP,2020-10,2020,10,141000000.0
8002 JP,2020-11,2020,11,141000000.0
8002 JP,2020-12,2020,12,141000000.0
8002 JP,2021-01,2021,1,141000000.0
8002 JP,2021-02,2021,2,141000000.0
8002 JP,2021-03,2021,3,141000000.0
8002 JP,2021-04,2021,4,141000000.0
8002 JP,2021-05,2021,5,141000000.0
8002 JP,2021-06,2021,6,141000000.0
8002 JP,2021-07,2021,7,141000000.0
8002 JP,2021-08,2021,8,141000000.0
8002 JP,2021-09,2021,9,141000000.0
8002 JP,2021-10,2021,10,141000000.0
8002 JP,2021-11,2021,11,141000000.0
8002 JP,2021-12,2021,12,141000000.0
8002 JP,2022-01,2022,1,141000000.0
8002 JP,2022-02,2022,2,141000000.0
8002 JP,2022-03,2022,3,141000000.0
8002 JP,2022-04,2022,4,141000000.0
8002 JP,2022-05,2022,5,141000000.0
8002 JP,2022-06,2022,6,141000000.0
8002 JP,2022-07,2022,7,141000000.0
8002 JP,2022-08,2022,8,141000000.0
8002 JP,2022-09,2022,9,141000000.0
8002 JP,2022-10,2022,10,141000000.0
8002 JP,2022-11,2022,11,141000000.0
8002 JP,2022-12,2022,12,141000000.0
8002 JP,2023-01,2023,1,141000000.0
8002 JP,2023-02,2023,2,141000000.0
8002 JP,2023-03,2023,3,141000000.0
8002 JP,2023-04,2023,4,141000000.0
8002 JP,2023-05,2023,5,141000000.0
8002 JP,2023-06,2023,6,141000000.0
8002 JP,2023-07,2023,7,141000000.0
8002 JP,2023-08,2023,8,141000000.0
8002 JP,2023-09,2023,9,141000000.0
8002 JP,2023-10,2023,10,141000000.0
8002 JP,2023-11,2023,11,141000000.0
8002 JP,2023-12,2023,12,141000000.0
8002 JP,2024-01,2024,1,141000000.0
8002 JP,2024-02,2024,2,141000000.0
8002 JP,2024-03,2024,3,141000000.0
8002 JP,2024-04,2024,4,141000000.0
8002 JP,2024-05,2024,5,141000000.0
8002 JP,2024-06,2024,6,141000000.0
8002 JP,2024-07,2024,7,141000000.0
8002 JP,2024-08,2024,8,141000000.0
8002 JP,2024-09,2024,9,141000000.0
8002 JP,2024-10,2024,10,141000000.0
8031 JP,2020-10,2020,10,250040000.0
8031 JP,2020-11,2020,11,250040000.0
8031 JP,2020-12,2020,12,250040000.0
8031 JP,2021-01,2021,1,250040000.0
8031 JP,2021-02,2021,2,250040000.0
8031 JP,2021-03,2021,3,250040000.0
8031 JP,2021-04,2021,4,250040000.0
8031 JP,2021-05,2021,5,250040000.0
8031 JP,2021-06,2021,6,250040000.0
8031 JP,2021-07,2021,7,250040000.0
8031 JP,2021-08,2021,8,250040000.0
8031 JP,2021-09,2021,9,250040000.0
8031 JP,2021-10,2021,10,250040000.0
8031 JP,2021-11,2021,11,250040000.0
8031 JP,2021-12,2021,12,250040000.0
8031 JP,2022-01,2022,1,250040000.0
8031 JP,2022-02,2022,2,250040000.0
8031 JP,2022-03,2022,3,250040000.0
8031 JP,2022-04,2022,4,250040000.0
8031 JP,2022-05,2022,5,250040000.0
8031 JP,2022-06,2022,6,250040000.0
8031 JP,2022-07,2022,7,250040000.0
8031 JP,2022-08,2022,8,250040000.0
8031 JP,2022-09,2022,9,250040000.0
8031 JP,2022-10,2022,10,250040000.0
8031 JP,2022-11,2022,11,250040000.0
8031 JP,2022-12,2022,12,250040000.0
8031 JP,2023-01,2023,1,250040000.0
8031 JP,2023-02,2023,2,250040000.0
8031 JP,2023-03,2023,3,250040000.0
8031 JP,2023-04,2023,4,250040000.0
8031 JP,2023-05,2023,5,250040000.0
8031 JP,2023-06,2023,6,250040000.0
8031 JP,2023-07,2023,7,250040000.0
8031 JP,2023-08,2023,8,250040000.0
8031 JP,2023-09,2023,9,250040000.0
8031 JP,2023-10,2023,10,250040000.0
8031 JP,2023-11,2023,11,250040000.0
8031 JP,2023-12,2023,12,250040000.0
8031 JP,2024-01,2024,1,250040000.0
8031 JP,2024-02,2024,2,250040000.0
8031 JP,2024-03,2024,3,250040000.0
8031 JP,2024-04,2024,4,250040000.0
8031 JP,2024-05,2024,5,250040000.0
8031 JP,2024-06,2024,6,250040000.0
8031 JP,2024-07,2024,7,250040000.0
8031 JP,2024-08,2024,8,250040000.0
8031 JP,2024-09,2024,9,250040000.0
8031 JP,2024-10,2024,10,250040000.0
8053 JP,2020-10,2020,10,101210000.0
8053 JP,2020-11,2020,11,101210000.0
8053 JP,2020-12,2020,12,101210000.0
8053 JP,2021-01,2021,1,101210000.0
8053 JP,2021-02,2021,2,101210000.0
8053 JP,2021-03,2021,3,101210000.0
8053 JP,2021-04,2021,4,101210000.0
8053 JP,2021-05,2021,5,101210000.0
8053 JP,2021-06,2021,6,101210000.0
8053 JP,2021-07,2021,7,101210000.0
8053 JP,2021-08,2021,8,101210000.0
8053 JP,2021-09,2021,9,101210000.0
8053 JP,2021-10,2021,10,101210000.0
8053 JP,2021-11,2021,11,101210000.0
8053 JP,2021-12,2021,12,101210000.0
8053 JP,2022-01,2022,1,101210000.0
8053 JP,2022-02,2022,2,101210000.0
8053 JP,2022-03,2022,3,101210000.0
8053 JP,2022-04,2022,4,101210000.0
8053 JP,2022-05,2022,5,101210000.0
8053 JP,2022-06,2022,6,101210000.0
8053 JP,2022-07,2022,7,101210000.0
8053 JP,2022-08,2022,8,101210000.0
8053 JP,2022-09,2022,9,101210000.0
8053 JP,2022-10,2022,10,101210000.0
8053 JP,2022-11,2022,11,101210000.0
8053 JP,2022-12,2022,12,101210000.0
8053 JP,2023-01,2023,1,101210000.0
8053 JP,2023-02,2023,2,101210000.0
8053 JP,2023-03,2023,3,101210000.0
8053 JP,2023-04,2023,4,101210000.0
8053 JP,2023-05,2023,5,101210000.0
8053 JP,2023-06,2023,6,101210000.0
8053 JP,2023-07,2023,7,101210000.0
8053 JP,2023-08,2023,8,101210000.0
8053 JP,2023-09,2023,9,101210000.0
8053 JP,2023-10,2023,10,101210000.0
8053 JP,2023-11,2023,11,101210000.0
8053 JP,2023-12,2023,12,101210000.0
8053 JP,2024-01,2024,1,101210000.0
8053 JP,2024-02,2024,2,101210000.0
8053 JP,2024-03,2024,3,101210000.0
8053 JP,2024-04,2024,4,101210000.0
8053 JP,2024-05,2024,5,101210000.0
8053 JP,2024-06,2024,6,101210000.0
8053 JP,2024-07,2024,7,101210000.0
8053 JP,2024-08,2024,8,101210000.0
8053 JP,2024-09,2024,9,101210000.0
8053 JP,2024-10,2024,10,101210000.0
8058 JP,2020-10,2020,10,358490000.0
8058 JP,2020-11,2020,11,358490000.0
8058 JP,2020-12,2020,12,358490000.0
8058 JP,2021-01,2021,1,358490000.0
8058 JP,2021-02,2021,2,358490000.0
8058 JP,2021-03,2021,3,358490000.0
8058 JP,2021-04,2021,4,358490000.0
8058 JP,2021-05,2021,5,358490000.0
8058 JP,2021-06,2021,6,358490000.0
8058 JP,2021-07,2021,7,358490000.0
8058 JP,2021-08,2021,8,358490000.0
8058 JP,2021-09,2021,9,358490000.0
8058 JP,2021-10,2021,10,358490000.0
8058 JP,2021-11,2021,11,358490000.0
8058 JP,2021-12,2021,12,358490000.0
8058 JP,2022-01,2022,1,358490000.0
8058 JP,2022-02,2022,2,358490000.0
8058 JP,2022-03,2022,3,358490000.0
8058 JP,2022-04,2022,4,358490000.0
8058 JP,2022-05,2022,5,358490000.0
8058 JP,2022-06,2022,6,358490000.0
8058 JP,2022-07,2022,7,358490000.0
8058 JP,2022-08,2022,8,358490000.0
8058 JP,2022-09,2022,9,358490000.0
8058 JP,2022-10,2022,10,358490000.0
8058 JP,2022-11,2022,11,358490000.0
8058 JP,2022-12,2022,12,358490000.0
8058 JP,2023-01,2023,1,358490000.0
8058 JP,2023-02,2023,2,358490000.0
8058 JP,2023-03,2023,3,358490000.0
8058 JP,2023-04,2023,4,358490000.0
8058 JP,2023-05,2023,5,358490000.0
8058 JP,2023-06,2023,6,358490000.0
8058 JP,2023-07,2023,7,358490000.0
8058 JP,2023-08,2023,8,358490000.0
8058 JP,2023-09,2023,9,358490000.0
8058 JP,2023-10,2023,10,358490000.0
8058 JP,2023-11,2023,11,358490000.0
8058 JP,2023-12,2023,12,358490000.0
8058 JP,2024-01,2024,1,358490000.0
8058 JP,2024-02,2024,2,358490000.0
8058 JP,2024-03,2024,3,358490000.0
8058 JP,2024-04,2024,4,358490000.0
8058 JP,2024-05,2024,5,358490000.0
8058 JP,2024-06,2024,6,358490000.0
8058 JP,2024-07,2024,7,358490000.0
8058 JP,2024-08,2024,8,358490000.0
8058 JP,2024-09,2024,9,358490000.0
8058 JP,2024-10,2024,10,358490000.0
AAPL,1999-01,1999,1,400000000.0
AAPL,1999-02,1999,2,400000000.0
AAPL,1999-03,1999,3,400000000.0
AAPL,1999-04,1999,4,400000000.0
AAPL,1999-05,1999,5,400000000.0
AAPL,1999-06,1999,6,400000000.0
AAPL,1999-07,1999,7,400000000.0
AAPL,1999-08,1999,8,400000000.0
AAPL,1999-09,1999,9,400000000.0
AAPL,1999-10,1999,10,400000000.0
AAPL,1999-11,1999,11,400000000.0
AAPL,1999-12,1999,12,400000000.0
AAPL,2000-01,2000,1,400000000.0
AAPL,2000-02,2000,2,400000000.0
AAPL,2000-03,2000,3,400000000.0
AAPL,2000-04,2000,4,400000000.0
AAPL,2000-05,2000,5,400000000.0
AAPL,2000-06,2000,6,400000000.0
AAPL,2000-07,2000,7,400000000.0
AAPL,2000-08,2000,8,400000000.0
AAPL,2000-09,2000,9,400000000.0
AAPL,2000-10,2000,10,400000000.0
AAPL,2000-11,2000,11,400000000.0
AAPL,2000-12,2000,12,400000000.0
AAPL,2001-01,2001,1,400000000.0
AAPL,2001-02,2001,2,400000000.0
AAPL,2001-03,2001,3,400000000.0
AAPL,2001-04,2001,4,400000000.0
AAPL,2001-05,2001,5,400000000.0
AAPL,2001-06,2001,6,400000000.0
AAPL,2001-07,2001,7,400000000.0
AAPL,2001-08,2001,8,400000000.0
AAPL,2001-09,2001,9,400000000.0
AAPL,2001-10,2001,10,400000000.0
AAPL,2001-11,2001,11,400000000.0
AAPL,2001-12,2001,12,400000000.0
AAPL,2002-01,2002,1,400000000.0
AAPL,2002-02,2002,2,400000000.0
AAPL,2002-03,2002,3,400000000.0
AAPL,2002-04,2002,4,400000000.0
AAPL,2002-05,2002,5,400000000.0
AAPL,2002-06,2002,6,400000000.0
AAPL,2002-07,2002,7,400000000.0
AAPL,2002-08,2002,8,400000000.0
AAPL,2002-09,2002,9,400000000.0
AAPL,2002-10,2002,10,400000000.0
AAPL,2002-11,2002,11,400000000.0
AAPL,2002-12,2002,12,400000000.0
AAPL,2003-01,2003,1,400000000.0
AAPL,2003-02,2003,2,400000000.0
AAPL,2003-03,2003,3,400000000.0
AAPL,2003-04,2003,4,400000000.0
AAPL,2003-05,2003,5,400000000.0
AAPL,2003-06,2003,6,400000000.0
AAPL,2003-07,2003,7,400000000.0
AAPL,2003-08,2003,8,400000000.0
AAPL,2003-09,2003,9,400000000.0
AAPL,2003-10,2003,10,400000000.0
AAPL,2003-11,2003,11,400000000.0
AAPL,2003-12,2003,12,400000000.0
AAPL,2004-01,2004,1,400000000.0
AAPL,2004-02,2004,2,400000000.0
AAPL,2004-03,2004,3,400000000.0
AAPL,2004-04,2004,4,400000000.0
AAPL,2004-05,2004,5,400000000.0
AAPL,2004-06,2004,6,400000000.0
AAPL,2004-07,2004,7,400000000.0
AAPL,2004-08,2004,8,400000000.0
AAPL,2004-09,2004,9,400000000.0
AAPL,2004-10,2004,10,400000000.0
AAPL,2004-11,2004,11,400000000.0
AAPL,2004-12,2004,12,400000000.0
AAPL,2005-01,2005,1,400000000.0
AAPL,2005-02,2005,2,400000000.0
AAPL,2005-03,2005,3,400000000.0
AAPL,2005-04,2005,4,400000000.0
AAPL,2005-05,2005,5,400000000.0
AAPL,2005-06,2005,6,400000000.0
AAPL,2005-07,2005,7,400000000.0
AAPL,2005-08,2005,8,400000000.0
AAPL,2005-09,2005,9,400000000.0
AAPL,2005-10,2005,10,400000000.0
AAPL,2005-11,2005,11,400000000.0
AAPL,2005-12,2005,12,400000000.0
AAPL,2006-01,2006,1,400000000.0
AAPL,2006-02,2006,2,400000000.0
AAPL,2006-03,2006,3,400000000.0
AAPL,2006-04,2006,4,400000000.0
AAPL,2006-05,2006,5,400000000.0
AAPL,2006-06,2006,6,400000000.0
AAPL,2006-07,2006,7,400000000.0
AAPL,2006-08,2006,8,400000000.0
AAPL,2006-09,2006,9,400000000.0
AAPL,2006-10,2006,10,400000000.0
AAPL,2006-11,2006,11,400000000.0
AAPL,2006-12,2006,12,400000000.0
AAPL,2007-01,2007,1,400000000.0
AAPL,2007-02,2007,2,400000000.0
AAPL,2007-03,2007,3,400000000.0
AAPL,2007-04,2007,4,400000000.0
AAPL,2007-05,2007,5,400000000.0
AAPL,2007-06,2007,6,400000000.0
AAPL,2007-07,2007,7,400000000.0
AAPL,2007-08,2007,8,400000000.0
AAPL,2007-09,2007,9,400000000.0
AAPL,2007-10,2007,10,400000000.0
AAPL,2007-11,2007,11,400000000.0
AAPL,2007-12,2007,12,400000000.0
AAPL,2008-01,2008,1,400000000.0
AAPL,2008-02,2008,2,400000000.0
AAPL,2008-03,2008,3,400000000.0
AAPL,2008-04,2008,4,400000000.0
AAPL,2008-05,2008,5,400000000.0
AAPL,2008-06,2008,6,400000000.0
AAPL,2008-07,2008,7,400000000.0
AAPL,2008-08,2008,8,400000000.0
AAPL,2008-09,2008,9,400000000.0
AAPL,2008-10,2008,10,400000000.0
AAPL,2008-11,2008,11,400000000.0
AAPL,2008-12,2008,12,400000000.0
AAPL,2009-01,2009,1,400000000.0
AAPL,2009-02,2009,2,400000000.0
AAPL,2009-03,2009,3,400000000.0
AAPL,2009-04,2009,4,400000000.0
AAPL,2009-05,2009,5,400000000.0
AAPL,2009-06,2009,6,400000000.0
AAPL,2009-07,2009,7,400000000.0
AAPL,2009-08,2009,8,400000000.0
AAPL,2009-09,2009,9,400000000.0
AAPL,2009-10,2009,10,400000000.0
AAPL,2009-11,2009,11,400000000.0
AAPL,2009-12,2009,12,400000000.0
AAPL,2010-01,2010,1,400000000.0
AAPL,2010-02,2010,2,400000000.0
AAPL,2010-03,2010,3,400000000.0
AAPL,2010-04,2010,4,400000000.0
AAPL,2010-05,2010,5,400000000.0
AAPL,2010-06,2010,6,400000000.0
AAPL,2010-07,2010,7,400000000.0
AAPL,2010-08,2010,8,400000000.0
AAPL,2010-09,2010,9,400000000.0
AAPL,2010-10,2010,10,400000000.0
AAPL,2010-11,2010,11,400000000.0
AAPL,2010-12,2010,12,400000000.0
AAPL,2011-01,2011,1,400000000.0
AAPL,2011-02,2011,2,400000000.0
AAPL,2011-03,2011,3,400000000.0
AAPL,2011-04,2011,4,400000000.0
AAPL,2011-05,2011,5,400000000.0
AAPL,2011-06,2011,6,400000000.0
AAPL,2011-07,2011,7,400000000.0
AAPL,2011-08,2011,8,400000000.0
AAPL,2011-09,2011,9,400000000.0
AAPL,2011-10,2011,10,400000000.0
AAPL,2011-11,2011,11,400000000.0
AAPL,2011-12,2011,12,400000000.0
AAPL,2012-01,2012,1,400000000.0
AAPL,2012-02,2012,2,400000000.0
AAPL,2012-03,2012,3,400000000.0
AAPL,2012-04,2012,4,400000000.0
AAPL,2012-05,2012,5,400000000.0
AAPL,2012-06,2012,6,400000000.0
AAPL,2012-07,2012,7,400000000.0
AAPL,2012-08,2012,8,400000000.0
AAPL,2012-09,2012,9,400000000.0
AAPL,2012-10,2012,10,400000000.0
AAPL,2012-11,2012,11,400000000.0
AAPL,2012-12,2012,12,400000000.0
AAPL,2013-01,2013,1,400000000.0
AAPL,2013-02,2013,2,400000000.0
AAPL,2013-03,2013,3,400000000.0
AAPL,2013-04,2013,4,400000000.0
AAPL,2013-05,2013,5,400000000.0
AAPL,2013-06,2013,6,400000000.0
AAPL,2013-07,2013,7,400000000.0
AAPL,2013-08,2013,8,400000000.0
AAPL,2013-09,2013,9,400000000.0
AAPL,2013-10,2013,10,400000000.0
AAPL,2013-11,2013,11,400000000.0
AAPL,2013-12,2013,12,400000000.0
AAPL,2014-01,2014,1,400000000.0
AAPL,2014-02,2014,2,400000000.0
AAPL,2014-03,2014,3,400000000.0
AAPL,2014-04,2014,4,400000000.0
AAPL,2014-05,2014,5,400000000.0
AAPL,2014-06,2014,6,400000000.0
AAPL,2014-07,2014,7,400000000.0
AAPL,2014-08,2014,8,400000000.0
AAPL,2014-09,2014,9,400000000.0
AAPL,2014-10,2014,10,400000000.0
AAPL,2014-11,2014,11,400000000.0
AAPL,2014-12,2014,12,400000000.0
AAPL,2015-01,2015,1,400000000.0
AAPL,2015-02,2015,2,400000000.0
AAPL,2015-03,2015,3,400000000.0
AAPL,2015-04,2015,4,400000000.0
AAPL,2015-05,2015,5,400000000.0
AAPL,2015-06,2015,6,400000000.0
AAPL,2015-07,2015,7,400000000.0
AAPL,2015-08,2015,8,400000000.0
AAPL,2015-09,2015,9,400000000.0
AAPL,2015-10,2015,10,400000000.0
AAPL,2015-11,2015,11,400000000.0
AAPL,2015-12,2015,12,400000000.0
AAPL,2016-01,2016,1,400000000.0
AAPL,2016-02,2016,2,400000000.0
AAPL,2016-03,2016,3,400000000.0
AAPL,2016-04,2016,4,400000000.0
AAPL,2016-05,2016,5,400000000.0
AAPL,2016-06,2016,6,400000000.0
AAPL,2016-07,2016,7,400000000.0
AAPL,2016-08,2016,8,400000000.0
AAPL,2016-09,2016,9,400000000.0
AAPL,2016-10,2016,10,400000000.0
AAPL,2016-11,2016,11,400000000.0
AAPL,2016-12,2016,12,400000000.0
AAPL,2017-01,2017,1,400000000.0
AAPL,2017-02,2017,2,400000000.0
AAPL,2017-03,2017,3,400000000.0
AAPL,2017-04,2017,4,400000000.0
AAPL,2017-05,2017,5,400000000.0
AAPL,2017-06,2017,6,400000000.0
AAPL,2017-07,2017,7,400000000.0
AAPL,2017-08,2017,8,400000000.0
AAPL,2017-09,2017,9,400000000.0
AAPL,2017-10,2017,10,400000000.0
AAPL,2017-11,2017,11,400000000.0
AAPL,2017-12,2017,12,400000000.0
AAPL,2018-01,2018,1,400000000.0
AAPL,2018-02,2018,2,400000000.0
AAPL,2018-03,2018,3,400000000.0
AAPL,2018-04,2018,4,400000000.0
AAPL,2018-05,2018,5,400000000.0
AAPL,2018-06,2018,6,400000000.0
AAPL,2018-07,2018,7,400000000.0
AAPL,2018-08,2018,8,400000000.0
AAPL,2018-09,2018,9,400000000.0
AAPL,2018-10,2018,10,400000000.0
AAPL,2018-11,2018,11,400000000.0
AAPL,2018-12,2018,12,400000000.0
AAPL,2019-01,2019,1,400000000.0
AAPL,2019-02,2019,2,400000000.0
AAPL,2019-03,2019,3,400000000.0
AAPL,2019-04,2019,4,400000000.0
AAPL,2019-05,2019,5,400000000.0
AAPL,2019-06,2019,6,400000000.0
AAPL,2019-07,2019,7,400000000.0
AAPL,2019-08,2019,8,400000000.0
AAPL,2019-09,2019,9,400000000.0
AAPL,2019-10,2019,10,400000000.0
AAPL,2019-11,2019,11,400000000.0
AAPL,2019-12,2019,12,400000000.0
AAPL,2020-01,2020,1,400000000.0
AAPL,2020-02,2020,2,400000000.0
AAPL,2020-03,2020,3,400000000.0
AAPL,2020-04,2020,4,400000000.0
AAPL,2020-05,2020,5,400000000.0
AAPL,2020-06,2020,6,400000000.0
AAPL,2020-07,2020,7,400000000.0
AAPL,2020-08,2020,8,400000000.0
AAPL,2020-09,2020,9,400000000.0
AAPL,2020-10,2020,10,400000000.0
AAPL,2020-11,2020,11,400000000.0
AAPL,2020-12,2020,12,400000000.0
AAPL,2021-01,2021,1,400000000.0
AAPL,2021-02,2021,2,400000000.0
AAPL,2021-03,2021,3,400000000.0
AAPL,2021-04,2021,4,400000000.0
AAPL,2021-05,2021,5,400000000.0
AAPL,2021-06,2021,6,400000000.0
AAPL,2021-07,2021,7,400000000.0
AAPL,2021-08,2021,8,400000000.0
AAPL,2021-09,2021,9,400000000.0
AAPL,2021-10,2021,10,400000000.0
AAPL,2021-11,2021,11,400000000.0
AAPL,2021-12,2021,12,400000000.0
AAPL,2022-01,2022,1,400000000.0
AAPL,2022-02,2022,2,400000000.0
AAPL,2022-03,2022,3,400000000.0
AAPL,2022-04,2022,4,400000000.0
AAPL,2022-05,2022,5,400000000.0
AAPL,2022-06,2022,6,400000000.0
AAPL,2022-07,2022,7,400000000.0
AAPL,2022-08,2022,8,400000000.0
AAPL,2022-09,2022,9,400000000.0
AAPL,2022-10,2022,10,400000000.0
AAPL,2022-11,2022,11,400000000.0
AAPL,2022-12,2022,12,400000000.0
AAPL,2023-01,2023,1,400000000.0
AAPL,2023-02,2023,2,400000000.0
AAPL,2023-03,2023,3,400000000.0
AAPL,2023-04,2023,4,400000000.0
AAPL,2023-05,2023,5,400000000.0
AAPL,2023-06,2023,6,400000000.0
AAPL,2023-07,2023,7,400000000.0
AAPL,2023-08,2023,8,400000000.0
AAPL,2023-09,2023,9,400000000.0
AAPL,2023-10,2023,10,400000000.0
AAPL,2023-11,2023,11,400000000.0
AAPL,2023-12,2023,12,400000000.0
AAPL,2024-01,2024,1,400000000.0
AAPL,2024-02,2024,2,400000000.0
AAPL,2024-03,2024,3,400000000.0
AAPL,2024-04,2024,4,400000000.0
AAPL,2024-05,2024,5,400000000.0
AAPL,2024-06,2024,6,400000000.0
AAPL,2024-07,2024,7,400000000.0
AAPL,2024-08,2024,8,400000000.0
AAPL,2024-09,2024,9,400000000.0
AAPL,2024-10,2024,10,400000000.0
ABBV US,2013-04,2013,4,24800.0
ABBV US,2013-05,2013,5,24800.0
ABBV US,2013-06,2013,6,24800.0
ABBV US,2013-07,2013,7,24800.0
ABBV US,2013-08,2013,8,24800.0
ABBV US,2013-09,2013,9,24800.0
ABBV US,2013-10,2013,10,24800.0
ABBV US,2013-11,2013,11,24800.0
ABBV US,2013-12,2013,12,24800.0
ABBV US,2014-01,2014,1,24800.0
ABBV US,2014-02,2014,2,24800.0
ABBV US,2014-03,2014,3,24800.0
ABBV US,2014-04,2014,4,24800.0
ABBV US,2014-05,2014,5,24800.0
ABBV US,2014-06,2014,6,24800.0
ABBV US,2014-07,2014,7,24800.0
ABBV US,2014-08,2014,8,24800.0
ABBV US,2014-09,2014,9,24800.0
ABBV US,2014-10,2014,10,24800.0
ABBV US,2014-11,2014,11,24800.0
ABBV US,2014-12,2014,12,24800.0
ABBV US,2015-01,2015,1,24800.0
ABBV US,2015-02,2015,2,24800.0
ABBV US,2015-03,2015,3,24800.0
ABBV US,2015-04,2015,4,24800.0
ABBV US,2015-05,2015,5,24800.0
ABBV US,2015-06,2015,6,24800.0
ABBV US,2015-07,2015,7,24800.0
ABBV US,2015-08,2015,8,24800.0
ABBV US,2015-09,2015,9,24800.0
ABBV US,2015-10,2015,10,24800.0
ABBV US,2015-11,2015,11,24800.0
ABBV US,2015-12,2015,12,24800.0
ABBV US,2016-01,2016,1,24800.0
ABBV US,2016-02,2016,2,24800.0
ABBV US,2016-03,2016,3,24800.0
ABBV US,2016-04,2016,4,24800.0
ABBV US,2016-05,2016,5,24800.0
ABBV US,2016-06,2016,6,24800.0
ABBV US,2016-07,2016,7,24800.0
ABBV US,2016-08,2016,8,24800.0
ABBV US,2016-09,2016,9,24800.0
ABBV US,2016-10,2016,10,24800.0
ABBV US,2016-11,2016,11,24800.0
ABBV US,2016-12,2016,12,24800.0
ABBV US,2017-01,2017,1,24800.0
ABBV US,2017-02,2017,2,24800.0
ABBV US,2017-03,2017,3,24800.0
ABBV US,2017-04,2017,4,24800.0
ABBV US,2017-05,2017,5,24800.0
ABBV US,2017-06,2017,6,24800.0
ABBV US,2017-07,2017,7,24800.0
ABBV US,2017-08,2017,8,24800.0
ABBV US,2017-09,2017,9,24800.0
ABBV US,2017-10,2017,10,24800.0
ABBV US,2017-11,2017,11,24800.0
ABBV US,2017-12,2017,12,24800.0
ABBV US,2018-01,2018,1,24800.0
ABBV US,2018-02,2018,2,24800.0
ABBV US,2018-03,2018,3,24800.0
ABBV US,2018-04,2018,4,24800.0
ABBV US,2018-05,2018,5,24800.0
ABBV US,2018-06,2018,6,24800.0
ABBV US,2018-07,2018,7,24800.0
ABBV US,2018-08,2018,8,24800.0
ABBV US,2018-09,2018,9,24800.0
ABBV US,2018-10,2018,10,24800.0
ABBV US,2018-11,2018,11,24800.0
ABBV US,2018-12,2018,12,24800.0
ABBV US,2019-01,2019,1,24800.0
ABBV US,2019-02,2019,2,24800.0
ABBV US,2019-03,2019,3,24800.0
ABBV US,2019-04,2019,4,24800.0
ABBV US,2019-05,2019,5,24800.0
ABBV US,2019-06,2019,6,24800.0
ABBV US,2019-07,2019,7,24800.0
ABBV US,2019-08,2019,8,24800.0
ABBV US,2019-09,2019,9,24800.0
ABBV US,2019-10,2019,10,24800.0
ABBV US,2019-11,2019,11,24800.0
ABBV US,2019-12,2019,12,24800.0
ABBV US,2020-01,2020,1,24800.0
ABBV US,2020-02,2020,2,24800.0
ABBV US,2020-03,2020,3,24800.0
ABBV US,2020-04,2020,4,24800.0
ABBV US,2020-05,2020,5,24800.0
ABBV US,2020-06,2020,6,24800.0
ABBV US,2020-07,2020,7,24800.0
ABBV US,2020-08,2020,8,24800.0
ABBV US,2020-09,2020,9,24800.0
ABBV US,2020-10,2020,10,24800.0
ABBV US,2020-11,2020,11,24800.0
ABBV US,2020-12,2020,12,24800.0
ABBV US,2021-01,2021,1,24800.0
ABBV US,2021-02,2021,2,24800.0
ABBV US,2021-03,2021,3,24800.0
ABBV US,2021-04,2021,4,24800.0
ABBV US,2021-05,2021,5,24800.0
ABBV US,2021-06,2021,6,24800.0
ABBV US,2021-07,2021,7,24800.0
ABBV US,2021-08,2021,8,24800.0
ABBV US,2021-09,2021,9,24800.0
ABBV US,2021-10,2021,10,24800.0
ABBV US,2021-11,2021,11,24800.0
ABBV US,2021-12,2021,12,24800.0
ABBV US,2022-01,2022,1,24800.0
ABBV US,2022-02,2022,2,24800.0
ABBV US,2022-03,2022,3,24800.0
ABBV US,2022-04,2022,4,24800.0
ABBV US,2022-05,2022,5,24800.0
ABBV US,2022-06,2022,6,24800.0
ABBV US,2022-07,2022,7,24800.0
ABBV US,2022-08,2022,8,24800.0
ABBV US,2022-09,2022,9,24800.0
ABBV US,2022-10,2022,10,24800.0
ABBV US,2022-11,2022,11,24800.0
ABBV US,2022-12,2022,12,24800.0
ABBV US,2023-01,2023,1,24800.0
ABBV US,2023-02,2023,2,24800.0
ABBV US,2023-03,2023,3,24800.0
ABBV US,2023-04,2023,4,24800.0
ABBV US,2023-05,2023,5,24800.0
ABBV US,2023-06,2023,6,24800.0
ABBV US,2023-07,2023,7,24800.0
ABBV US,2023-08,2023,8,24800.0
ABBV US,2023-09,2023,9,24800.0
ABBV US,2023-10,2023,10,24800.0
ABBV US,2023-11,2023,11,24800.0
ABBV US,2023-12,2023,12,24800.0
ABBV US,2024-01,2024,1,24800.0
ABBV US,2024-02,2024,2,24800.0
ABBV US,2024-03,2024,3,24800.0
ABBV US,2024-04,2024,4,24800.0
ABBV US,2024-05,2024,5,24800.0
ABBV US,2024-06,2024,6,24800.0
ABBV US,2024-07,2024,7,24800.0
ABBV US,2024-08,2024,8,24800.0
ABBV US,2024-09,2024,9,24800.0
ABBV US,2024-10,2024,10,24800.0
ALLY US,2015-07,2015,7,96150.0
ALLY US,2015-08,2015,8,96150.0
ALLY US,2015-09,2015,9,96150.0
ALLY US,2015-10,2015,10,96150.0
ALLY US,2015-11,2015,11,96150.0
ALLY US,2015-12,2015,12,96150.0
ALLY US,2016-01,2016,1,96150.0
ALLY US,2016-02,2016,2,96150.0
ALLY US,2016-03,2016,3,96150.0
ALLY US,2016-04,2016,4,96150.0
ALLY US,2016-05,2016,5,96150.0
ALLY US,2016-06,2016,6,96150.0
ALLY US,2016-07,2016,7,96150.0
ALLY US,2016-08,2016,8,96150.0
ALLY US,2016-09,2016,9,96150.0
ALLY US,2016-10,2016,10,96150.0
ALLY US,2016-11,2016,11,96150.0
ALLY US,2016-12,2016,12,96150.0
ALLY US,2017-01,2017,1,96150.0
ALLY US,2017-02,2017,2,96150.0
ALLY US,2017-03,2017,3,96150.0
ALLY US,2017-04,2017,4,96150.0
ALLY US,2017-05,2017,5,96150.0
ALLY US,2017-06,2017,6,96150.0
ALLY US,2017-07,2017,7,96150.0
ALLY US,2017-08,2017,8,96150.0
ALLY US,2017-09,2017,9,96150.0
ALLY US,2017-10,2017,10,96150.0
ALLY US,2017-11,2017,11,96150.0
ALLY US,2017-12,2017,12,96150.0
ALLY US,2018-01,2018,1,96150.0
ALLY US,2018-02,2018,2,96150.0
ALLY US,2018-03,2018,3,96150.0
ALLY US,2018-04,2018,4,96150.0
ALLY US,2018-05,2018,5,96150.0
ALLY US,2018-06,2018,6,96150.0
ALLY US,2018-07,2018,7,96150.0
ALLY US,2018-08,2018,8,96150.0
ALLY US,2018-09,2018,9,96150.0
ALLY US,2018-10,2018,10,96150.0
ALLY US,2018-11,2018,11,96150.0
ALLY US,2018-12,2018,12,96150.0
ALLY US,2019-01,2019,1,96150.0
ALLY US,2019-02,2019,2,96150.0
ALLY US,2019-03,2019,3,96150.0
ALLY US,2019-04,2019,4,96150.0
ALLY US,2019-05,2019,5,96150.0
ALLY US,2019-06,2019,6,96150.0
ALLY US,2019-07,2019,7,96150.0
ALLY US,2019-08,2019,8,96150.0
ALLY US,2019-09,2019,9,96150.0
ALLY US,2019-10,2019,10,96150.0
ALLY US,2019-11,2019,11,96150.0
ALLY US,2019-12,2019,12,96150.0
ALLY US,2020-01,2020,1,96150.0
ALLY US,2020-02,2020,2,96150.0
ALLY US,2020-03,2020,3,96150.0
ALLY US,2020-04,2020,4,96150.0
ALLY US,2020-05,2020,5,96150.0
ALLY US,2020-06,2020,6,96150.0
ALLY US,2020-07,2020,7,96150.0
ALLY US,2020-08,2020,8,96150.0
ALLY US,2020-09,2020,9,96150.0
ALLY US,2020-10,2020,10,96150.0
ALLY US,2020-11,2020,11,96150.0
ALLY US,2020-12,2020,12,96150.0
ALLY US,2021-01,2021,1,96150.0
ALLY US,2021-02,2021,2,96150.0
ALLY US,2021-03,2021,3,96150.0
ALLY US,2021-04,2021,4,96150.0
ALLY US,2021-05,2021,5,96150.0
ALLY US,2021-06,2021,6,96150.0
ALLY US,2021-07,2021,7,96150.0
ALLY US,2021-08,2021,8,96150.0
ALLY US,2021-09,2021,9,96150.0
ALLY US,2021-10,2021,10,96150.0
ALLY US,2021-11,2021,11,96150.0
ALLY US,2021-12,2021,12,96150.0
ALLY US,2022-01,2022,1,96150.0
ALLY US,2022-02,2022,2,96150.0
ALLY US,2022-03,2022,3,96150.0
ALLY US,2022-04,2022,4,7600000.0
ALLY US,2022-05,2022,5,7600000.0
ALLY US,2022-06,2022,6,7600000.0
ALLY US,2022-07,2022,7,30190000.0
ALLY US,2022-08,2022,8,30190000.0
ALLY US,2022-09,2022,9,30190000.0
ALLY US,2022-10,2022,10,30190000.0
ALLY US,2022-11,2022,11,30190000.0
ALLY US,2022-12,2022,12,30190000.0
ALLY US,2023-01,2023,1,30190000.0
ALLY US,2023-02,2023,2,30190000.0
ALLY US,2023-03,2023,3,30190000.0
ALLY US,2023-04,2023,4,28560000.0
ALLY US,2023-05,2023,5,28560000.0
ALLY US,2023-06,2023,6,28560000.0
ALLY US,2023-07,2023,7,28560000.0
ALLY US,2023-08,2023,8,28560000.0
ALLY US,2023-09,2023,9,28560000.0
ALLY US,2023-10,2023,10,28560000.0
ALLY US,2023-11,2023,11,28560000.0
ALLY US,2023-12,2023,12,28560000.0
ALLY US,2024-01,2024,1,28460000.0
ALLY US,2024-02,2024,2,28460000.0
ALLY US,2024-03,2024,3,28460000.0
ALLY US,2024-04,2024,4,28560000.0
ALLY US,2024-05,2024,5,28560000.0
ALLY US,2024-06,2024,6,28560000.0
ALLY US,2024-07,2024,7,28560000.0
ALLY US,2024-08,2024,8,28560000.0
ALLY US,2024-09,2024,9,28560000.0
ALLY US,2024-10,2024,10,28560000.0
AMGN US,1998-04,1998,4,18640.0
AMGN US,1998-05,1998,5,18640.0
AMGN US,1998-06,1998,6,18640.0
AMGN US,1998-07,1998,7,18640.0
AMGN US,1998-08,1998,8,18640.0
AMGN US,1998-09,1998,9,18640.0
AMGN US,1998-10,1998,10,18640.0
AMGN US,1998-11,1998,11,18640.0
AMGN US,1998-12,1998,12,18640.0
AMGN US,1999-01,1999,1,18640.0
AMGN US,1999-02,1999,2,18640.0
AMGN US,1999-03,1999,3,18640.0
AMGN US,1999-04,1999,4,18640.0
AMGN US,1999-05,1999,5,18640.0
AMGN US,1999-06,1999,6,18640.0
AMGN US,1999-07,1999,7,18640.0
AMGN US,1999-08,1999,8,18640.0
AMGN US,1999-09,1999,9,18640.0
AMGN US,1999-10,1999,10,18640.0
AMGN US,1999-11,1999,11,18640.0
AMGN US,1999-12,1999,12,18640.0
AMGN US,2000-01,2000,1,18640.0
AMGN US,2000-02,2000,2,18640.0
AMGN US,2000-03,2000,3,18640.0
AMGN US,2000-04,2000,4,18640.0
AMGN US,2000-05,2000,5,18640.0
AMGN US,2000-06,2000,6,18640.0
AMGN US,2000-07,2000,7,18640.0
AMGN US,2000-08,2000,8,18640.0
AMGN US,2000-09,2000,9,18640.0
AMGN US,2000-10,2000,10,18640.0
AMGN US,2000-11,2000,11,18640.0
AMGN US,2000-12,2000,12,18640.0
AMGN US,2001-01,2001,1,18640.0
AMGN US,2001-02,2001,2,18640.0
AMGN US,2001-03,2001,3,18640.0
AMGN US,2001-04,2001,4,18640.0
AMGN US,2001-05,2001,5,18640.0
AMGN US,2001-06,2001,6,18640.0
AMGN US,2001-07,2001,7,18640.0
AMGN US,2001-08,2001,8,18640.0
AMGN US,2001-09,2001,9,18640.0
AMGN US,2001-10,2001,10,18640.0
AMGN US,2001-11,2001,11,18640.0
AMGN US,2001-12,2001,12,18640.0
AMGN US,2002-01,2002,1,18640.0
AMGN US,2002-02,2002,2,18640.0
AMGN US,2002-03,2002,3,18640.0
AMGN US,2002-04,2002,4,18640.0
AMGN US,2002-05,2002,5,18640.0
AMGN US,2002-06,2002,6,18640.0
AMGN US,2002-07,2002,7,18640.0
AMGN US,2002-08,2002,8,18640.0
AMGN US,2002-09,2002,9,18640.0
AMGN US,2002-10,2002,10,18640.0
AMGN US,2002-11,2002,11,18640.0
AMGN US,2002-12,2002,12,18640.0
AMGN US,2003-01,2003,1,18640.0
AMGN US,2003-02,2003,2,18640.0
AMGN US,2003-03,2003,3,18640.0
AMGN US,2003-04,2003,4,18640.0
AMGN US,2003-05,2003,5,18640.0
AMGN US,2003-06,2003,6,18640.0
AMGN US,2003-07,2003,7,18640.0
AMGN US,2003-08,2003,8,18640.0
AMGN US,2003-09,2003,9,18640.0
AMGN US,2003-10,2003,10,18640.0
AMGN US,2003-11,2003,11,18640.0
AMGN US,2003-12,2003,12,18640.0
AMGN US,2004-01,2004,1,18640.0
AMGN US,2004-02,2004,2,18640.0
AMGN US,2004-03,2004,3,18640.0
AMGN US,2004-04,2004,4,18640.0
AMGN US,2004-05,2004,5,18640.0
AMGN US,2004-06,2004,6,18640.0
AMGN US,2004-07,2004,7,18640.0
AMGN US,2004-08,2004,8,18640.0
AMGN US,2004-09,2004,9,18640.0
AMGN US,2004-10,2004,10,18640.0
AMGN US,2004-11,2004,11,18640.0
AMGN US,2004-12,2004,12,18640.0
AMGN US,2005-01,2005,1,18640.0
AMGN US,2005-02,2005,2,18640.0
AMGN US,2005-03,2005,3,18640.0
AMGN US,2005-04,2005,4,18640.0
AMGN US,2005-05,2005,5,18640.0
AMGN US,2005-06,2005,6,18640.0
AMGN US,2005-07,2005,7,18640.0
AMGN US,2005-08,2005,8,18640.0
AMGN US,2005-09,2005,9,18640.0
AMGN US,2005-10,2005,10,18640.0
AMGN US,2005-11,2005,11,18640.0
AMGN US,2005-12,2005,12,18640.0
AMGN US,2006-01,2006,1,18640.0
AMGN US,2006-02,2006,2,18640.0
AMGN US,2006-03,2006,3,18640.0
AMGN US,2006-04,2006,4,18640.0
AMGN US,2006-05,2006,5,18640.0
AMGN US,2006-06,2006,6,18640.0
AMGN US,2006-07,2006,7,18640.0
AMGN US,2006-08,2006,8,18640.0
AMGN US,2006-09,2006,9,18640.0
AMGN US,2006-10,2006,10,18640.0
AMGN US,2006-11,2006,11,18640.0
AMGN US,2006-12,2006,12,18640.0
AMGN US,2007-01,2007,1,18640.0
AMGN US,2007-02,2007,2,18640.0
AMGN US,2007-03,2007,3,18640.0
AMGN US,2007-04,2007,4,18640.0
AMGN US,2007-05,2007,5,18640.0
AMGN US,2007-06,2007,6,18640.0
AMGN US,2007-07,2007,7,18640.0
AMGN US,2007-08,2007,8,18640.0
AMGN US,2007-09,2007,9,18640.0
AMGN US,2007-10,2007,10,18640.0
AMGN US,2007-11,2007,11,18640.0
AMGN US,2007-12,2007,12,18640.0
AMGN US,2008-01,2008,1,18640.0
AMGN US,2008-02,2008,2,18640.0
AMGN US,2008-03,2008,3,18640.0
AMGN US,2008-04,2008,4,18640.0
AMGN US,2008-05,2008,5,18640.0
AMGN US,2008-06,2008,6,18640.0
AMGN US,2008-07,2008,7,18640.0
AMGN US,2008-08,2008,8,18640.0
AMGN US,2008-09,2008,9,18640.0
AMGN US,2008-10,2008,10,18640.0
AMGN US,2008-11,2008,11,18640.0
AMGN US,2008-12,2008,12,18640.0
AMGN US,2009-01,2009,1,18640.0
AMGN US,2009-02,2009,2,18640.0
AMGN US,2009-03,2009,3,18640.0
AMGN US,2009-04,2009,4,18640.0
AMGN US,2009-05,2009,5,18640.0
AMGN US,2009-06,2009,6,18640.0
AMGN US,2009-07,2009,7,18640.0
AMGN US,2009-08,2009,8,18640.0
AMGN US,2009-09,2009,9,18640.0
AMGN US,2009-10,2009,10,18640.0
AMGN US,2009-11,2009,11,18640.0
AMGN US,2009-12,2009,12,18640.0
AMGN US,2010-01,2010,1,18640.0
AMGN US,2010-02,2010,2,18640.0
AMGN US,2010-03,2010,3,18640.0
AMGN US,2010-04,2010,4,18640.0
AMGN US,2010-05,2010,5,18640.0
AMGN US,2010-06,2010,6,18640.0
AMGN US,2010-07,2010,7,18640.0
AMGN US,2010-08,2010,8,18640.0
AMGN US,2010-09,2010,9,18640.0
AMGN US,2010-10,2010,10,18640.0
AMGN US,2010-11,2010,11,18640.0
AMGN US,2010-12,2010,12,18640.0
AMGN US,2011-01,2011,1,18640.0
AMGN US,2011-02,2011,2,18640.0
AMGN US,2011-03,2011,3,18640.0
AMGN US,2011-04,2011,4,18640.0
AMGN US,2011-05,2011,5,18640.0
AMGN US,2011-06,2011,6,18640.0
AMGN US,2011-07,2011,7,18640.0
AMGN US,2011-08,2011,8,18640.0
AMGN US,2011-09,2011,9,18640.0
AMGN US,2011-10,2011,10,18640.0
AMGN US,2011-11,2011,11,18640.0
AMGN US,2011-12,2011,12,18640.0
AMGN US,2012-01,2012,1,18640.0
AMGN US,2012-02,2012,2,18640.0
AMGN US,2012-03,2012,3,18640.0
AMGN US,2012-04,2012,4,18640.0
AMGN US,2012-05,2012,5,18640.0
AMGN US,2012-06,2012,6,18640.0
AMGN US,2012-07,2012,7,18640.0
AMGN US,2012-08,2012,8,18640.0
AMGN US,2012-09,2012,9,18640.0
AMGN US,2012-10,2012,10,18640.0
AMGN US,2012-11,2012,11,18640.0
AMGN US,2012-12,2012,12,18640.0
AMGN US,2013-01,2013,1,18640.0
AMGN US,2013-02,2013,2,18640.0
AMGN US,2013-03,2013,3,18640.0
AMGN US,2013-04,2013,4,18640.0
AMGN US,2013-05,2013,5,18640.0
AMGN US,2013-06,2013,6,18640.0
AMGN US,2013-07,2013,7,18640.0
AMGN US,2013-08,2013,8,18640.0
AMGN US,2013-09,2013,9,18640.0
AMGN US,2013-10,2013,10,18640.0
AMGN US,2013-11,2013,11,18640.0
AMGN US,2013-12,2013,12,18640.0
AMGN US,2014-01,2014,1,18640.0
AMGN US,2014-02,2014,2,18640.0
AMGN US,2014-03,2014,3,18640.0
AMGN US,2014-04,2014,4,18640.0
AMGN US,2014-05,2014,5,18640.0
AMGN US,2014-06,2014,6,18640.0
AMGN US,2014-07,2014,7,18640.0
AMGN US,2014-08,2014,8,18640.0
AMGN US,2014-09,2014,9,18640.0
AMGN US,2014-10,2014,10,18640.0
AMGN US,2014-11,2014,11,18640.0
AMGN US,2014-12,2014,12,18640.0
AMGN US,2015-01,2015,1,18640.0
AMGN US,2015-02,2015,2,18640.0
AMGN US,2015-03,2015,3,18640.0
AMGN US,2015-04,2015,4,18640.0
AMGN US,2015-05,2015,5,18640.0
AMGN US,2015-06,2015,6,18640.0
AMGN US,2015-07,2015,7,18640.0
AMGN US,2015-08,2015,8,18640.0
AMGN US,2015-09,2015,9,18640.0
AMGN US,2015-10,2015,10,18640.0
AMGN US,2015-11,2015,11,18640.0
AMGN US,2015-12,2015,12,18640.0
AMGN US,2016-01,2016,1,18640.0
AMGN US,2016-02,2016,2,18640.0
AMGN US,2016-03,2016,3,18640.0
AMGN US,2016-04,2016,4,18640.0
AMGN US,2016-05,2016,5,18640.0
AMGN US,2016-06,2016,6,18640.0
AMGN US,2016-07,2016,7,18640.0
AMGN US,2016-08,2016,8,18640.0
AMGN US,2016-09,2016,9,18640.0
AMGN US,2016-10,2016,10,18640.0
AMGN US,2016-11,2016,11,18640.0
AMGN US,2016-12,2016,12,18640.0
AMGN US,2017-01,2017,1,18640.0
AMGN US,2017-02,2017,2,18640.0
AMGN US,2017-03,2017,3,18640.0
AMGN US,2017-04,2017,4,18640.0
AMGN US,2017-05,2017,5,18640.0
AMGN US,2017-06,2017,6,18640.0
AMGN US,2017-07,2017,7,18640.0
AMGN US,2017-08,2017,8,18640.0
AMGN US,2017-09,2017,9,18640.0
AMGN US,2017-10,2017,10,18640.0
AMGN US,2017-11,2017,11,18640.0
AMGN US,2017-12,2017,12,18640.0
AMGN US,2018-01,2018,1,18640.0
AMGN US,2018-02,2018,2,18640.0
AMGN US,2018-03,2018,3,18640.0
AMGN US,2018-04,2018,4,18640.0
AMGN US,2018-05,2018,5,18640.0
AMGN US,2018-06,2018,6,18640.0
AMGN US,2018-07,2018,7,18640.0
AMGN US,2018-08,2018,8,18640.0
AMGN US,2018-09,2018,9,18640.0
AMGN US,2018-10,2018,10,18640.0
AMGN US,2018-11,2018,11,18640.0
AMGN US,2018-12,2018,12,18640.0
AMGN US,2019-01,2019,1,18640.0
AMGN US,2019-02,2019,2,18640.0
AMGN US,2019-03,2019,3,18640.0
AMGN US,2019-04,2019,4,18640.0
AMGN US,2019-05,2019,5,18640.0
AMGN US,2019-06,2019,6,18640.0
AMGN US,2019-07,2019,7,18640.0
AMGN US,2019-08,2019,8,18640.0
AMGN US,2019-09,2019,9,18640.0
AMGN US,2019-10,2019,10,18640.0
AMGN US,2019-11,2019,11,18640.0
AMGN US,2019-12,2019,12,18640.0
AMGN US,2020-01,2020,1,18640.0
AMGN US,2020-02,2020,2,18640.0
AMGN US,2020-03,2020,3,18640.0
AMGN US,2020-04,2020,4,18640.0
AMGN US,2020-05,2020,5,18640.0
AMGN US,2020-06,2020,6,18640.0
AMGN US,2020-07,2020,7,18640.0
AMGN US,2020-08,2020,8,18640.0
AMGN US,2020-09,2020,9,18640.0
AMGN US,2020-10,2020,10,18640.0
AMGN US,2020-11,2020,11,18640.0
AMGN US,2020-12,2020,12,18640.0
AMGN US,2021-01,2021,1,18640.0
AMGN US,2021-02,2021,2,18640.0
AMGN US,2021-03,2021,3,18640.0
AMGN US,2021-04,2021,4,18640.0
AMGN US,2021-05,2021,5,18640.0
AMGN US,2021-06,2021,6,18640.0
AMGN US,2021-07,2021,7,18640.0
AMGN US,2021-08,2021,8,18640.0
AMGN US,2021-09,2021,9,18640.0
AMGN US,2021-10,2021,10,18640.0
AMGN US,2021-11,2021,11,18640.0
AMGN US,2021-12,2021,12,18640.0
AMGN US,2022-01,2022,1,18640.0
AMGN US,2022-02,2022,2,18640.0
AMGN US,2022-03,2022,3,18640.0
AMGN US,2022-04,2022,4,18640.0
AMGN US,2022-05,2022,5,18640.0
AMGN US,2022-06,2022,6,18640.0
AMGN US,2022-07,2022,7,18640.0
AMGN US,2022-08,2022,8,18640.0
AMGN US,2022-09,2022,9,18640.0
AMGN US,2022-10,2022,10,18640.0
AMGN US,2022-11,2022,11,18640.0
AMGN US,2022-12,2022,12,18640.0
AMGN US,2023-01,2023,1,18640.0
AMGN US,2023-02,2023,2,18640.0
AMGN US,2023-03,2023,3,18640.0
AMGN US,2023-04,2023,4,18640.0
AMGN US,2023-05,2023,5,18640.0
AMGN US,2023-06,2023,6,18640.0
AMGN US,2023-07,2023,7,18640.0
AMGN US,2023-08,2023,8,18640.0
AMGN US,2023-09,2023,9,18640.0
AMGN US,2023-10,2023,10,18640.0
AMGN US,2023-11,2023,11,18640.0
AMGN US,2023-12,2023,12,18640.0
AMGN US,2024-01,2024,1,18640.0
AMGN US,2024-02,2024,2,18640.0
AMGN US,2024-03,2024,3,18640.0
AMGN US,2024-04,2024,4,18640.0
AMGN US,2024-05,2024,5,18640.0
AMGN US,2024-06,2024,6,18640.0
AMGN US,2024-07,2024,7,18640.0
AMGN US,2024-08,2024,8,18640.0
AMGN US,2024-09,2024,9,18640.0
AMGN US,2024-10,2024,10,18640.0
AMZN US,1999-07,1999,7,10000000.0
AMZN US,1999-08,1999,8,10000000.0
AMZN US,1999-09,1999,9,10000000.0
AMZN US,1999-10,1999,10,10000000.0
AMZN US,1999-11,1999,11,10000000.0
AMZN US,1999-12,1999,12,10000000.0
AMZN US,2000-01,2000,1,10000000.0
AMZN US,2000-02,2000,2,10000000.0
AMZN US,2000-03,2000,3,10000000.0
AMZN US,2000-04,2000,4,10000000.0
AMZN US,2000-05,2000,5,10000000.0
AMZN US,2000-06,2000,6,10000000.0
AMZN US,2000-07,2000,7,10000000.0
AMZN US,2000-08,2000,8,10000000.0
AMZN US,2000-09,2000,9,10000000.0
AMZN US,2000-10,2000,10,10000000.0
AMZN US,2000-11,2000,11,10000000.0
AMZN US,2000-12,2000,12,10000000.0
AMZN US,2001-01,2001,1,10000000.0
AMZN US,2001-02,2001,2,10000000.0
AMZN US,2001-03,2001,3,10000000.0
AMZN US,2001-04,2001,4,10000000.0
AMZN US,2001-05,2001,5,10000000.0
AMZN US,2001-06,2001,6,10000000.0
AMZN US,2001-07,2001,7,10000000.0
AMZN US,2001-08,2001,8,10000000.0
AMZN US,2001-09,2001,9,10000000.0
AMZN US,2001-10,2001,10,10000000.0
AMZN US,2001-11,2001,11,10000000.0
AMZN US,2001-12,2001,12,10000000.0
AMZN US,2002-01,2002,1,10000000.0
AMZN US,2002-02,2002,2,10000000.0
AMZN US,2002-03,2002,3,10000000.0
AMZN US,2002-04,2002,4,10000000.0
AMZN US,2002-05,2002,5,10000000.0
AMZN US,2002-06,2002,6,10000000.0
AMZN US,2002-07,2002,7,10000000.0
AMZN US,2002-08,2002,8,10000000.0
AMZN US,2002-09,2002,9,10000000.0
AMZN US,2002-10,2002,10,10000000.0
AMZN US,2002-11,2002,11,10000000.0
AMZN US,2002-12,2002,12,10000000.0
AMZN US,2003-01,2003,1,10000000.0
AMZN US,2003-02,2003,2,10000000.0
AMZN US,2003-03,2003,3,10000000.0
AMZN US,2003-04,2003,4,10000000.0
AMZN US,2003-05,2003,5,10000000.0
AMZN US,2003-06,2003,6,10000000.0
AMZN US,2003-07,2003,7,10000000.0
AMZN US,2003-08,2003,8,10000000.0
AMZN US,2003-09,2003,9,10000000.0
AMZN US,2003-10,2003,10,10000000.0
AMZN US,2003-11,2003,11,10000000.0
AMZN US,2003-12,2003,12,10000000.0
AMZN US,2004-01,2004,1,10000000.0
AMZN US,2004-02,2004,2,10000000.0
AMZN US,2004-03,2004,3,10000000.0
AMZN US,2004-04,2004,4,10000000.0
AMZN US,2004-05,2004,5,10000000.0
AMZN US,2004-06,2004,6,10000000.0
AMZN US,2004-07,2004,7,10000000.0
AMZN US,2004-08,2004,8,10000000.0
AMZN US,2004-09,2004,9,10000000.0
AMZN US,2004-10,2004,10,10000000.0
AMZN US,2004-11,2004,11,10000000.0
AMZN US,2004-12,2004,12,10000000.0
AMZN US,2005-01,2005,1,10000000.0
AMZN US,2005-02,2005,2,10000000.0
AMZN US,2005-03,2005,3,10000000.0
AMZN US,2005-04,2005,4,10000000.0
AMZN US,2005-05,2005,5,10000000.0
AMZN US,2005-06,2005,6,10000000.0
AMZN US,2005-07,2005,7,10000000.0
AMZN US,2005-08,2005,8,10000000.0
AMZN US,2005-09,2005,9,10000000.0
AMZN US,2005-10,2005,10,10000000.0
AMZN US,2005-11,2005,11,10000000.0
AMZN US,2005-12,2005,12,10000000.0
AMZN US,2006-01,2006,1,10000000.0
AMZN US,2006-02,2006,2,10000000.0
AMZN US,2006-03,2006,3,10000000.0
AMZN US,2006-04,2006,4,10000000.0
AMZN US,2006-05,2006,5,10000000.0
AMZN US,2006-06,2006,6,10000000.0
AMZN US,2006-07,2006,7,10000000.0
AMZN US,2006-08,2006,8,10000000.0
AMZN US,2006-09,2006,9,10000000.0
AMZN US,2006-10,2006,10,10000000.0
AMZN US,2006-11,2006,11,10000000.0
AMZN US,2006-12,2006,12,10000000.0
AMZN US,2007-01,2007,1,10000000.0
AMZN US,2007-02,2007,2,10000000.0
AMZN US,2007-03,2007,3,10000000.0
AMZN US,2007-04,2007,4,10000000.0
AMZN US,2007-05,2007,5,10000000.0
AMZN US,2007-06,2007,6,10000000.0
AMZN US,2007-07,2007,7,10000000.0
AMZN US,2007-08,2007,8,10000000.0
AMZN US,2007-09,2007,9,10000000.0
AMZN US,2007-10,2007,10,10000000.0
AMZN US,2007-11,2007,11,10000000.0
AMZN US,2007-12,2007,12,10000000.0
AMZN US,2008-01,2008,1,10000000.0
AMZN US,2008-02,2008,2,10000000.0
AMZN US,2008-03,2008,3,10000000.0
AMZN US,2008-04,2008,4,10000000.0
AMZN US,2008-05,2008,5,10000000.0
AMZN US,2008-06,2008,6,10000000.0
AMZN US,2008-07,2008,7,10000000.0
AMZN US,2008-08,2008,8,10000000.0
AMZN US,2008-09,2008,9,10000000.0
AMZN US,2008-10,2008,10,10000000.0
AMZN US,2008-11,2008,11,10000000.0
AMZN US,2008-12,2008,12,10000000.0
AMZN US,2009-01,2009,1,10000000.0
AMZN US,2009-02,2009,2,10000000.0
AMZN US,2009-03,2009,3,10000000.0
AMZN US,2009-04,2009,4,10000000.0
AMZN US,2009-05,2009,5,10000000.0
AMZN US,2009-06,2009,6,10000000.0
AMZN US,2009-07,2009,7,10000000.0
AMZN US,2009-08,2009,8,10000000.0
AMZN US,2009-09,2009,9,10000000.0
AMZN US,2009-10,2009,10,10000000.0
AMZN US,2009-11,2009,11,10000000.0
AMZN US,2009-12,2009,12,10000000.0
AMZN US,2010-01,2010,1,10000000.0
AMZN US,2010-02,2010,2,10000000.0
AMZN US,2010-03,2010,3,10000000.0
AMZN US,2010-04,2010,4,10000000.0
AMZN US,2010-05,2010,5,10000000.0
AMZN US,2010-06,2010,6,10000000.0
AMZN US,2010-07,2010,7,10000000.0
AMZN US,2010-08,2010,8,10000000.0
AMZN US,2010-09,2010,9,10000000.0
AMZN US,2010-10,2010,10,10000000.0
AMZN US,2010-11,2010,11,10000000.0
AMZN US,2010-12,2010,12,10000000.0
AMZN US,2011-01,2011,1,10000000.0
AMZN US,2011-02,2011,2,10000000.0
AMZN US,2011-03,2011,3,10000000.0
AMZN US,2011-04,2011,4,10000000.0
AMZN US,2011-05,2011,5,10000000.0
AMZN US,2011-06,2011,6,10000000.0
AMZN US,2011-07,2011,7,10000000.0
AMZN US,2011-08,2011,8,10000000.0
AMZN US,2011-09,2011,9,10000000.0
AMZN US,2011-10,2011,10,10000000.0
AMZN US,2011-11,2011,11,10000000.0
AMZN US,2011-12,2011,12,10000000.0
AMZN US,2012-01,2012,1,10000000.0
AMZN US,2012-02,2012,2,10000000.0
AMZN US,2012-03,2012,3,10000000.0
AMZN US,2012-04,2012,4,10000000.0
AMZN US,2012-05,2012,5,10000000.0
AMZN US,2012-06,2012,6,10000000.0
AMZN US,2012-07,2012,7,10000000.0
AMZN US,2012-08,2012,8,10000000.0
AMZN US,2012-09,2012,9,10000000.0
AMZN US,2012-10,2012,10,10000000.0
AMZN US,2012-11,2012,11,10000000.0
AMZN US,2012-12,2012,12,10000000.0
AMZN US,2013-01,2013,1,10000000.0
AMZN US,2013-02,2013,2,10000000.0
AMZN US,2013-03,2013,3,10000000.0
AMZN US,2013-04,2013,4,10000000.0
AMZN US,2013-05,2013,5,10000000.0
AMZN US,2013-06,2013,6,10000000.0
AMZN US,2013-07,2013,7,10000000.0
AMZN US,2013-08,2013,8,10000000.0
AMZN US,2013-09,2013,9,10000000.0
AMZN US,2013-10,2013,10,10000000.0
AMZN US,2013-11,2013,11,10000000.0
AMZN US,2013-12,2013,12,10000000.0
AMZN US,2014-01,2014,1,10000000.0
AMZN US,2014-02,2014,2,10000000.0
AMZN US,2014-03,2014,3,10000000.0
AMZN US,2014-04,2014,4,10000000.0
AMZN US,2014-05,2014,5,10000000.0
AMZN US,2014-06,2014,6,10000000.0
AMZN US,2014-07,2014,7,10000000.0
AMZN US,2014-08,2014,8,10000000.0
AMZN US,2014-09,2014,9,10000000.0
AMZN US,2014-10,2014,10,10000000.0
AMZN US,2014-11,2014,11,10000000.0
AMZN US,2014-12,2014,12,10000000.0
AMZN US,2015-01,2015,1,10000000.0
AMZN US,2015-02,2015,2,10000000.0
AMZN US,2015-03,2015,3,10000000.0
AMZN US,2015-04,2015,4,10000000.0
AMZN US,2015-05,2015,5,10000000.0
AMZN US,2015-06,2015,6,10000000.0
AMZN US,2015-07,2015,7,10000000.0
AMZN US,2015-08,2015,8,10000000.0
AMZN US,2015-09,2015,9,10000000.0
AMZN US,2015-10,2015,10,10000000.0
AMZN US,2015-11,2015,11,10000000.0
AMZN US,2015-12,2015,12,10000000.0
AMZN US,2016-01,2016,1,10000000.0
AMZN US,2016-02,2016,2,10000000.0
AMZN US,2016-03,2016,3,10000000.0
AMZN US,2016-04,2016,4,10000000.0
AMZN US,2016-05,2016,5,10000000.0
AMZN US,2016-06,2016,6,10000000.0
AMZN US,2016-07,2016,7,10000000.0
AMZN US,2016-08,2016,8,10000000.0
AMZN US,2016-09,2016,9,10000000.0
AMZN US,2016-10,2016,10,10000000.0
AMZN US,2016-11,2016,11,10000000.0
AMZN US,2016-12,2016,12,10000000.0
AMZN US,2017-01,2017,1,10000000.0
AMZN US,2017-02,2017,2,10000000.0
AMZN US,2017-03,2017,3,10000000.0
AMZN US,2017-04,2017,4,10000000.0
AMZN US,2017-05,2017,5,10000000.0
AMZN US,2017-06,2017,6,10000000.0
AMZN US,2017-07,2017,7,10000000.0
AMZN US,2017-08,2017,8,10000000.0
AMZN US,2017-09,2017,9,10000000.0
AMZN US,2017-10,2017,10,10000000.0
AMZN US,2017-11,2017,11,10000000.0
AMZN US,2017-12,2017,12,10000000.0
AMZN US,2018-01,2018,1,10000000.0
AMZN US,2018-02,2018,2,10000000.0
AMZN US,2018-03,2018,3,10000000.0
AMZN US,2018-04,2018,4,10000000.0
AMZN US,2018-05,2018,5,10000000.0
AMZN US,2018-06,2018,6,10000000.0
AMZN US,2018-07,2018,7,10000000.0
AMZN US,2018-08,2018,8,10000000.0
AMZN US,2018-09,2018,9,10000000.0
AMZN US,2018-10,2018,10,10000000.0
AMZN US,2018-11,2018,11,10000000.0
AMZN US,2018-12,2018,12,10000000.0
AMZN US,2019-01,2019,1,10000000.0
AMZN US,2019-02,2019,2,10000000.0
AMZN US,2019-03,2019,3,10000000.0
AMZN US,2019-04,2019,4,10000000.0
AMZN US,2019-05,2019,5,10000000.0
AMZN US,2019-06,2019,6,10000000.0
AMZN US,2019-07,2019,7,10000000.0
AMZN US,2019-08,2019,8,10000000.0
AMZN US,2019-09,2019,9,10000000.0
AMZN US,2019-10,2019,10,10000000.0
AMZN US,2019-11,2019,11,10000000.0
AMZN US,2019-12,2019,12,10000000.0
AMZN US,2020-01,2020,1,10000000.0
AMZN US,2020-02,2020,2,10000000.0
AMZN US,2020-03,2020,3,10000000.0
AMZN US,2020-04,2020,4,10000000.0
AMZN US,2020-05,2020,5,10000000.0
AMZN US,2020-06,2020,6,10000000.0
AMZN US,2020-07,2020,7,10000000.0
AMZN US,2020-08,2020,8,10000000.0
AMZN US,2020-09,2020,9,10000000.0
AMZN US,2020-10,2020,10,10000000.0
AMZN US,2020-11,2020,11,10000000.0
AMZN US,2020-12,2020,12,10000000.0
AMZN US,2021-01,2021,1,10000000.0
AMZN US,2021-02,2021,2,10000000.0
AMZN US,2021-03,2021,3,10000000.0
AMZN US,2021-04,2021,4,10000000.0
AMZN US,2021-05,2021,5,10000000.0
AMZN US,2021-06,2021,6,10000000.0
AMZN US,2021-07,2021,7,10000000.0
AMZN US,2021-08,2021,8,10000000.0
AMZN US,2021-09,2021,9,10000000.0
AMZN US,2021-10,2021,10,10000000.0
AMZN US,2021-11,2021,11,10000000.0
AMZN US,2021-12,2021,12,10000000.0
AMZN US,2022-01,2022,1,10000000.0
AMZN US,2022-02,2022,2,10000000.0
AMZN US,2022-03,2022,3,10000000.0
AMZN US,2022-04,2022,4,10000000.0
AMZN US,2022-05,2022,5,10000000.0
AMZN US,2022-06,2022,6,10000000.0
AMZN US,2022-07,2022,7,10000000.0
AMZN US,2022-08,2022,8,10000000.0
AMZN US,2022-09,2022,9,10000000.0
AMZN US,2022-10,2022,10,10000000.0
AMZN US,2022-11,2022,11,10000000.0
AMZN US,2022-12,2022,12,10000000.0
AMZN US,2023-01,2023,1,10000000.0
AMZN US,2023-02,2023,2,10000000.0
AMZN US,2023-03,2023,3,10000000.0
AMZN US,2023-04,2023,4,10000000.0
AMZN US,2023-05,2023,5,10000000.0
AMZN US,2023-06,2023,6,10000000.0
AMZN US,2023-07,2023,7,10000000.0
AMZN US,2023-08,2023,8,10000000.0
AMZN US,2023-09,2023,9,10000000.0
AMZN US,2023-10,2023,10,10000000.0
AMZN US,2023-11,2023,11,10000000.0
AMZN US,2023-12,2023,12,10000000.0
AMZN US,2024-01,2024,1,10000000.0
AMZN US,2024-02,2024,2,10000000.0
AMZN US,2024-03,2024,3,10000000.0
AMZN US,2024-04,2024,4,10000000.0
AMZN US,2024-05,2024,5,10000000.0
AMZN US,2024-06,2024,6,10000000.0
AMZN US,2024-07,2024,7,10000000.0
AMZN US,2024-08,2024,8,10000000.0
AMZN US,2024-09,2024,9,10000000.0
AMZN US,2024-10,2024,10,10000000.0
AON US,1998-04,1998,4,4099999.9999999995
AON US,1998-05,1998,5,4099999.9999999995
AON US,1998-06,1998,6,4099999.9999999995
AON US,1998-07,1998,7,4099999.9999999995
AON US,1998-08,1998,8,4099999.9999999995
AON US,1998-09,1998,9,4099999.9999999995
AON US,1998-10,1998,10,4099999.9999999995
AON US,1998-11,1998,11,4099999.9999999995
AON US,1998-12,1998,12,4099999.9999999995
AON US,1999-01,1999,1,4099999.9999999995
AON US,1999-02,1999,2,4099999.9999999995
AON US,1999-03,1999,3,4099999.9999999995
AON US,1999-04,1999,4,4099999.9999999995
AON US,1999-05,1999,5,4099999.9999999995
AON US,1999-06,1999,6,4099999.9999999995
AON US,1999-07,1999,7,4099999.9999999995
AON US,1999-08,1999,8,4099999.9999999995
AON US,1999-09,1999,9,4099999.9999999995
AON US,1999-10,1999,10,4099999.9999999995
AON US,1999-11,1999,11,4099999.9999999995
AON US,1999-12,1999,12,4099999.9999999995
AON US,2000-01,2000,1,4099999.9999999995
AON US,2000-02,2000,2,4099999.9999999995
AON US,2000-03,2000,3,4099999.9999999995
AON US,2000-04,2000,4,4099999.9999999995
AON US,2000-05,2000,5,4099999.9999999995
AON US,2000-06,2000,6,4099999.9999999995
AON US,2000-07,2000,7,4099999.9999999995
AON US,2000-08,2000,8,4099999.9999999995
AON US,2000-09,2000,9,4099999.9999999995
AON US,2000-10,2000,10,4099999.9999999995
AON US,2000-11,2000,11,4099999.9999999995
AON US,2000-12,2000,12,4099999.9999999995
AON US,2001-01,2001,1,4099999.9999999995
AON US,2001-02,2001,2,4099999.9999999995
AON US,2001-03,2001,3,4099999.9999999995
AON US,2001-04,2001,4,4099999.9999999995
AON US,2001-05,2001,5,4099999.9999999995
AON US,2001-06,2001,6,4099999.9999999995
AON US,2001-07,2001,7,4099999.9999999995
AON US,2001-08,2001,8,4099999.9999999995
AON US,2001-09,2001,9,4099999.9999999995
AON US,2001-10,2001,10,4099999.9999999995
AON US,2001-11,2001,11,4099999.9999999995
AON US,2001-12,2001,12,4099999.9999999995
AON US,2002-01,2002,1,4099999.9999999995
AON US,2002-02,2002,2,4099999.9999999995
AON US,2002-03,2002,3,4099999.9999999995
AON US,2002-04,2002,4,4099999.9999999995
AON US,2002-05,2002,5,4099999.9999999995
AON US,2002-06,2002,6,4099999.9999999995
AON US,2002-07,2002,7,4099999.9999999995
AON US,2002-08,2002,8,4099999.9999999995
AON US,2002-09,2002,9,4099999.9999999995
AON US,2002-10,2002,10,4099999.9999999995
AON US,2002-11,2002,11,4099999.9999999995
AON US,2002-12,2002,12,4099999.9999999995
AON US,2003-01,2003,1,4099999.9999999995
AON US,2003-02,2003,2,4099999.9999999995
AON US,2003-03,2003,3,4099999.9999999995
AON US,2003-04,2003,4,4099999.9999999995
AON US,2003-05,2003,5,4099999.9999999995
AON US,2003-06,2003,6,4099999.9999999995
AON US,2003-07,2003,7,4099999.9999999995
AON US,2003-08,2003,8,4099999.9999999995
AON US,2003-09,2003,9,4099999.9999999995
AON US,2003-10,2003,10,4099999.9999999995
AON US,2003-11,2003,11,4099999.9999999995
AON US,2003-12,2003,12,4099999.9999999995
AON US,2004-01,2004,1,4099999.9999999995
AON US,2004-02,2004,2,4099999.9999999995
AON US,2004-03,2004,3,4099999.9999999995
AON US,2004-04,2004,4,4099999.9999999995
AON US,2004-05,2004,5,4099999.9999999995
AON US,2004-06,2004,6,4099999.9999999995
AON US,2004-07,2004,7,4099999.9999999995
AON US,2004-08,2004,8,4099999.9999999995
AON US,2004-09,2004,9,4099999.9999999995
AON US,2004-10,2004,10,4099999.9999999995
AON US,2004-11,2004,11,4099999.9999999995
AON US,2004-12,2004,12,4099999.9999999995
AON US,2005-01,2005,1,4099999.9999999995
AON US,2005-02,2005,2,4099999.9999999995
AON US,2005-03,2005,3,4099999.9999999995
AON US,2005-04,2005,4,4099999.9999999995
AON US,2005-05,2005,5,4099999.9999999995
AON US,2005-06,2005,6,4099999.9999999995
AON US,2005-07,2005,7,4099999.9999999995
AON US,2005-08,2005,8,4099999.9999999995
AON US,2005-09,2005,9,4099999.9999999995
AON US,2005-10,2005,10,4099999.9999999995
AON US,2005-11,2005,11,4099999.9999999995
AON US,2005-12,2005,12,4099999.9999999995
AON US,2006-01,2006,1,4099999.9999999995
AON US,2006-02,2006,2,4099999.9999999995
AON US,2006-03,2006,3,4099999.9999999995
AON US,2006-04,2006,4,4099999.9999999995
AON US,2006-05,2006,5,4099999.9999999995
AON US,2006-06,2006,6,4099999.9999999995
AON US,2006-07,2006,7,4099999.9999999995
AON US,2006-08,2006,8,4099999.9999999995
AON US,2006-09,2006,9,4099999.9999999995
AON US,2006-10,2006,10,4099999.9999999995
AON US,2006-11,2006,11,4099999.9999999995
AON US,2006-12,2006,12,4099999.9999999995
AON US,2007-01,2007,1,4099999.9999999995
AON US,2007-02,2007,2,4099999.9999999995
AON US,2007-03,2007,3,4099999.9999999995
AON US,2007-04,2007,4,4099999.9999999995
AON US,2007-05,2007,5,4099999.9999999995
AON US,2007-06,2007,6,4099999.9999999995
AON US,2007-07,2007,7,4099999.9999999995
AON US,2007-08,2007,8,4099999.9999999995
AON US,2007-09,2007,9,4099999.9999999995
AON US,2007-10,2007,10,4099999.9999999995
AON US,2007-11,2007,11,4099999.9999999995
AON US,2007-12,2007,12,4099999.9999999995
AON US,2008-01,2008,1,4099999.9999999995
AON US,2008-02,2008,2,4099999.9999999995
AON US,2008-03,2008,3,4099999.9999999995
AON US,2008-04,2008,4,4099999.9999999995
AON US,2008-05,2008,5,4099999.9999999995
AON US,2008-06,2008,6,4099999.9999999995
AON US,2008-07,2008,7,4099999.9999999995
AON US,2008-08,2008,8,4099999.9999999995
AON US,2008-09,2008,9,4099999.9999999995
AON US,2008-10,2008,10,4099999.9999999995
AON US,2008-11,2008,11,4099999.9999999995
AON US,2008-12,2008,12,4099999.9999999995
AON US,2009-01,2009,1,4099999.9999999995
AON US,2009-02,2009,2,4099999.9999999995
AON US,2009-03,2009,3,4099999.9999999995
AON US,2009-04,2009,4,4099999.9999999995
AON US,2009-05,2009,5,4099999.9999999995
AON US,2009-06,2009,6,4099999.9999999995
AON US,2009-07,2009,7,4099999.9999999995
AON US,2009-08,2009,8,4099999.9999999995
AON US,2009-09,2009,9,4099999.9999999995
AON US,2009-10,2009,10,4099999.9999999995
AON US,2009-11,2009,11,4099999.9999999995
AON US,2009-12,2009,12,4099999.9999999995
AON US,2010-01,2010,1,4099999.9999999995
AON US,2010-02,2010,2,4099999.9999999995
AON US,2010-03,2010,3,4099999.9999999995
AON US,2010-04,2010,4,4099999.9999999995
AON US,2010-05,2010,5,4099999.9999999995
AON US,2010-06,2010,6,4099999.9999999995
AON US,2010-07,2010,7,4099999.9999999995
AON US,2010-08,2010,8,4099999.9999999995
AON US,2010-09,2010,9,4099999.9999999995
AON US,2010-10,2010,10,4099999.9999999995
AON US,2010-11,2010,11,4099999.9999999995
AON US,2010-12,2010,12,4099999.9999999995
AON US,2011-01,2011,1,4099999.9999999995
AON US,2011-02,2011,2,4099999.9999999995
AON US,2011-03,2011,3,4099999.9999999995
AON US,2011-04,2011,4,4099999.9999999995
AON US,2011-05,2011,5,4099999.9999999995
AON US,2011-06,2011,6,4099999.9999999995
AON US,2011-07,2011,7,4099999.9999999995
AON US,2011-08,2011,8,4099999.9999999995
AON US,2011-09,2011,9,4099999.9999999995
AON US,2011-10,2011,10,4099999.9999999995
AON US,2011-11,2011,11,4099999.9999999995
AON US,2011-12,2011,12,4099999.9999999995
AON US,2012-01,2012,1,4099999.9999999995
AON US,2012-02,2012,2,4099999.9999999995
AON US,2012-03,2012,3,4099999.9999999995
AON US,2012-04,2012,4,4099999.9999999995
AON US,2012-05,2012,5,4099999.9999999995
AON US,2012-06,2012,6,4099999.9999999995
AON US,2012-07,2012,7,4099999.9999999995
AON US,2012-08,2012,8,4099999.9999999995
AON US,2012-09,2012,9,4099999.9999999995
AON US,2012-10,2012,10,4099999.9999999995
AON US,2012-11,2012,11,4099999.9999999995
AON US,2012-12,2012,12,4099999.9999999995
AON US,2013-01,2013,1,4099999.9999999995
AON US,2013-02,2013,2,4099999.9999999995
AON US,2013-03,2013,3,4099999.9999999995
AON US,2013-04,2013,4,4099999.9999999995
AON US,2013-05,2013,5,4099999.9999999995
AON US,2013-06,2013,6,4099999.9999999995
AON US,2013-07,2013,7,4099999.9999999995
AON US,2013-08,2013,8,4099999.9999999995
AON US,2013-09,2013,9,4099999.9999999995
AON US,2013-10,2013,10,4099999.9999999995
AON US,2013-11,2013,11,4099999.9999999995
AON US,2013-12,2013,12,4099999.9999999995
AON US,2014-01,2014,1,4099999.9999999995
AON US,2014-02,2014,2,4099999.9999999995
AON US,2014-03,2014,3,4099999.9999999995
AON US,2014-04,2014,4,4099999.9999999995
AON US,2014-05,2014,5,4099999.9999999995
AON US,2014-06,2014,6,4099999.9999999995
AON US,2014-07,2014,7,4099999.9999999995
AON US,2014-08,2014,8,4099999.9999999995
AON US,2014-09,2014,9,4099999.9999999995
AON US,2014-10,2014,10,4099999.9999999995
AON US,2014-11,2014,11,4099999.9999999995
AON US,2014-12,2014,12,4099999.9999999995
AON US,2015-01,2015,1,4099999.9999999995
AON US,2015-02,2015,2,4099999.9999999995
AON US,2015-03,2015,3,4099999.9999999995
AON US,2015-04,2015,4,4099999.9999999995
AON US,2015-05,2015,5,4099999.9999999995
AON US,2015-06,2015,6,4099999.9999999995
AON US,2015-07,2015,7,4099999.9999999995
AON US,2015-08,2015,8,4099999.9999999995
AON US,2015-09,2015,9,4099999.9999999995
AON US,2015-10,2015,10,4099999.9999999995
AON US,2015-11,2015,11,4099999.9999999995
AON US,2015-12,2015,12,4099999.9999999995
AON US,2016-01,2016,1,4099999.9999999995
AON US,2016-02,2016,2,4099999.9999999995
AON US,2016-03,2016,3,4099999.9999999995
AON US,2016-04,2016,4,4099999.9999999995
AON US,2016-05,2016,5,4099999.9999999995
AON US,2016-06,2016,6,4099999.9999999995
AON US,2016-07,2016,7,4099999.9999999995
AON US,2016-08,2016,8,4099999.9999999995
AON US,2016-09,2016,9,4099999.9999999995
AON US,2016-10,2016,10,4099999.9999999995
AON US,2016-11,2016,11,4099999.9999999995
AON US,2016-12,2016,12,4099999.9999999995
AON US,2017-01,2017,1,4099999.9999999995
AON US,2017-02,2017,2,4099999.9999999995
AON US,2017-03,2017,3,4099999.9999999995
AON US,2017-04,2017,4,4099999.9999999995
AON US,2017-05,2017,5,4099999.9999999995
AON US,2017-06,2017,6,4099999.9999999995
AON US,2017-07,2017,7,4099999.9999999995
AON US,2017-08,2017,8,4099999.9999999995
AON US,2017-09,2017,9,4099999.9999999995
AON US,2017-10,2017,10,4099999.9999999995
AON US,2017-11,2017,11,4099999.9999999995
AON US,2017-12,2017,12,4099999.9999999995
AON US,2018-01,2018,1,4099999.9999999995
AON US,2018-02,2018,2,4099999.9999999995
AON US,2018-03,2018,3,4099999.9999999995
AON US,2018-04,2018,4,4099999.9999999995
AON US,2018-05,2018,5,4099999.9999999995
AON US,2018-06,2018,6,4099999.9999999995
AON US,2018-07,2018,7,4099999.9999999995
AON US,2018-08,2018,8,4099999.9999999995
AON US,2018-09,2018,9,4099999.9999999995
AON US,2018-10,2018,10,4099999.9999999995
AON US,2018-11,2018,11,4099999.9999999995
AON US,2018-12,2018,12,4099999.9999999995
AON US,2019-01,2019,1,4099999.9999999995
AON US,2019-02,2019,2,4099999.9999999995
AON US,2019-03,2019,3,4099999.9999999995
AON US,2019-04,2019,4,4099999.9999999995
AON US,2019-05,2019,5,4099999.9999999995
AON US,2019-06,2019,6,4099999.9999999995
AON US,2019-07,2019,7,4099999.9999999995
AON US,2019-08,2019,8,4099999.9999999995
AON US,2019-09,2019,9,4099999.9999999995
AON US,2019-10,2019,10,4099999.9999999995
AON US,2019-11,2019,11,4099999.9999999995
AON US,2019-12,2019,12,4099999.9999999995
AON US,2020-01,2020,1,4099999.9999999995
AON US,2020-02,2020,2,4099999.9999999995
AON US,2020-03,2020,3,4099999.9999999995
AON US,2020-04,2020,4,4099999.9999999995
AON US,2020-05,2020,5,4099999.9999999995
AON US,2020-06,2020,6,4099999.9999999995
AON US,2020-07,2020,7,4099999.9999999995
AON US,2020-08,2020,8,4099999.9999999995
AON US,2020-09,2020,9,4099999.9999999995
AON US,2020-10,2020,10,4099999.9999999995
AON US,2020-11,2020,11,4099999.9999999995
AON US,2020-12,2020,12,4099999.9999999995
AON US,2021-01,2021,1,4099999.9999999995
AON US,2021-02,2021,2,4099999.9999999995
AON US,2021-03,2021,3,4099999.9999999995
AON US,2021-04,2021,4,4099999.9999999995
AON US,2021-05,2021,5,4099999.9999999995
AON US,2021-06,2021,6,4099999.9999999995
AON US,2021-07,2021,7,4099999.9999999995
AON US,2021-08,2021,8,4099999.9999999995
AON US,2021-09,2021,9,4099999.9999999995
AON US,2021-10,2021,10,4099999.9999999995
AON US,2021-11,2021,11,4099999.9999999995
AON US,2021-12,2021,12,4099999.9999999995
AON US,2022-01,2022,1,4099999.9999999995
AON US,2022-02,2022,2,4099999.9999999995
AON US,2022-03,2022,3,4099999.9999999995
AON US,2022-04,2022,4,4099999.9999999995
AON US,2022-05,2022,5,4099999.9999999995
AON US,2022-06,2022,6,4099999.9999999995
AON US,2022-07,2022,7,4099999.9999999995
AON US,2022-08,2022,8,4099999.9999999995
AON US,2022-09,2022,9,4099999.9999999995
AON US,2022-10,2022,10,4099999.9999999995
AON US,2022-11,2022,11,4099999.9999999995
AON US,2022-12,2022,12,4099999.9999999995
AON US,2023-01,2023,1,4099999.9999999995
AON US,2023-02,2023,2,4099999.9999999995
AON US,2023-03,2023,3,4099999.9999999995
AON US,2023-04,2023,4,4099999.9999999995
AON US,2023-05,2023,5,4099999.9999999995
AON US,2023-06,2023,6,4099999.9999999995
AON US,2023-07,2023,7,4099999.9999999995
AON US,2023-08,2023,8,4099999.9999999995
AON US,2023-09,2023,9,4099999.9999999995
AON US,2023-10,2023,10,4099999.9999999995
AON US,2023-11,2023,11,4099999.9999999995
AON US,2023-12,2023,12,4099999.9999999995
AON US,2024-01,2024,1,4099999.9999999995
AON US,2024-02,2024,2,4099999.9999999995
AON US,2024-03,2024,3,4099999.9999999995
AON US,2024-04,2024,4,4099999.9999999995
AON US,2024-05,2024,5,4099999.9999999995
AON US,2024-06,2024,6,4099999.9999999995
AON US,2024-07,2024,7,4099999.9999999995
AON US,2024-08,2024,8,4099999.9999999995
AON US,2024-09,2024,9,4099999.9999999995
AON US,2024-10,2024,10,4099999.9999999995
ARCC US,2005-04,2005,4,225900.0
ARCC US,2005-05,2005,5,225900.0
ARCC US,2005-06,2005,6,225900.0
ARCC US,2005-07,2005,7,225900.0
ARCC US,2005-08,2005,8,225900.0
ARCC US,2005-09,2005,9,225900.0
ARCC US,2005-10,2005,10,225900.0
ARCC US,2005-11,2005,11,225900.0
ARCC US,2005-12,2005,12,225900.0
ARCC US,2006-01,2006,1,225900.0
ARCC US,2006-02,2006,2,225900.0
ARCC US,2006-03,2006,3,225900.0
ARCC US,2006-04,2006,4,225900.0
ARCC US,2006-05,2006,5,225900.0
ARCC US,2006-06,2006,6,225900.0
ARCC US,2006-07,2006,7,225900.0
ARCC US,2006-08,2006,8,225900.0
ARCC US,2006-09,2006,9,225900.0
ARCC US,2006-10,2006,10,225900.0
ARCC US,2006-11,2006,11,225900.0
ARCC US,2006-12,2006,12,225900.0
ARCC US,2007-01,2007,1,225900.0
ARCC US,2007-02,2007,2,225900.0
ARCC US,2007-03,2007,3,225900.0
ARCC US,2007-04,2007,4,225900.0
ARCC US,2007-05,2007,5,225900.0
ARCC US,2007-06,2007,6,225900.0
ARCC US,2007-07,2007,7,225900.0
ARCC US,2007-08,2007,8,225900.0
ARCC US,2007-09,2007,9,225900.0
ARCC US,2007-10,2007,10,225900.0
ARCC US,2007-11,2007,11,225900.0
ARCC US,2007-12,2007,12,225900.0
ARCC US,2008-01,2008,1,225900.0
ARCC US,2008-02,2008,2,225900.0
ARCC US,2008-03,2008,3,225900.0
ARCC US,2008-04,2008,4,225900.0
ARCC US,2008-05,2008,5,225900.0
ARCC US,2008-06,2008,6,225900.0
ARCC US,2008-07,2008,7,225900.0
ARCC US,2008-08,2008,8,225900.0
ARCC US,2008-09,2008,9,225900.0
ARCC US,2008-10,2008,10,225900.0
ARCC US,2008-11,2008,11,225900.0
ARCC US,2008-12,2008,12,225900.0
ARCC US,2009-01,2009,1,225900.0
ARCC US,2009-02,2009,2,225900.0
ARCC US,2009-03,2009,3,225900.0
ARCC US,2009-04,2009,4,225900.0
ARCC US,2009-05,2009,5,225900.0
ARCC US,2009-06,2009,6,225900.0
ARCC US,2009-07,2009,7,225900.0
ARCC US,2009-08,2009,8,225900.0
ARCC US,2009-09,2009,9,225900.0
ARCC US,2009-10,2009,10,225900.0
ARCC US,2009-11,2009,11,225900.0
ARCC US,2009-12,2009,12,225900.0
ARCC US,2010-01,2010,1,225900.0
ARCC US,2010-02,2010,2,225900.0
ARCC US,2010-03,2010,3,225900.0
ARCC US,2010-04,2010,4,225900.0
ARCC US,2010-05,2010,5,225900.0
ARCC US,2010-06,2010,6,225900.0
ARCC US,2010-07,2010,7,225900.0
ARCC US,2010-08,2010,8,225900.0
ARCC US,2010-09,2010,9,225900.0
ARCC US,2010-10,2010,10,225900.0
ARCC US,2010-11,2010,11,225900.0
ARCC US,2010-12,2010,12,225900.0
ARCC US,2011-01,2011,1,225900.0
ARCC US,2011-02,2011,2,225900.0
ARCC US,2011-03,2011,3,225900.0
ARCC US,2011-04,2011,4,225900.0
ARCC US,2011-05,2011,5,225900.0
ARCC US,2011-06,2011,6,225900.0
ARCC US,2011-07,2011,7,225900.0
ARCC US,2011-08,2011,8,225900.0
ARCC US,2011-09,2011,9,225900.0
ARCC US,2011-10,2011,10,225900.0
ARCC US,2011-11,2011,11,225900.0
ARCC US,2011-12,2011,12,225900.0
ARCC US,2012-01,2012,1,225900.0
ARCC US,2012-02,2012,2,225900.0
ARCC US,2012-03,2012,3,225900.0
ARCC US,2012-04,2012,4,225900.0
ARCC US,2012-05,2012,5,225900.0
ARCC US,2012-06,2012,6,225900.0
ARCC US,2012-07,2012,7,225900.0
ARCC US,2012-08,2012,8,225900.0
ARCC US,2012-09,2012,9,225900.0
ARCC US,2012-10,2012,10,225900.0
ARCC US,2012-11,2012,11,225900.0
ARCC US,2012-12,2012,12,225900.0
ARCC US,2013-01,2013,1,225900.0
ARCC US,2013-02,2013,2,225900.0
ARCC US,2013-03,2013,3,225900.0
ARCC US,2013-04,2013,4,225900.0
ARCC US,2013-05,2013,5,225900.0
ARCC US,2013-06,2013,6,225900.0
ARCC US,2013-07,2013,7,225900.0
ARCC US,2013-08,2013,8,225900.0
ARCC US,2013-09,2013,9,225900.0
ARCC US,2013-10,2013,10,225900.0
ARCC US,2013-11,2013,11,225900.0
ARCC US,2013-12,2013,12,225900.0
ARCC US,2014-01,2014,1,225900.0
ARCC US,2014-02,2014,2,225900.0
ARCC US,2014-03,2014,3,225900.0
ARCC US,2014-04,2014,4,225900.0
ARCC US,2014-05,2014,5,225900.0
ARCC US,2014-06,2014,6,225900.0
ARCC US,2014-07,2014,7,225900.0
ARCC US,2014-08,2014,8,225900.0
ARCC US,2014-09,2014,9,225900.0
ARCC US,2014-10,2014,10,225900.0
ARCC US,2014-11,2014,11,225900.0
ARCC US,2014-12,2014,12,225900.0
ARCC US,2015-01,2015,1,225900.0
ARCC US,2015-02,2015,2,225900.0
ARCC US,2015-03,2015,3,225900.0
ARCC US,2015-04,2015,4,225900.0
ARCC US,2015-05,2015,5,225900.0
ARCC US,2015-06,2015,6,225900.0
ARCC US,2015-07,2015,7,225900.0
ARCC US,2015-08,2015,8,225900.0
ARCC US,2015-09,2015,9,225900.0
ARCC US,2015-10,2015,10,225900.0
ARCC US,2015-11,2015,11,225900.0
ARCC US,2015-12,2015,12,225900.0
ARCC US,2016-01,2016,1,225900.0
ARCC US,2016-02,2016,2,225900.0
ARCC US,2016-03,2016,3,225900.0
ARCC US,2016-04,2016,4,225900.0
ARCC US,2016-05,2016,5,225900.0
ARCC US,2016-06,2016,6,225900.0
ARCC US,2016-07,2016,7,225900.0
ARCC US,2016-08,2016,8,225900.0
ARCC US,2016-09,2016,9,225900.0
ARCC US,2016-10,2016,10,225900.0
ARCC US,2016-11,2016,11,225900.0
ARCC US,2016-12,2016,12,225900.0
ARCC US,2017-01,2017,1,225900.0
ARCC US,2017-02,2017,2,225900.0
ARCC US,2017-03,2017,3,225900.0
ARCC US,2017-04,2017,4,225900.0
ARCC US,2017-05,2017,5,225900.0
ARCC US,2017-06,2017,6,225900.0
ARCC US,2017-07,2017,7,225900.0
ARCC US,2017-08,2017,8,225900.0
ARCC US,2017-09,2017,9,225900.0
ARCC US,2017-10,2017,10,225900.0
ARCC US,2017-11,2017,11,225900.0
ARCC US,2017-12,2017,12,225900.0
ARCC US,2018-01,2018,1,225900.0
ARCC US,2018-02,2018,2,225900.0
ARCC US,2018-03,2018,3,225900.0
ARCC US,2018-04,2018,4,225900.0
ARCC US,2018-05,2018,5,225900.0
ARCC US,2018-06,2018,6,225900.0
ARCC US,2018-07,2018,7,225900.0
ARCC US,2018-08,2018,8,225900.0
ARCC US,2018-09,2018,9,225900.0
ARCC US,2018-10,2018,10,225900.0
ARCC US,2018-11,2018,11,225900.0
ARCC US,2018-12,2018,12,225900.0
ARCC US,2019-01,2019,1,225900.0
ARCC US,2019-02,2019,2,225900.0
ARCC US,2019-03,2019,3,225900.0
ARCC US,2019-04,2019,4,225900.0
ARCC US,2019-05,2019,5,225900.0
ARCC US,2019-06,2019,6,225900.0
ARCC US,2019-07,2019,7,225900.0
ARCC US,2019-08,2019,8,225900.0
ARCC US,2019-09,2019,9,225900.0
ARCC US,2019-10,2019,10,225900.0
ARCC US,2019-11,2019,11,225900.0
ARCC US,2019-12,2019,12,225900.0
ARCC US,2020-01,2020,1,225900.0
ARCC US,2020-02,2020,2,225900.0
ARCC US,2020-03,2020,3,225900.0
ARCC US,2020-04,2020,4,225900.0
ARCC US,2020-05,2020,5,225900.0
ARCC US,2020-06,2020,6,225900.0
ARCC US,2020-07,2020,7,225900.0
ARCC US,2020-08,2020,8,225900.0
ARCC US,2020-09,2020,9,225900.0
ARCC US,2020-10,2020,10,225900.0
ARCC US,2020-11,2020,11,225900.0
ARCC US,2020-12,2020,12,225900.0
ARCC US,2021-01,2021,1,225900.0
ARCC US,2021-02,2021,2,225900.0
ARCC US,2021-03,2021,3,225900.0
ARCC US,2021-04,2021,4,225900.0
ARCC US,2021-05,2021,5,225900.0
ARCC US,2021-06,2021,6,225900.0
ARCC US,2021-07,2021,7,225900.0
ARCC US,2021-08,2021,8,225900.0
ARCC US,2021-09,2021,9,225900.0
ARCC US,2021-10,2021,10,225900.0
ARCC US,2021-11,2021,11,225900.0
ARCC US,2021-12,2021,12,225900.0
ARCC US,2022-01,2022,1,225900.0
ARCC US,2022-02,2022,2,225900.0
ARCC US,2022-03,2022,3,225900.0
ARCC US,2022-04,2022,4,225900.0
ARCC US,2022-05,2022,5,225900.0
ARCC US,2022-06,2022,6,225900.0
ARCC US,2022-07,2022,7,225900.0
ARCC US,2022-08,2022,8,225900.0
ARCC US,2022-09,2022,9,225900.0
ARCC US,2022-10,2022,10,225900.0
ARCC US,2022-11,2022,11,225900.0
ARCC US,2022-12,2022,12,225900.0
ARCC US,2023-01,2023,1,225900.0
ARCC US,2023-02,2023,2,225900.0
ARCC US,2023-03,2023,3,225900.0
ARCC US,2023-04,2023,4,225900.0
ARCC US,2023-05,2023,5,225900.0
ARCC US,2023-06,2023,6,225900.0
ARCC US,2023-07,2023,7,225900.0
ARCC US,2023-08,2023,8,225900.0
ARCC US,2023-09,2023,9,225900.0
ARCC US,2023-10,2023,10,225900.0
ARCC US,2023-11,2023,11,225900.0
ARCC US,2023-12,2023,12,225900.0
ARCC US,2024-01,2024,1,225900.0
ARCC US,2024-02,2024,2,225900.0
ARCC US,2024-03,2024,3,225900.0
ARCC US,2024-04,2024,4,225900.0
ARCC US,2024-05,2024,5,225900.0
ARCC US,2024-06,2024,6,225900.0
ARCC US,2024-07,2024,7,225900.0
ARCC US,2024-08,2024,8,225900.0
ARCC US,2024-09,2024,9,225900.0
ARCC US,2024-10,2024,10,225900.0
AXP US,1998-04,1998,4,151610000.0
AXP US,1998-05,1998,5,151610000.0
AXP US,1998-06,1998,6,151610000.0
AXP US,1998-07,1998,7,151610000.0
AXP US,1998-08,1998,8,151610000.0
AXP US,1998-09,1998,9,151610000.0
AXP US,1998-10,1998,10,151610000.0
AXP US,1998-11,1998,11,151610000.0
AXP US,1998-12,1998,12,151610000.0
AXP US,1999-01,1999,1,151610000.0
AXP US,1999-02,1999,2,151610000.0
AXP US,1999-03,1999,3,151610000.0
AXP US,1999-04,1999,4,151610000.0
AXP US,1999-05,1999,5,151610000.0
AXP US,1999-06,1999,6,151610000.0
AXP US,1999-07,1999,7,151610000.0
AXP US,1999-08,1999,8,151610000.0
AXP US,1999-09,1999,9,151610000.0
AXP US,1999-10,1999,10,151610000.0
AXP US,1999-11,1999,11,151610000.0
AXP US,1999-12,1999,12,151610000.0
AXP US,2000-01,2000,1,151610000.0
AXP US,2000-02,2000,2,151610000.0
AXP US,2000-03,2000,3,151610000.0
AXP US,2000-04,2000,4,151610000.0
AXP US,2000-05,2000,5,151610000.0
AXP US,2000-06,2000,6,151610000.0
AXP US,2000-07,2000,7,151610000.0
AXP US,2000-08,2000,8,151610000.0
AXP US,2000-09,2000,9,151610000.0
AXP US,2000-10,2000,10,151610000.0
AXP US,2000-11,2000,11,151610000.0
AXP US,2000-12,2000,12,151610000.0
AXP US,2001-01,2001,1,151610000.0
AXP US,2001-02,2001,2,151610000.0
AXP US,2001-03,2001,3,151610000.0
AXP US,2001-04,2001,4,151610000.0
AXP US,2001-05,2001,5,151610000.0
AXP US,2001-06,2001,6,151610000.0
AXP US,2001-07,2001,7,151610000.0
AXP US,2001-08,2001,8,151610000.0
AXP US,2001-09,2001,9,151610000.0
AXP US,2001-10,2001,10,151610000.0
AXP US,2001-11,2001,11,151610000.0
AXP US,2001-12,2001,12,151610000.0
AXP US,2002-01,2002,1,151610000.0
AXP US,2002-02,2002,2,151610000.0
AXP US,2002-03,2002,3,151610000.0
AXP US,2002-04,2002,4,151610000.0
AXP US,2002-05,2002,5,151610000.0
AXP US,2002-06,2002,6,151610000.0
AXP US,2002-07,2002,7,151610000.0
AXP US,2002-08,2002,8,151610000.0
AXP US,2002-09,2002,9,151610000.0
AXP US,2002-10,2002,10,151610000.0
AXP US,2002-11,2002,11,151610000.0
AXP US,2002-12,2002,12,151610000.0
AXP US,2003-01,2003,1,151610000.0
AXP US,2003-02,2003,2,151610000.0
AXP US,2003-03,2003,3,151610000.0
AXP US,2003-04,2003,4,151610000.0
AXP US,2003-05,2003,5,151610000.0
AXP US,2003-06,2003,6,151610000.0
AXP US,2003-07,2003,7,151610000.0
AXP US,2003-08,2003,8,151610000.0
AXP US,2003-09,2003,9,151610000.0
AXP US,2003-10,2003,10,151610000.0
AXP US,2003-11,2003,11,151610000.0
AXP US,2003-12,2003,12,151610000.0
AXP US,2004-01,2004,1,151610000.0
AXP US,2004-02,2004,2,151610000.0
AXP US,2004-03,2004,3,151610000.0
AXP US,2004-04,2004,4,151610000.0
AXP US,2004-05,2004,5,151610000.0
AXP US,2004-06,2004,6,151610000.0
AXP US,2004-07,2004,7,151610000.0
AXP US,2004-08,2004,8,151610000.0
AXP US,2004-09,2004,9,151610000.0
AXP US,2004-10,2004,10,151610000.0
AXP US,2004-11,2004,11,151610000.0
AXP US,2004-12,2004,12,151610000.0
AXP US,2005-01,2005,1,151610000.0
AXP US,2005-02,2005,2,151610000.0
AXP US,2005-03,2005,3,151610000.0
AXP US,2005-04,2005,4,151610000.0
AXP US,2005-05,2005,5,151610000.0
AXP US,2005-06,2005,6,151610000.0
AXP US,2005-07,2005,7,151610000.0
AXP US,2005-08,2005,8,151610000.0
AXP US,2005-09,2005,9,151610000.0
AXP US,2005-10,2005,10,151610000.0
AXP US,2005-11,2005,11,151610000.0
AXP US,2005-12,2005,12,151610000.0
AXP US,2006-01,2006,1,151610000.0
AXP US,2006-02,2006,2,151610000.0
AXP US,2006-03,2006,3,151610000.0
AXP US,2006-04,2006,4,151610000.0
AXP US,2006-05,2006,5,151610000.0
AXP US,2006-06,2006,6,151610000.0
AXP US,2006-07,2006,7,151610000.0
AXP US,2006-08,2006,8,151610000.0
AXP US,2006-09,2006,9,151610000.0
AXP US,2006-10,2006,10,151610000.0
AXP US,2006-11,2006,11,151610000.0
AXP US,2006-12,2006,12,151610000.0
AXP US,2007-01,2007,1,151610000.0
AXP US,2007-02,2007,2,151610000.0
AXP US,2007-03,2007,3,151610000.0
AXP US,2007-04,2007,4,151610000.0
AXP US,2007-05,2007,5,151610000.0
AXP US,2007-06,2007,6,151610000.0
AXP US,2007-07,2007,7,151610000.0
AXP US,2007-08,2007,8,151610000.0
AXP US,2007-09,2007,9,151610000.0
AXP US,2007-10,2007,10,151610000.0
AXP US,2007-11,2007,11,151610000.0
AXP US,2007-12,2007,12,151610000.0
AXP US,2008-01,2008,1,151610000.0
AXP US,2008-02,2008,2,151610000.0
AXP US,2008-03,2008,3,151610000.0
AXP US,2008-04,2008,4,151610000.0
AXP US,2008-05,2008,5,151610000.0
AXP US,2008-06,2008,6,151610000.0
AXP US,2008-07,2008,7,151610000.0
AXP US,2008-08,2008,8,151610000.0
AXP US,2008-09,2008,9,151610000.0
AXP US,2008-10,2008,10,151610000.0
AXP US,2008-11,2008,11,151610000.0
AXP US,2008-12,2008,12,151610000.0
AXP US,2009-01,2009,1,151610000.0
AXP US,2009-02,2009,2,151610000.0
AXP US,2009-03,2009,3,151610000.0
AXP US,2009-04,2009,4,151610000.0
AXP US,2009-05,2009,5,151610000.0
AXP US,2009-06,2009,6,151610000.0
AXP US,2009-07,2009,7,151610000.0
AXP US,2009-08,2009,8,151610000.0
AXP US,2009-09,2009,9,151610000.0
AXP US,2009-10,2009,10,151610000.0
AXP US,2009-11,2009,11,151610000.0
AXP US,2009-12,2009,12,151610000.0
AXP US,2010-01,2010,1,151610000.0
AXP US,2010-02,2010,2,151610000.0
AXP US,2010-03,2010,3,151610000.0
AXP US,2010-04,2010,4,151610000.0
AXP US,2010-05,2010,5,151610000.0
AXP US,2010-06,2010,6,151610000.0
AXP US,2010-07,2010,7,151610000.0
AXP US,2010-08,2010,8,151610000.0
AXP US,2010-09,2010,9,151610000.0
AXP US,2010-10,2010,10,151610000.0
AXP US,2010-11,2010,11,151610000.0
AXP US,2010-12,2010,12,151610000.0
AXP US,2011-01,2011,1,151610000.0
AXP US,2011-02,2011,2,151610000.0
AXP US,2011-03,2011,3,151610000.0
AXP US,2011-04,2011,4,151610000.0
AXP US,2011-05,2011,5,151610000.0
AXP US,2011-06,2011,6,151610000.0
AXP US,2011-07,2011,7,151610000.0
AXP US,2011-08,2011,8,151610000.0
AXP US,2011-09,2011,9,151610000.0
AXP US,2011-10,2011,10,151610000.0
AXP US,2011-11,2011,11,151610000.0
AXP US,2011-12,2011,12,151610000.0
AXP US,2012-01,2012,1,151610000.0
AXP US,2012-02,2012,2,151610000.0
AXP US,2012-03,2012,3,151610000.0
AXP US,2012-04,2012,4,151610000.0
AXP US,2012-05,2012,5,151610000.0
AXP US,2012-06,2012,6,151610000.0
AXP US,2012-07,2012,7,151610000.0
AXP US,2012-08,2012,8,151610000.0
AXP US,2012-09,2012,9,151610000.0
AXP US,2012-10,2012,10,151610000.0
AXP US,2012-11,2012,11,151610000.0
AXP US,2012-12,2012,12,151610000.0
AXP US,2013-01,2013,1,151610000.0
AXP US,2013-02,2013,2,151610000.0
AXP US,2013-03,2013,3,151610000.0
AXP US,2013-04,2013,4,151610000.0
AXP US,2013-05,2013,5,151610000.0
AXP US,2013-06,2013,6,151610000.0
AXP US,2013-07,2013,7,151610000.0
AXP US,2013-08,2013,8,151610000.0
AXP US,2013-09,2013,9,151610000.0
AXP US,2013-10,2013,10,151610000.0
AXP US,2013-11,2013,11,151610000.0
AXP US,2013-12,2013,12,151610000.0
AXP US,2014-01,2014,1,151610000.0
AXP US,2014-02,2014,2,151610000.0
AXP US,2014-03,2014,3,151610000.0
AXP US,2014-04,2014,4,151610000.0
AXP US,2014-05,2014,5,151610000.0
AXP US,2014-06,2014,6,151610000.0
AXP US,2014-07,2014,7,151610000.0
AXP US,2014-08,2014,8,151610000.0
AXP US,2014-09,2014,9,151610000.0
AXP US,2014-10,2014,10,151610000.0
AXP US,2014-11,2014,11,151610000.0
AXP US,2014-12,2014,12,151610000.0
AXP US,2015-01,2015,1,151610000.0
AXP US,2015-02,2015,2,151610000.0
AXP US,2015-03,2015,3,151610000.0
AXP US,2015-04,2015,4,151610000.0
AXP US,2015-05,2015,5,151610000.0
AXP US,2015-06,2015,6,151610000.0
AXP US,2015-07,2015,7,151610000.0
AXP US,2015-08,2015,8,151610000.0
AXP US,2015-09,2015,9,151610000.0
AXP US,2015-10,2015,10,151610000.0
AXP US,2015-11,2015,11,151610000.0
AXP US,2015-12,2015,12,151610000.0
AXP US,2016-01,2016,1,151610000.0
AXP US,2016-02,2016,2,151610000.0
AXP US,2016-03,2016,3,151610000.0
AXP US,2016-04,2016,4,151610000.0
AXP US,2016-05,2016,5,151610000.0
AXP US,2016-06,2016,6,151610000.0
AXP US,2016-07,2016,7,151610000.0
AXP US,2016-08,2016,8,151610000.0
AXP US,2016-09,2016,9,151610000.0
AXP US,2016-10,2016,10,151610000.0
AXP US,2016-11,2016,11,151610000.0
AXP US,2016-12,2016,12,151610000.0
AXP US,2017-01,2017,1,151610000.0
AXP US,2017-02,2017,2,151610000.0
AXP US,2017-03,2017,3,151610000.0
AXP US,2017-04,2017,4,151610000.0
AXP US,2017-05,2017,5,151610000.0
AXP US,2017-06,2017,6,151610000.0
AXP US,2017-07,2017,7,151610000.0
AXP US,2017-08,2017,8,151610000.0
AXP US,2017-09,2017,9,151610000.0
AXP US,2017-10,2017,10,151610000.0
AXP US,2017-11,2017,11,151610000.0
AXP US,2017-12,2017,12,151610000.0
AXP US,2018-01,2018,1,151610000.0
AXP US,2018-02,2018,2,151610000.0
AXP US,2018-03,2018,3,151610000.0
AXP US,2018-04,2018,4,151610000.0
AXP US,2018-05,2018,5,151610000.0
AXP US,2018-06,2018,6,151610000.0
AXP US,2018-07,2018,7,151610000.0
AXP US,2018-08,2018,8,151610000.0
AXP US,2018-09,2018,9,151610000.0
AXP US,2018-10,2018,10,151610000.0
AXP US,2018-11,2018,11,151610000.0
AXP US,2018-12,2018,12,151610000.0
AXP US,2019-01,2019,1,151610000.0
AXP US,2019-02,2019,2,151610000.0
AXP US,2019-03,2019,3,151610000.0
AXP US,2019-04,2019,4,151610000.0
AXP US,2019-05,2019,5,151610000.0
AXP US,2019-06,2019,6,151610000.0
AXP US,2019-07,2019,7,151610000.0
AXP US,2019-08,2019,8,151610000.0
AXP US,2019-09,2019,9,151610000.0
AXP US,2019-10,2019,10,151610000.0
AXP US,2019-11,2019,11,151610000.0
AXP US,2019-12,2019,12,151610000.0
AXP US,2020-01,2020,1,151610000.0
AXP US,2020-02,2020,2,151610000.0
AXP US,2020-03,2020,3,151610000.0
AXP US,2020-04,2020,4,151610000.0
AXP US,2020-05,2020,5,151610000.0
AXP US,2020-06,2020,6,151610000.0
AXP US,2020-07,2020,7,151610000.0
AXP US,2020-08,2020,8,151610000.0
AXP US,2020-09,2020,9,151610000.0
AXP US,2020-10,2020,10,151610000.0
AXP US,2020-11,2020,11,151610000.0
AXP US,2020-12,2020,12,151610000.0
AXP US,2021-01,2021,1,151610000.0
AXP US,2021-02,2021,2,151610000.0
AXP US,2021-03,2021,3,151610000.0
AXP US,2021-04,2021,4,151610000.0
AXP US,2021-05,2021,5,151610000.0
AXP US,2021-06,2021,6,151610000.0
AXP US,2021-07,2021,7,151610000.0
AXP US,2021-08,2021,8,151610000.0
AXP US,2021-09,2021,9,151610000.0
AXP US,2021-10,2021,10,151610000.0
AXP US,2021-11,2021,11,151610000.0
AXP US,2021-12,2021,12,151610000.0
AXP US,2022-01,2022,1,151610000.0
AXP US,2022-02,2022,2,151610000.0
AXP US,2022-03,2022,3,151610000.0
AXP US,2022-04,2022,4,151610000.0
AXP US,2022-05,2022,5,151610000.0
AXP US,2022-06,2022,6,151610000.0
AXP US,2022-07,2022,7,151610000.0
AXP US,2022-08,2022,8,151610000.0
AXP US,2022-09,2022,9,151610000.0
AXP US,2022-10,2022,10,151610000.0
AXP US,2022-11,2022,11,151610000.0
AXP US,2022-12,2022,12,151610000.0
AXP US,2023-01,2023,1,151610000.0
AXP US,2023-02,2023,2,151610000.0
AXP US,2023-03,2023,3,151610000.0
AXP US,2023-04,2023,4,151610000.0
AXP US,2023-05,2023,5,151610000.0
AXP US,2023-06,2023,6,151610000.0
AXP US,2023-07,2023,7,151610000.0
AXP US,2023-08,2023,8,151610000.0
AXP US,2023-09,2023,9,151610000.0
AXP US,2023-10,2023,10,151610000.0
AXP US,2023-11,2023,11,151610000.0
AXP US,2023-12,2023,12,151610000.0
AXP US,2024-01,2024,1,151610000.0
AXP US,2024-02,2024,2,151610000.0
AXP US,2024-03,2024,3,151610000.0
AXP US,2024-04,2024,4,151610000.0
AXP US,2024-05,2024,5,151610000.0
AXP US,2024-06,2024,6,151610000.0
AXP US,2024-07,2024,7,151610000.0
AXP US,2024-08,2024,8,151610000.0
AXP US,2024-09,2024,9,151610000.0
AXP US,2024-10,2024,10,151610000.0
BAC US,1998-07,1998,7,863980000.0
BAC US,1998-08,1998,8,863980000.0
BAC US,1998-09,1998,9,863980000.0
BAC US,1998-10,1998,10,863980000.0
BAC US,1998-11,1998,11,863980000.0
BAC US,1998-12,1998,12,863980000.0
BAC US,1999-01,1999,1,863980000.0
BAC US,1999-02,1999,2,863980000.0
BAC US,1999-03,1999,3,863980000.0
BAC US,1999-04,1999,4,863980000.0
BAC US,1999-05,1999,5,863980000.0
BAC US,1999-06,1999,6,863980000.0
BAC US,1999-07,1999,7,863980000.0
BAC US,1999-08,1999,8,863980000.0
BAC US,1999-09,1999,9,863980000.0
BAC US,1999-10,1999,10,863980000.0
BAC US,1999-11,1999,11,863980000.0
BAC US,1999-12,1999,12,863980000.0
BAC US,2000-01,2000,1,863980000.0
BAC US,2000-02,2000,2,863980000.0
BAC US,2000-03,2000,3,863980000.0
BAC US,2000-04,2000,4,863980000.0
BAC US,2000-05,2000,5,863980000.0
BAC US,2000-06,2000,6,863980000.0
BAC US,2000-07,2000,7,863980000.0
BAC US,2000-08,2000,8,863980000.0
BAC US,2000-09,2000,9,863980000.0
BAC US,2000-10,2000,10,863980000.0
BAC US,2000-11,2000,11,863980000.0
BAC US,2000-12,2000,12,863980000.0
BAC US,2001-01,2001,1,863980000.0
BAC US,2001-02,2001,2,863980000.0
BAC US,2001-03,2001,3,863980000.0
BAC US,2001-04,2001,4,863980000.0
BAC US,2001-05,2001,5,863980000.0
BAC US,2001-06,2001,6,863980000.0
BAC US,2001-07,2001,7,863980000.0
BAC US,2001-08,2001,8,863980000.0
BAC US,2001-09,2001,9,863980000.0
BAC US,2001-10,2001,10,863980000.0
BAC US,2001-11,2001,11,863980000.0
BAC US,2001-12,2001,12,863980000.0
BAC US,2002-01,2002,1,863980000.0
BAC US,2002-02,2002,2,863980000.0
BAC US,2002-03,2002,3,863980000.0
BAC US,2002-04,2002,4,863980000.0
BAC US,2002-05,2002,5,863980000.0
BAC US,2002-06,2002,6,863980000.0
BAC US,2002-07,2002,7,863980000.0
BAC US,2002-08,2002,8,863980000.0
BAC US,2002-09,2002,9,863980000.0
BAC US,2002-10,2002,10,863980000.0
BAC US,2002-11,2002,11,863980000.0
BAC US,2002-12,2002,12,863980000.0
BAC US,2003-01,2003,1,863980000.0
BAC US,2003-02,2003,2,863980000.0
BAC US,2003-03,2003,3,863980000.0
BAC US,2003-04,2003,4,863980000.0
BAC US,2003-05,2003,5,863980000.0
BAC US,2003-06,2003,6,863980000.0
BAC US,2003-07,2003,7,863980000.0
BAC US,2003-08,2003,8,863980000.0
BAC US,2003-09,2003,9,863980000.0
BAC US,2003-10,2003,10,863980000.0
BAC US,2003-11,2003,11,863980000.0
BAC US,2003-12,2003,12,863980000.0
BAC US,2004-01,2004,1,863980000.0
BAC US,2004-02,2004,2,863980000.0
BAC US,2004-03,2004,3,863980000.0
BAC US,2004-04,2004,4,863980000.0
BAC US,2004-05,2004,5,863980000.0
BAC US,2004-06,2004,6,863980000.0
BAC US,2004-07,2004,7,863980000.0
BAC US,2004-08,2004,8,863980000.0
BAC US,2004-09,2004,9,863980000.0
BAC US,2004-10,2004,10,863980000.0
BAC US,2004-11,2004,11,863980000.0
BAC US,2004-12,2004,12,863980000.0
BAC US,2005-01,2005,1,863980000.0
BAC US,2005-02,2005,2,863980000.0
BAC US,2005-03,2005,3,863980000.0
BAC US,2005-04,2005,4,863980000.0
BAC US,2005-05,2005,5,863980000.0
BAC US,2005-06,2005,6,863980000.0
BAC US,2005-07,2005,7,863980000.0
BAC US,2005-08,2005,8,863980000.0
BAC US,2005-09,2005,9,863980000.0
BAC US,2005-10,2005,10,863980000.0
BAC US,2005-11,2005,11,863980000.0
BAC US,2005-12,2005,12,863980000.0
BAC US,2006-01,2006,1,863980000.0
BAC US,2006-02,2006,2,863980000.0
BAC US,2006-03,2006,3,863980000.0
BAC US,2006-04,2006,4,863980000.0
BAC US,2006-05,2006,5,863980000.0
BAC US,2006-06,2006,6,863980000.0
BAC US,2006-07,2006,7,863980000.0
BAC US,2006-08,2006,8,863980000.0
BAC US,2006-09,2006,9,863980000.0
BAC US,2006-10,2006,10,863980000.0
BAC US,2006-11,2006,11,863980000.0
BAC US,2006-12,2006,12,863980000.0
BAC US,2007-01,2007,1,863980000.0
BAC US,2007-02,2007,2,863980000.0
BAC US,2007-03,2007,3,863980000.0
BAC US,2007-04,2007,4,863980000.0
BAC US,2007-05,2007,5,863980000.0
BAC US,2007-06,2007,6,863980000.0
BAC US,2007-07,2007,7,863980000.0
BAC US,2007-08,2007,8,863980000.0
BAC US,2007-09,2007,9,863980000.0
BAC US,2007-10,2007,10,863980000.0
BAC US,2007-11,2007,11,863980000.0
BAC US,2007-12,2007,12,863980000.0
BAC US,2008-01,2008,1,863980000.0
BAC US,2008-02,2008,2,863980000.0
BAC US,2008-03,2008,3,863980000.0
BAC US,2008-04,2008,4,863980000.0
BAC US,2008-05,2008,5,863980000.0
BAC US,2008-06,2008,6,863980000.0
BAC US,2008-07,2008,7,863980000.0
BAC US,2008-08,2008,8,863980000.0
BAC US,2008-09,2008,9,863980000.0
BAC US,2008-10,2008,10,863980000.0
BAC US,2008-11,2008,11,863980000.0
BAC US,2008-12,2008,12,863980000.0
BAC US,2009-01,2009,1,863980000.0
BAC US,2009-02,2009,2,863980000.0
BAC US,2009-03,2009,3,863980000.0
BAC US,2009-04,2009,4,863980000.0
BAC US,2009-05,2009,5,863980000.0
BAC US,2009-06,2009,6,863980000.0
BAC US,2009-07,2009,7,863980000.0
BAC US,2009-08,2009,8,863980000.0
BAC US,2009-09,2009,9,863980000.0
BAC US,2009-10,2009,10,863980000.0
BAC US,2009-11,2009,11,863980000.0
BAC US,2009-12,2009,12,863980000.0
BAC US,2010-01,2010,1,863980000.0
BAC US,2010-02,2010,2,863980000.0
BAC US,2010-03,2010,3,863980000.0
BAC US,2010-04,2010,4,863980000.0
BAC US,2010-05,2010,5,863980000.0
BAC US,2010-06,2010,6,863980000.0
BAC US,2010-07,2010,7,863980000.0
BAC US,2010-08,2010,8,863980000.0
BAC US,2010-09,2010,9,863980000.0
BAC US,2010-10,2010,10,863980000.0
BAC US,2010-11,2010,11,863980000.0
BAC US,2010-12,2010,12,863980000.0
BAC US,2011-01,2011,1,863980000.0
BAC US,2011-02,2011,2,863980000.0
BAC US,2011-03,2011,3,863980000.0
BAC US,2011-04,2011,4,863980000.0
BAC US,2011-05,2011,5,863980000.0
BAC US,2011-06,2011,6,863980000.0
BAC US,2011-07,2011,7,863980000.0
BAC US,2011-08,2011,8,863980000.0
BAC US,2011-09,2011,9,863980000.0
BAC US,2011-10,2011,10,863980000.0
BAC US,2011-11,2011,11,863980000.0
BAC US,2011-12,2011,12,863980000.0
BAC US,2012-01,2012,1,863980000.0
BAC US,2012-02,2012,2,863980000.0
BAC US,2012-03,2012,3,863980000.0
BAC US,2012-04,2012,4,863980000.0
BAC US,2012-05,2012,5,863980000.0
BAC US,2012-06,2012,6,863980000.0
BAC US,2012-07,2012,7,863980000.0
BAC US,2012-08,2012,8,863980000.0
BAC US,2012-09,2012,9,863980000.0
BAC US,2012-10,2012,10,863980000.0
BAC US,2012-11,2012,11,863980000.0
BAC US,2012-12,2012,12,863980000.0
BAC US,2013-01,2013,1,863980000.0
BAC US,2013-02,2013,2,863980000.0
BAC US,2013-03,2013,3,863980000.0
BAC US,2013-04,2013,4,863980000.0
BAC US,2013-05,2013,5,863980000.0
BAC US,2013-06,2013,6,863980000.0
BAC US,2013-07,2013,7,863980000.0
BAC US,2013-08,2013,8,863980000.0
BAC US,2013-09,2013,9,863980000.0
BAC US,2013-10,2013,10,863980000.0
BAC US,2013-11,2013,11,863980000.0
BAC US,2013-12,2013,12,863980000.0
BAC US,2014-01,2014,1,863980000.0
BAC US,2014-02,2014,2,863980000.0
BAC US,2014-03,2014,3,863980000.0
BAC US,2014-04,2014,4,863980000.0
BAC US,2014-05,2014,5,863980000.0
BAC US,2014-06,2014,6,863980000.0
BAC US,2014-07,2014,7,863980000.0
BAC US,2014-08,2014,8,863980000.0
BAC US,2014-09,2014,9,863980000.0
BAC US,2014-10,2014,10,863980000.0
BAC US,2014-11,2014,11,863980000.0
BAC US,2014-12,2014,12,863980000.0
BAC US,2015-01,2015,1,863980000.0
BAC US,2015-02,2015,2,863980000.0
BAC US,2015-03,2015,3,863980000.0
BAC US,2015-04,2015,4,863980000.0
BAC US,2015-05,2015,5,863980000.0
BAC US,2015-06,2015,6,863980000.0
BAC US,2015-07,2015,7,863980000.0
BAC US,2015-08,2015,8,863980000.0
BAC US,2015-09,2015,9,863980000.0
BAC US,2015-10,2015,10,863980000.0
BAC US,2015-11,2015,11,863980000.0
BAC US,2015-12,2015,12,863980000.0
BAC US,2016-01,2016,1,863980000.0
BAC US,2016-02,2016,2,863980000.0
BAC US,2016-03,2016,3,863980000.0
BAC US,2016-04,2016,4,863980000.0
BAC US,2016-05,2016,5,863980000.0
BAC US,2016-06,2016,6,863980000.0
BAC US,2016-07,2016,7,863980000.0
BAC US,2016-08,2016,8,863980000.0
BAC US,2016-09,2016,9,863980000.0
BAC US,2016-10,2016,10,863980000.0
BAC US,2016-11,2016,11,863980000.0
BAC US,2016-12,2016,12,863980000.0
BAC US,2017-01,2017,1,863980000.0
BAC US,2017-02,2017,2,863980000.0
BAC US,2017-03,2017,3,863980000.0
BAC US,2017-04,2017,4,863980000.0
BAC US,2017-05,2017,5,863980000.0
BAC US,2017-06,2017,6,863980000.0
BAC US,2017-07,2017,7,863980000.0
BAC US,2017-08,2017,8,863980000.0
BAC US,2017-09,2017,9,863980000.0
BAC US,2017-10,2017,10,863980000.0
BAC US,2017-11,2017,11,863980000.0
BAC US,2017-12,2017,12,863980000.0
BAC US,2018-01,2018,1,863980000.0
BAC US,2018-02,2018,2,863980000.0
BAC US,2018-03,2018,3,863980000.0
BAC US,2018-04,2018,4,863980000.0
BAC US,2018-05,2018,5,863980000.0
BAC US,2018-06,2018,6,863980000.0
BAC US,2018-07,2018,7,863980000.0
BAC US,2018-08,2018,8,863980000.0
BAC US,2018-09,2018,9,863980000.0
BAC US,2018-10,2018,10,863980000.0
BAC US,2018-11,2018,11,863980000.0
BAC US,2018-12,2018,12,863980000.0
BAC US,2019-01,2019,1,863980000.0
BAC US,2019-02,2019,2,863980000.0
BAC US,2019-03,2019,3,863980000.0
BAC US,2019-04,2019,4,863980000.0
BAC US,2019-05,2019,5,863980000.0
BAC US,2019-06,2019,6,863980000.0
BAC US,2019-07,2019,7,863980000.0
BAC US,2019-08,2019,8,863980000.0
BAC US,2019-09,2019,9,863980000.0
BAC US,2019-10,2019,10,863980000.0
BAC US,2019-11,2019,11,863980000.0
BAC US,2019-12,2019,12,863980000.0
BAC US,2020-01,2020,1,863980000.0
BAC US,2020-02,2020,2,863980000.0
BAC US,2020-03,2020,3,863980000.0
BAC US,2020-04,2020,4,863980000.0
BAC US,2020-05,2020,5,863980000.0
BAC US,2020-06,2020,6,863980000.0
BAC US,2020-07,2020,7,863980000.0
BAC US,2020-08,2020,8,863980000.0
BAC US,2020-09,2020,9,863980000.0
BAC US,2020-10,2020,10,863980000.0
BAC US,2020-11,2020,11,863980000.0
BAC US,2020-12,2020,12,863980000.0
BAC US,2021-01,2021,1,863980000.0
BAC US,2021-02,2021,2,863980000.0
BAC US,2021-03,2021,3,863980000.0
BAC US,2021-04,2021,4,863980000.0
BAC US,2021-05,2021,5,863980000.0
BAC US,2021-06,2021,6,863980000.0
BAC US,2021-07,2021,7,863980000.0
BAC US,2021-08,2021,8,863980000.0
BAC US,2021-09,2021,9,863980000.0
BAC US,2021-10,2021,10,863980000.0
BAC US,2021-11,2021,11,863980000.0
BAC US,2021-12,2021,12,863980000.0
BAC US,2022-01,2022,1,863980000.0
BAC US,2022-02,2022,2,863980000.0
BAC US,2022-03,2022,3,863980000.0
BAC US,2022-04,2022,4,863980000.0
BAC US,2022-05,2022,5,863980000.0
BAC US,2022-06,2022,6,863980000.0
BAC US,2022-07,2022,7,863980000.0
BAC US,2022-08,2022,8,863980000.0
BAC US,2022-09,2022,9,863980000.0
BAC US,2022-10,2022,10,863980000.0
BAC US,2022-11,2022,11,863980000.0
BAC US,2022-12,2022,12,863980000.0
BAC US,2023-01,2023,1,863980000.0
BAC US,2023-02,2023,2,863980000.0
BAC US,2023-03,2023,3,863980000.0
BAC US,2023-04,2023,4,863980000.0
BAC US,2023-05,2023,5,863980000.0
BAC US,2023-06,2023,6,863980000.0
BAC US,2023-07,2023,7,863980000.0
BAC US,2023-08,2023,8,863980000.0
BAC US,2023-09,2023,9,863980000.0
BAC US,2023-10,2023,10,863980000.0
BAC US,2023-11,2023,11,863980000.0
BAC US,2023-12,2023,12,863980000.0
BAC US,2024-01,2024,1,863980000.0
BAC US,2024-02,2024,2,863980000.0
BAC US,2024-03,2024,3,863980000.0
BAC US,2024-04,2024,4,863980000.0
BAC US,2024-05,2024,5,863980000.0
BAC US,2024-06,2024,6,863980000.0
BAC US,2024-07,2024,7,863980000.0
BAC US,2024-08,2024,8,863980000.0
BAC US,2024-09,2024,9,863980000.0
BAC US,2024-10,2024,10,863980000.0
BATRK US,2022-10,2022,10,223650.0
BATRK US,2022-11,2022,11,223650.0
BATRK US,2022-12,2022,12,223650.0
BATRK US,2023-01,2023,1,223650.0
BATRK US,2023-02,2023,2,223650.0
BATRK US,2023-03,2023,3,223650.0
BATRK US,2023-04,2023,4,223650.0
BATRK US,2023-05,2023,5,223650.0
BATRK US,2023-06,2023,6,223650.0
BATRK US,2023-07,2023,7,223650.0
BATRK US,2023-08,2023,8,223650.0
BATRK US,2023-09,2023,9,223650.0
BATRK US,2023-10,2023,10,223650.0
C US,1998-04,1998,4,55240000.0
C US,1998-05,1998,5,55240000.0
C US,1998-06,1998,6,55240000.0
C US,1998-07,1998,7,55240000.0
C US,1998-08,1998,8,55240000.0
C US,1998-09,1998,9,55240000.0
C US,1998-10,1998,10,55240000.0
C US,1998-11,1998,11,55240000.0
C US,1998-12,1998,12,55240000.0
C US,1999-01,1999,1,55240000.0
C US,1999-02,1999,2,55240000.0
C US,1999-03,1999,3,55240000.0
C US,1999-04,1999,4,55240000.0
C US,1999-05,1999,5,55240000.0
C US,1999-06,1999,6,55240000.0
C US,1999-07,1999,7,55240000.0
C US,1999-08,1999,8,55240000.0
C US,1999-09,1999,9,55240000.0
C US,1999-10,1999,10,55240000.0
C US,1999-11,1999,11,55240000.0
C US,1999-12,1999,12,55240000.0
C US,2000-01,2000,1,55240000.0
C US,2000-02,2000,2,55240000.0
C US,2000-03,2000,3,55240000.0
C US,2000-04,2000,4,55240000.0
C US,2000-05,2000,5,55240000.0
C US,2000-06,2000,6,55240000.0
C US,2000-07,2000,7,55240000.0
C US,2000-08,2000,8,55240000.0
C US,2000-09,2000,9,55240000.0
C US,2000-10,2000,10,55240000.0
C US,2000-11,2000,11,55240000.0
C US,2000-12,2000,12,55240000.0
C US,2001-01,2001,1,55240000.0
C US,2001-02,2001,2,55240000.0
C US,2001-03,2001,3,55240000.0
C US,2001-04,2001,4,55240000.0
C US,2001-05,2001,5,55240000.0
C US,2001-06,2001,6,55240000.0
C US,2001-07,2001,7,55240000.0
C US,2001-08,2001,8,55240000.0
C US,2001-09,2001,9,55240000.0
C US,2001-10,2001,10,55240000.0
C US,2001-11,2001,11,55240000.0
C US,2001-12,2001,12,55240000.0
C US,2002-01,2002,1,55240000.0
C US,2002-02,2002,2,55240000.0
C US,2002-03,2002,3,55240000.0
C US,2002-04,2002,4,55240000.0
C US,2002-05,2002,5,55240000.0
C US,2002-06,2002,6,55240000.0
C US,2002-07,2002,7,55240000.0
C US,2002-08,2002,8,55240000.0
C US,2002-09,2002,9,55240000.0
C US,2002-10,2002,10,55240000.0
C US,2002-11,2002,11,55240000.0
C US,2002-12,2002,12,55240000.0
C US,2003-01,2003,1,55240000.0
C US,2003-02,2003,2,55240000.0
C US,2003-03,2003,3,55240000.0
C US,2003-04,2003,4,55240000.0
C US,2003-05,2003,5,55240000.0
C US,2003-06,2003,6,55240000.0
C US,2003-07,2003,7,55240000.0
C US,2003-08,2003,8,55240000.0
C US,2003-09,2003,9,55240000.0
C US,2003-10,2003,10,55240000.0
C US,2003-11,2003,11,55240000.0
C US,2003-12,2003,12,55240000.0
C US,2004-01,2004,1,55240000.0
C US,2004-02,2004,2,55240000.0
C US,2004-03,2004,3,55240000.0
C US,2004-04,2004,4,55240000.0
C US,2004-05,2004,5,55240000.0
C US,2004-06,2004,6,55240000.0
C US,2004-07,2004,7,55240000.0
C US,2004-08,2004,8,55240000.0
C US,2004-09,2004,9,55240000.0
C US,2004-10,2004,10,55240000.0
C US,2004-11,2004,11,55240000.0
C US,2004-12,2004,12,55240000.0
C US,2005-01,2005,1,55240000.0
C US,2005-02,2005,2,55240000.0
C US,2005-03,2005,3,55240000.0
C US,2005-04,2005,4,55240000.0
C US,2005-05,2005,5,55240000.0
C US,2005-06,2005,6,55240000.0
C US,2005-07,2005,7,55240000.0
C US,2005-08,2005,8,55240000.0
C US,2005-09,2005,9,55240000.0
C US,2005-10,2005,10,55240000.0
C US,2005-11,2005,11,55240000.0
C US,2005-12,2005,12,55240000.0
C US,2006-01,2006,1,55240000.0
C US,2006-02,2006,2,55240000.0
C US,2006-03,2006,3,55240000.0
C US,2006-04,2006,4,55240000.0
C US,2006-05,2006,5,55240000.0
C US,2006-06,2006,6,55240000.0
C US,2006-07,2006,7,55240000.0
C US,2006-08,2006,8,55240000.0
C US,2006-09,2006,9,55240000.0
C US,2006-10,2006,10,55240000.0
C US,2006-11,2006,11,55240000.0
C US,2006-12,2006,12,55240000.0
C US,2007-01,2007,1,55240000.0
C US,2007-02,2007,2,55240000.0
C US,2007-03,2007,3,55240000.0
C US,2007-04,2007,4,55240000.0
C US,2007-05,2007,5,55240000.0
C US,2007-06,2007,6,55240000.0
C US,2007-07,2007,7,55240000.0
C US,2007-08,2007,8,55240000.0
C US,2007-09,2007,9,55240000.0
C US,2007-10,2007,10,55240000.0
C US,2007-11,2007,11,55240000.0
C US,2007-12,2007,12,55240000.0
C US,2008-01,2008,1,55240000.0
C US,2008-02,2008,2,55240000.0
C US,2008-03,2008,3,55240000.0
C US,2008-04,2008,4,55240000.0
C US,2008-05,2008,5,55240000.0
C US,2008-06,2008,6,55240000.0
C US,2008-07,2008,7,55240000.0
C US,2008-08,2008,8,55240000.0
C US,2008-09,2008,9,55240000.0
C US,2008-10,2008,10,55240000.0
C US,2008-11,2008,11,55240000.0
C US,2008-12,2008,12,55240000.0
C US,2009-01,2009,1,55240000.0
C US,2009-02,2009,2,55240000.0
C US,2009-03,2009,3,55240000.0
C US,2009-04,2009,4,55240000.0
C US,2009-05,2009,5,55240000.0
C US,2009-06,2009,6,55240000.0
C US,2009-07,2009,7,55240000.0
C US,2009-08,2009,8,55240000.0
C US,2009-09,2009,9,55240000.0
C US,2009-10,2009,10,55240000.0
C US,2009-11,2009,11,55240000.0
C US,2009-12,2009,12,55240000.0
C US,2010-01,2010,1,55240000.0
C US,2010-02,2010,2,55240000.0
C US,2010-03,2010,3,55240000.0
C US,2010-04,2010,4,55240000.0
C US,2010-05,2010,5,55240000.0
C US,2010-06,2010,6,55240000.0
C US,2010-07,2010,7,55240000.0
C US,2010-08,2010,8,55240000.0
C US,2010-09,2010,9,55240000.0
C US,2010-10,2010,10,55240000.0
C US,2010-11,2010,11,55240000.0
C US,2010-12,2010,12,55240000.0
C US,2011-01,2011,1,55240000.0
C US,2011-02,2011,2,55240000.0
C US,2011-03,2011,3,55240000.0
C US,2011-04,2011,4,55240000.0
C US,2011-05,2011,5,55240000.0
C US,2011-06,2011,6,55240000.0
C US,2011-07,2011,7,55240000.0
C US,2011-08,2011,8,55240000.0
C US,2011-09,2011,9,55240000.0
C US,2011-10,2011,10,55240000.0
C US,2011-11,2011,11,55240000.0
C US,2011-12,2011,12,55240000.0
C US,2012-01,2012,1,55240000.0
C US,2012-02,2012,2,55240000.0
C US,2012-03,2012,3,55240000.0
C US,2012-04,2012,4,55240000.0
C US,2012-05,2012,5,55240000.0
C US,2012-06,2012,6,55240000.0
C US,2012-07,2012,7,55240000.0
C US,2012-08,2012,8,55240000.0
C US,2012-09,2012,9,55240000.0
C US,2012-10,2012,10,55240000.0
C US,2012-11,2012,11,55240000.0
C US,2012-12,2012,12,55240000.0
C US,2013-01,2013,1,55240000.0
C US,2013-02,2013,2,55240000.0
C US,2013-03,2013,3,55240000.0
C US,2013-04,2013,4,55240000.0
C US,2013-05,2013,5,55240000.0
C US,2013-06,2013,6,55240000.0
C US,2013-07,2013,7,55240000.0
C US,2013-08,2013,8,55240000.0
C US,2013-09,2013,9,55240000.0
C US,2013-10,2013,10,55240000.0
C US,2013-11,2013,11,55240000.0
C US,2013-12,2013,12,55240000.0
C US,2014-01,2014,1,55240000.0
C US,2014-02,2014,2,55240000.0
C US,2014-03,2014,3,55240000.0
C US,2014-04,2014,4,55240000.0
C US,2014-05,2014,5,55240000.0
C US,2014-06,2014,6,55240000.0
C US,2014-07,2014,7,55240000.0
C US,2014-08,2014,8,55240000.0
C US,2014-09,2014,9,55240000.0
C US,2014-10,2014,10,55240000.0
C US,2014-11,2014,11,55240000.0
C US,2014-12,2014,12,55240000.0
C US,2015-01,2015,1,55240000.0
C US,2015-02,2015,2,55240000.0
C US,2015-03,2015,3,55240000.0
C US,2015-04,2015,4,55240000.0
C US,2015-05,2015,5,55240000.0
C US,2015-06,2015,6,55240000.0
C US,2015-07,2015,7,55240000.0
C US,2015-08,2015,8,55240000.0
C US,2015-09,2015,9,55240000.0
C US,2015-10,2015,10,55240000.0
C US,2015-11,2015,11,55240000.0
C US,2015-12,2015,12,55240000.0
C US,2016-01,2016,1,55240000.0
C US,2016-02,2016,2,55240000.0
C US,2016-03,2016,3,55240000.0
C US,2016-04,2016,4,55240000.0
C US,2016-05,2016,5,55240000.0
C US,2016-06,2016,6,55240000.0
C US,2016-07,2016,7,55240000.0
C US,2016-08,2016,8,55240000.0
C US,2016-09,2016,9,55240000.0
C US,2016-10,2016,10,55240000.0
C US,2016-11,2016,11,55240000.0
C US,2016-12,2016,12,55240000.0
C US,2017-01,2017,1,55240000.0
C US,2017-02,2017,2,55240000.0
C US,2017-03,2017,3,55240000.0
C US,2017-04,2017,4,55240000.0
C US,2017-05,2017,5,55240000.0
C US,2017-06,2017,6,55240000.0
C US,2017-07,2017,7,55240000.0
C US,2017-08,2017,8,55240000.0
C US,2017-09,2017,9,55240000.0
C US,2017-10,2017,10,55240000.0
C US,2017-11,2017,11,55240000.0
C US,2017-12,2017,12,55240000.0
C US,2018-01,2018,1,55240000.0
C US,2018-02,2018,2,55240000.0
C US,2018-03,2018,3,55240000.0
C US,2018-04,2018,4,55240000.0
C US,2018-05,2018,5,55240000.0
C US,2018-06,2018,6,55240000.0
C US,2018-07,2018,7,55240000.0
C US,2018-08,2018,8,55240000.0
C US,2018-09,2018,9,55240000.0
C US,2018-10,2018,10,55240000.0
C US,2018-11,2018,11,55240000.0
C US,2018-12,2018,12,55240000.0
C US,2019-01,2019,1,55240000.0
C US,2019-02,2019,2,55240000.0
C US,2019-03,2019,3,55240000.0
C US,2019-04,2019,4,55240000.0
C US,2019-05,2019,5,55240000.0
C US,2019-06,2019,6,55240000.0
C US,2019-07,2019,7,55240000.0
C US,2019-08,2019,8,55240000.0
C US,2019-09,2019,9,55240000.0
C US,2019-10,2019,10,55240000.0
C US,2019-11,2019,11,55240000.0
C US,2019-12,2019,12,55240000.0
C US,2020-01,2020,1,55240000.0
C US,2020-02,2020,2,55240000.0
C US,2020-03,2020,3,55240000.0
C US,2020-04,2020,4,55240000.0
C US,2020-05,2020,5,55240000.0
C US,2020-06,2020,6,55240000.0
C US,2020-07,2020,7,55240000.0
C US,2020-08,2020,8,55240000.0
C US,2020-09,2020,9,55240000.0
C US,2020-10,2020,10,55240000.0
C US,2020-11,2020,11,55240000.0
C US,2020-12,2020,12,55240000.0
C US,2021-01,2021,1,55240000.0
C US,2021-02,2021,2,55240000.0
C US,2021-03,2021,3,55240000.0
C US,2021-04,2021,4,55240000.0
C US,2021-05,2021,5,55240000.0
C US,2021-06,2021,6,55240000.0
C US,2021-07,2021,7,55240000.0
C US,2021-08,2021,8,55240000.0
C US,2021-09,2021,9,55240000.0
C US,2021-10,2021,10,55240000.0
C US,2021-11,2021,11,55240000.0
C US,2021-12,2021,12,55240000.0
C US,2022-01,2022,1,55240000.0
C US,2022-02,2022,2,55240000.0
C US,2022-03,2022,3,55240000.0
C US,2022-04,2022,4,55240000.0
C US,2022-05,2022,5,55240000.0
C US,2022-06,2022,6,55240000.0
C US,2022-07,2022,7,55240000.0
C US,2022-08,2022,8,55240000.0
C US,2022-09,2022,9,55240000.0
C US,2022-10,2022,10,55240000.0
C US,2022-11,2022,11,55240000.0
C US,2022-12,2022,12,55240000.0
C US,2023-01,2023,1,55240000.0
C US,2023-02,2023,2,55240000.0
C US,2023-03,2023,3,55240000.0
C US,2023-04,2023,4,55240000.0
C US,2023-05,2023,5,55240000.0
C US,2023-06,2023,6,55240000.0
C US,2023-07,2023,7,55240000.0
C US,2023-08,2023,8,55240000.0
C US,2023-09,2023,9,55240000.0
C US,2023-10,2023,10,55240000.0
C US,2023-11,2023,11,55240000.0
C US,2023-12,2023,12,55240000.0
C US,2024-01,2024,1,55240000.0
C US,2024-02,2024,2,55240000.0
C US,2024-03,2024,3,55240000.0
C US,2024-04,2024,4,55240000.0
C US,2024-05,2024,5,55240000.0
C US,2024-06,2024,6,55240000.0
C US,2024-07,2024,7,55240000.0
C US,2024-08,2024,8,55240000.0
C US,2024-09,2024,9,55240000.0
C US,2024-10,2024,10,55240000.0
CB US,1999-01,1999,1,27030000.0
CB US,1999-02,1999,2,27030000.0
CB US,1999-03,1999,3,27030000.0
CB US,1999-04,1999,4,27030000.0
CB US,1999-05,1999,5,27030000.0
CB US,1999-06,1999,6,27030000.0
CB US,1999-07,1999,7,27030000.0
CB US,1999-08,1999,8,27030000.0
CB US,1999-09,1999,9,27030000.0
CB US,1999-10,1999,10,27030000.0
CB US,1999-11,1999,11,27030000.0
CB US,1999-12,1999,12,27030000.0
CB US,2000-01,2000,1,27030000.0
CB US,2000-02,2000,2,27030000.0
CB US,2000-03,2000,3,27030000.0
CB US,2000-04,2000,4,27030000.0
CB US,2000-05,2000,5,27030000.0
CB US,2000-06,2000,6,27030000.0
CB US,2000-07,2000,7,27030000.0
CB US,2000-08,2000,8,27030000.0
CB US,2000-09,2000,9,27030000.0
CB US,2000-10,2000,10,27030000.0
CB US,2000-11,2000,11,27030000.0
CB US,2000-12,2000,12,27030000.0
CB US,2001-01,2001,1,27030000.0
CB US,2001-02,2001,2,27030000.0
CB US,2001-03,2001,3,27030000.0
CB US,2001-04,2001,4,27030000.0
CB US,2001-05,2001,5,27030000.0
CB US,2001-06,2001,6,27030000.0
CB US,2001-07,2001,7,27030000.0
CB US,2001-08,2001,8,27030000.0
CB US,2001-09,2001,9,27030000.0
CB US,2001-10,2001,10,27030000.0
CB US,2001-11,2001,11,27030000.0
CB US,2001-12,2001,12,27030000.0
CB US,2002-01,2002,1,27030000.0
CB US,2002-02,2002,2,27030000.0
CB US,2002-03,2002,3,27030000.0
CB US,2002-04,2002,4,27030000.0
CB US,2002-05,2002,5,27030000.0
CB US,2002-06,2002,6,27030000.0
CB US,2002-07,2002,7,27030000.0
CB US,2002-08,2002,8,27030000.0
CB US,2002-09,2002,9,27030000.0
CB US,2002-10,2002,10,27030000.0
CB US,2002-11,2002,11,27030000.0
CB US,2002-12,2002,12,27030000.0
CB US,2003-01,2003,1,27030000.0
CB US,2003-02,2003,2,27030000.0
CB US,2003-03,2003,3,27030000.0
CB US,2003-04,2003,4,27030000.0
CB US,2003-05,2003,5,27030000.0
CB US,2003-06,2003,6,27030000.0
CB US,2003-07,2003,7,27030000.0
CB US,2003-08,2003,8,27030000.0
CB US,2003-09,2003,9,27030000.0
CB US,2003-10,2003,10,27030000.0
CB US,2003-11,2003,11,27030000.0
CB US,2003-12,2003,12,27030000.0
CB US,2004-01,2004,1,27030000.0
CB US,2004-02,2004,2,27030000.0
CB US,2004-03,2004,3,27030000.0
CB US,2004-04,2004,4,27030000.0
CB US,2004-05,2004,5,27030000.0
CB US,2004-06,2004,6,27030000.0
CB US,2004-07,2004,7,27030000.0
CB US,2004-08,2004,8,27030000.0
CB US,2004-09,2004,9,27030000.0
CB US,2004-10,2004,10,27030000.0
CB US,2004-11,2004,11,27030000.0
CB US,2004-12,2004,12,27030000.0
CB US,2005-01,2005,1,27030000.0
CB US,2005-02,2005,2,27030000.0
CB US,2005-03,2005,3,27030000.0
CB US,2005-04,2005,4,27030000.0
CB US,2005-05,2005,5,27030000.0
CB US,2005-06,2005,6,27030000.0
CB US,2005-07,2005,7,27030000.0
CB US,2005-08,2005,8,27030000.0
CB US,2005-09,2005,9,27030000.0
CB US,2005-10,2005,10,27030000.0
CB US,2005-11,2005,11,27030000.0
CB US,2005-12,2005,12,27030000.0
CB US,2006-01,2006,1,27030000.0
CB US,2006-02,2006,2,27030000.0
CB US,2006-03,2006,3,27030000.0
CB US,2006-04,2006,4,27030000.0
CB US,2006-05,2006,5,27030000.0
CB US,2006-06,2006,6,27030000.0
CB US,2006-07,2006,7,27030000.0
CB US,2006-08,2006,8,27030000.0
CB US,2006-09,2006,9,27030000.0
CB US,2006-10,2006,10,27030000.0
CB US,2006-11,2006,11,27030000.0
CB US,2006-12,2006,12,27030000.0
CB US,2007-01,2007,1,27030000.0
CB US,2007-02,2007,2,27030000.0
CB US,2007-03,2007,3,27030000.0
CB US,2007-04,2007,4,27030000.0
CB US,2007-05,2007,5,27030000.0
CB US,2007-06,2007,6,27030000.0
CB US,2007-07,2007,7,27030000.0
CB US,2007-08,2007,8,27030000.0
CB US,2007-09,2007,9,27030000.0
CB US,2007-10,2007,10,27030000.0
CB US,2007-11,2007,11,27030000.0
CB US,2007-12,2007,12,27030000.0
CB US,2008-01,2008,1,27030000.0
CB US,2008-02,2008,2,27030000.0
CB US,2008-03,2008,3,27030000.0
CB US,2008-04,2008,4,27030000.0
CB US,2008-05,2008,5,27030000.0
CB US,2008-06,2008,6,27030000.0
CB US,2008-07,2008,7,27030000.0
CB US,2008-08,2008,8,27030000.0
CB US,2008-09,2008,9,27030000.0
CB US,2008-10,2008,10,27030000.0
CB US,2008-11,2008,11,27030000.0
CB US,2008-12,2008,12,27030000.0
CB US,2009-01,2009,1,27030000.0
CB US,2009-02,2009,2,27030000.0
CB US,2009-03,2009,3,27030000.0
CB US,2009-04,2009,4,27030000.0
CB US,2009-05,2009,5,27030000.0
CB US,2009-06,2009,6,27030000.0
CB US,2009-07,2009,7,27030000.0
CB US,2009-08,2009,8,27030000.0
CB US,2009-09,2009,9,27030000.0
CB US,2009-10,2009,10,27030000.0
CB US,2009-11,2009,11,27030000.0
CB US,2009-12,2009,12,27030000.0
CB US,2010-01,2010,1,27030000.0
CB US,2010-02,2010,2,27030000.0
CB US,2010-03,2010,3,27030000.0
CB US,2010-04,2010,4,27030000.0
CB US,2010-05,2010,5,27030000.0
CB US,2010-06,2010,6,27030000.0
CB US,2010-07,2010,7,27030000.0
CB US,2010-08,2010,8,27030000.0
CB US,2010-09,2010,9,27030000.0
CB US,2010-10,2010,10,27030000.0
CB US,2010-11,2010,11,27030000.0
CB US,2010-12,2010,12,27030000.0
CB US,2011-01,2011,1,27030000.0
CB US,2011-02,2011,2,27030000.0
CB US,2011-03,2011,3,27030000.0
CB US,2011-04,2011,4,27030000.0
CB US,2011-05,2011,5,27030000.0
CB US,2011-06,2011,6,27030000.0
CB US,2011-07,2011,7,27030000.0
CB US,2011-08,2011,8,27030000.0
CB US,2011-09,2011,9,27030000.0
CB US,2011-10,2011,10,27030000.0
CB US,2011-11,2011,11,27030000.0
CB US,2011-12,2011,12,27030000.0
CB US,2012-01,2012,1,27030000.0
CB US,2012-02,2012,2,27030000.0
CB US,2012-03,2012,3,27030000.0
CB US,2012-04,2012,4,27030000.0
CB US,2012-05,2012,5,27030000.0
CB US,2012-06,2012,6,27030000.0
CB US,2012-07,2012,7,27030000.0
CB US,2012-08,2012,8,27030000.0
CB US,2012-09,2012,9,27030000.0
CB US,2012-10,2012,10,27030000.0
CB US,2012-11,2012,11,27030000.0
CB US,2012-12,2012,12,27030000.0
CB US,2013-01,2013,1,27030000.0
CB US,2013-02,2013,2,27030000.0
CB US,2013-03,2013,3,27030000.0
CB US,2013-04,2013,4,27030000.0
CB US,2013-05,2013,5,27030000.0
CB US,2013-06,2013,6,27030000.0
CB US,2013-07,2013,7,27030000.0
CB US,2013-08,2013,8,27030000.0
CB US,2013-09,2013,9,27030000.0
CB US,2013-10,2013,10,27030000.0
CB US,2013-11,2013,11,27030000.0
CB US,2013-12,2013,12,27030000.0
CB US,2014-01,2014,1,27030000.0
CB US,2014-02,2014,2,27030000.0
CB US,2014-03,2014,3,27030000.0
CB US,2014-04,2014,4,27030000.0
CB US,2014-05,2014,5,27030000.0
CB US,2014-06,2014,6,27030000.0
CB US,2014-07,2014,7,27030000.0
CB US,2014-08,2014,8,27030000.0
CB US,2014-09,2014,9,27030000.0
CB US,2014-10,2014,10,27030000.0
CB US,2014-11,2014,11,27030000.0
CB US,2014-12,2014,12,27030000.0
CB US,2015-01,2015,1,27030000.0
CB US,2015-02,2015,2,27030000.0
CB US,2015-03,2015,3,27030000.0
CB US,2015-04,2015,4,27030000.0
CB US,2015-05,2015,5,27030000.0
CB US,2015-06,2015,6,27030000.0
CB US,2015-07,2015,7,27030000.0
CB US,2015-08,2015,8,27030000.0
CB US,2015-09,2015,9,27030000.0
CB US,2015-10,2015,10,27030000.0
CB US,2015-11,2015,11,27030000.0
CB US,2015-12,2015,12,27030000.0
CB US,2016-01,2016,1,27030000.0
CB US,2016-02,2016,2,27030000.0
CB US,2016-03,2016,3,27030000.0
CB US,2016-04,2016,4,27030000.0
CB US,2016-05,2016,5,27030000.0
CB US,2016-06,2016,6,27030000.0
CB US,2016-07,2016,7,27030000.0
CB US,2016-08,2016,8,27030000.0
CB US,2016-09,2016,9,27030000.0
CB US,2016-10,2016,10,27030000.0
CB US,2016-11,2016,11,27030000.0
CB US,2016-12,2016,12,27030000.0
CB US,2017-01,2017,1,27030000.0
CB US,2017-02,2017,2,27030000.0
CB US,2017-03,2017,3,27030000.0
CB US,2017-04,2017,4,27030000.0
CB US,2017-05,2017,5,27030000.0
CB US,2017-06,2017,6,27030000.0
CB US,2017-07,2017,7,27030000.0
CB US,2017-08,2017,8,27030000.0
CB US,2017-09,2017,9,27030000.0
CB US,2017-10,2017,10,27030000.0
CB US,2017-11,2017,11,27030000.0
CB US,2017-12,2017,12,27030000.0
CB US,2018-01,2018,1,27030000.0
CB US,2018-02,2018,2,27030000.0
CB US,2018-03,2018,3,27030000.0
CB US,2018-04,2018,4,27030000.0
CB US,2018-05,2018,5,27030000.0
CB US,2018-06,2018,6,27030000.0
CB US,2018-07,2018,7,27030000.0
CB US,2018-08,2018,8,27030000.0
CB US,2018-09,2018,9,27030000.0
CB US,2018-10,2018,10,27030000.0
CB US,2018-11,2018,11,27030000.0
CB US,2018-12,2018,12,27030000.0
CB US,2019-01,2019,1,27030000.0
CB US,2019-02,2019,2,27030000.0
CB US,2019-03,2019,3,27030000.0
CB US,2019-04,2019,4,27030000.0
CB US,2019-05,2019,5,27030000.0
CB US,2019-06,2019,6,27030000.0
CB US,2019-07,2019,7,27030000.0
CB US,2019-08,2019,8,27030000.0
CB US,2019-09,2019,9,27030000.0
CB US,2019-10,2019,10,27030000.0
CB US,2019-11,2019,11,27030000.0
CB US,2019-12,2019,12,27030000.0
CB US,2020-01,2020,1,27030000.0
CB US,2020-02,2020,2,27030000.0
CB US,2020-03,2020,3,27030000.0
CB US,2020-04,2020,4,27030000.0
CB US,2020-05,2020,5,27030000.0
CB US,2020-06,2020,6,27030000.0
CB US,2020-07,2020,7,27030000.0
CB US,2020-08,2020,8,27030000.0
CB US,2020-09,2020,9,27030000.0
CB US,2020-10,2020,10,27030000.0
CB US,2020-11,2020,11,27030000.0
CB US,2020-12,2020,12,27030000.0
CB US,2021-01,2021,1,27030000.0
CB US,2021-02,2021,2,27030000.0
CB US,2021-03,2021,3,27030000.0
CB US,2021-04,2021,4,27030000.0
CB US,2021-05,2021,5,27030000.0
CB US,2021-06,2021,6,27030000.0
CB US,2021-07,2021,7,27030000.0
CB US,2021-08,2021,8,27030000.0
CB US,2021-09,2021,9,27030000.0
CB US,2021-10,2021,10,27030000.0
CB US,2021-11,2021,11,27030000.0
CB US,2021-12,2021,12,27030000.0
CB US,2022-01,2022,1,27030000.0
CB US,2022-02,2022,2,27030000.0
CB US,2022-03,2022,3,27030000.0
CB US,2022-04,2022,4,27030000.0
CB US,2022-05,2022,5,27030000.0
CB US,2022-06,2022,6,27030000.0
CB US,2022-07,2022,7,27030000.0
CB US,2022-08,2022,8,27030000.0
CB US,2022-09,2022,9,27030000.0
CB US,2022-10,2022,10,27030000.0
CB US,2022-11,2022,11,27030000.0
CB US,2022-12,2022,12,27030000.0
CB US,2023-01,2023,1,27030000.0
CB US,2023-02,2023,2,27030000.0
CB US,2023-03,2023,3,27030000.0
CB US,2023-04,2023,4,27030000.0
CB US,2023-05,2023,5,27030000.0
CB US,2023-06,2023,6,27030000.0
CB US,2023-07,2023,7,27030000.0
CB US,2023-08,2023,8,27030000.0
CB US,2023-09,2023,9,27030000.0
CB US,2023-10,2023,10,27030000.0
CB US,2023-11,2023,11,27030000.0
CB US,2023-12,2023,12,27030000.0
CB US,2024-01,2024,1,27030000.0
CB US,2024-02,2024,2,27030000.0
CB US,2024-03,2024,3,27030000.0
CB US,2024-04,2024,4,27030000.0
CB US,2024-05,2024,5,27030000.0
CB US,2024-06,2024,6,27030000.0
CB US,2024-07,2024,7,27030000.0
CB US,2024-08,2024,8,27030000.0
CB US,2024-09,2024,9,27030000.0
CB US,2024-10,2024,10,27030000.0
CHTR US Equity,2011-10,2011,10,3830000.0
CHTR US Equity,2011-11,2011,11,3830000.0
CHTR US Equity,2011-12,2011,12,3830000.0
CHTR US Equity,2012-01,2012,1,3830000.0
CHTR US Equity,2012-02,2012,2,3830000.0
CHTR US Equity,2012-03,2012,3,3830000.0
CHTR US Equity,2012-04,2012,4,3830000.0
CHTR US Equity,2012-05,2012,5,3830000.0
CHTR US Equity,2012-06,2012,6,3830000.0
CHTR US Equity,2012-07,2012,7,3830000.0
CHTR US Equity,2012-08,2012,8,3830000.0
CHTR US Equity,2012-09,2012,9,3830000.0
CHTR US Equity,2012-10,2012,10,3830000.0
CHTR US Equity,2012-11,2012,11,3830000.0
CHTR US Equity,2012-12,2012,12,3830000.0
CHTR US Equity,2013-01,2013,1,3830000.0
CHTR US Equity,2013-02,2013,2,3830000.0
CHTR US Equity,2013-03,2013,3,3830000.0
CHTR US Equity,2013-04,2013,4,3830000.0
CHTR US Equity,2013-05,2013,5,3830000.0
CHTR US Equity,2013-06,2013,6,3830000.0
CHTR US Equity,2013-07,2013,7,3830000.0
CHTR US Equity,2013-08,2013,8,3830000.0
CHTR US Equity,2013-09,2013,9,3830000.0
CHTR US Equity,2013-10,2013,10,3830000.0
CHTR US Equity,2013-11,2013,11,3830000.0
CHTR US Equity,2013-12,2013,12,3830000.0
CHTR US Equity,2014-01,2014,1,3830000.0
CHTR US Equity,2014-02,2014,2,3830000.0
CHTR US Equity,2014-03,2014,3,3830000.0
CHTR US Equity,2014-04,2014,4,3830000.0
CHTR US Equity,2014-05,2014,5,3830000.0
CHTR US Equity,2014-06,2014,6,3830000.0
CHTR US Equity,2014-07,2014,7,3830000.0
CHTR US Equity,2014-08,2014,8,3830000.0
CHTR US Equity,2014-09,2014,9,3830000.0
CHTR US Equity,2014-10,2014,10,3830000.0
CHTR US Equity,2014-11,2014,11,3830000.0
CHTR US Equity,2014-12,2014,12,3830000.0
CHTR US Equity,2015-01,2015,1,3830000.0
CHTR US Equity,2015-02,2015,2,3830000.0
CHTR US Equity,2015-03,2015,3,3830000.0
CHTR US Equity,2015-04,2015,4,3830000.0
CHTR US Equity,2015-05,2015,5,3830000.0
CHTR US Equity,2015-06,2015,6,3830000.0
CHTR US Equity,2015-07,2015,7,3830000.0
CHTR US Equity,2015-08,2015,8,3830000.0
CHTR US Equity,2015-09,2015,9,3830000.0
CHTR US Equity,2015-10,2015,10,3830000.0
CHTR US Equity,2015-11,2015,11,3830000.0
CHTR US Equity,2015-12,2015,12,3830000.0
CHTR US Equity,2016-01,2016,1,3830000.0
CHTR US Equity,2016-02,2016,2,3830000.0
CHTR US Equity,2016-03,2016,3,3830000.0
CHTR US Equity,2016-04,2016,4,3830000.0
CHTR US Equity,2016-05,2016,5,3830000.0
CHTR US Equity,2016-06,2016,6,3830000.0
CHTR US Equity,2016-07,2016,7,3830000.0
CHTR US Equity,2016-08,2016,8,3830000.0
CHTR US Equity,2016-09,2016,9,3830000.0
CHTR US Equity,2016-10,2016,10,3830000.0
CHTR US Equity,2016-11,2016,11,3830000.0
CHTR US Equity,2016-12,2016,12,3830000.0
CHTR US Equity,2017-01,2017,1,3830000.0
CHTR US Equity,2017-02,2017,2,3830000.0
CHTR US Equity,2017-03,2017,3,3830000.0
CHTR US Equity,2017-04,2017,4,3830000.0
CHTR US Equity,2017-05,2017,5,3830000.0
CHTR US Equity,2017-06,2017,6,3830000.0
CHTR US Equity,2017-07,2017,7,3830000.0
CHTR US Equity,2017-08,2017,8,3830000.0
CHTR US Equity,2017-09,2017,9,3830000.0
CHTR US Equity,2017-10,2017,10,3830000.0
CHTR US Equity,2017-11,2017,11,3830000.0
CHTR US Equity,2017-12,2017,12,3830000.0
CHTR US Equity,2018-01,2018,1,3830000.0
CHTR US Equity,2018-02,2018,2,3830000.0
CHTR US Equity,2018-03,2018,3,3830000.0
CHTR US Equity,2018-04,2018,4,3830000.0
CHTR US Equity,2018-05,2018,5,3830000.0
CHTR US Equity,2018-06,2018,6,3830000.0
CHTR US Equity,2018-07,2018,7,3830000.0
CHTR US Equity,2018-08,2018,8,3830000.0
CHTR US Equity,2018-09,2018,9,3830000.0
CHTR US Equity,2018-10,2018,10,3830000.0
CHTR US Equity,2018-11,2018,11,3830000.0
CHTR US Equity,2018-12,2018,12,3830000.0
CHTR US Equity,2019-01,2019,1,3830000.0
CHTR US Equity,2019-02,2019,2,3830000.0
CHTR US Equity,2019-03,2019,3,3830000.0
CHTR US Equity,2019-04,2019,4,3830000.0
CHTR US Equity,2019-05,2019,5,3830000.0
CHTR US Equity,2019-06,2019,6,3830000.0
CHTR US Equity,2019-07,2019,7,3830000.0
CHTR US Equity,2019-08,2019,8,3830000.0
CHTR US Equity,2019-09,2019,9,3830000.0
CHTR US Equity,2019-10,2019,10,3830000.0
CHTR US Equity,2019-11,2019,11,3830000.0
CHTR US Equity,2019-12,2019,12,3830000.0
CHTR US Equity,2020-01,2020,1,3830000.0
CHTR US Equity,2020-02,2020,2,3830000.0
CHTR US Equity,2020-03,2020,3,3830000.0
CHTR US Equity,2020-04,2020,4,3830000.0
CHTR US Equity,2020-05,2020,5,3830000.0
CHTR US Equity,2020-06,2020,6,3830000.0
CHTR US Equity,2020-07,2020,7,3830000.0
CHTR US Equity,2020-08,2020,8,3830000.0
CHTR US Equity,2020-09,2020,9,3830000.0
CHTR US Equity,2020-10,2020,10,3830000.0
CHTR US Equity,2020-11,2020,11,3830000.0
CHTR US Equity,2020-12,2020,12,3830000.0
CHTR US Equity,2021-01,2021,1,3830000.0
CHTR US Equity,2021-02,2021,2,3830000.0
CHTR US Equity,2021-03,2021,3,3830000.0
CHTR US Equity,2021-04,2021,4,3830000.0
CHTR US Equity,2021-05,2021,5,3830000.0
CHTR US Equity,2021-06,2021,6,3830000.0
CHTR US Equity,2021-07,2021,7,3830000.0
CHTR US Equity,2021-08,2021,8,3830000.0
CHTR US Equity,2021-09,2021,9,3830000.0
CHTR US Equity,2021-10,2021,10,3830000.0
CHTR US Equity,2021-11,2021,11,3830000.0
CHTR US Equity,2021-12,2021,12,3830000.0
CHTR US Equity,2022-01,2022,1,3830000.0
CHTR US Equity,2022-02,2022,2,3830000.0
CHTR US Equity,2022-03,2022,3,3830000.0
CHTR US Equity,2022-04,2022,4,3830000.0
CHTR US Equity,2022-05,2022,5,3830000.0
CHTR US Equity,2022-06,2022,6,3830000.0
CHTR US Equity,2022-07,2022,7,3830000.0
CHTR US Equity,2022-08,2022,8,3830000.0
CHTR US Equity,2022-09,2022,9,3830000.0
CHTR US Equity,2022-10,2022,10,3830000.0
CHTR US Equity,2022-11,2022,11,3830000.0
CHTR US Equity,2022-12,2022,12,3830000.0
CHTR US Equity,2023-01,2023,1,3830000.0
CHTR US Equity,2023-02,2023,2,3830000.0
CHTR US Equity,2023-03,2023,3,3830000.0
CHTR US Equity,2023-04,2023,4,3830000.0
CHTR US Equity,2023-05,2023,5,3830000.0
CHTR US Equity,2023-06,2023,6,3830000.0
CHTR US Equity,2023-07,2023,7,3830000.0
CHTR US Equity,2023-08,2023,8,3830000.0
CHTR US Equity,2023-09,2023,9,3830000.0
CHTR US Equity,2023-10,2023,10,3830000.0
CHTR US Equity,2023-11,2023,11,3830000.0
CHTR US Equity,2023-12,2023,12,3830000.0
CHTR US Equity,2024-01,2024,1,3830000.0
CHTR US Equity,2024-02,2024,2,3830000.0
CHTR US Equity,2024-03,2024,3,3830000.0
CHTR US Equity,2024-04,2024,4,3830000.0
CHTR US Equity,2024-05,2024,5,3830000.0
CHTR US Equity,2024-06,2024,6,3830000.0
CHTR US Equity,2024-07,2024,7,3830000.0
CHTR US Equity,2024-08,2024,8,3830000.0
CHTR US Equity,2024-09,2024,9,3830000.0
CHTR US Equity,2024-10,2024,10,3830000.0
CMS US,1999-07,1999,7,0.0
CMS US,1999-08,1999,8,0.0
CMS US,1999-09,1999,9,0.0
CMS US,1999-10,1999,10,0.0
CMS US,1999-11,1999,11,0.0
CMS US,1999-12,1999,12,0.0
CMS US,2000-01,2000,1,0.0
CMS US,2000-02,2000,2,0.0
CMS US,2000-03,2000,3,0.0
CMS US,2000-04,2000,4,0.0
CMS US,2000-05,2000,5,0.0
CMS US,2000-06,2000,6,0.0
CMS US,2000-07,2000,7,0.0
CMS US,2000-08,2000,8,0.0
CMS US,2000-09,2000,9,0.0
CMS US,2000-10,2000,10,0.0
CMS US,2000-11,2000,11,0.0
CMS US,2000-12,2000,12,0.0
CMS US,2001-01,2001,1,0.0
CMS US,2001-02,2001,2,0.0
CMS US,2001-03,2001,3,0.0
CMS US,2001-04,2001,4,0.0
CMS US,2001-05,2001,5,0.0
CMS US,2001-06,2001,6,0.0
CMS US,2001-07,2001,7,32220.0
CMS US,2001-08,2001,8,32220.0
CMS US,2001-09,2001,9,32220.0
CMS US,2001-10,2001,10,0.0
CMS US,2001-11,2001,11,0.0
CMS US,2001-12,2001,12,0.0
CMS US,2002-01,2002,1,0.0
CMS US,2002-02,2002,2,0.0
CMS US,2002-03,2002,3,0.0
CMS US,2002-04,2002,4,0.0
CMS US,2002-05,2002,5,0.0
CMS US,2002-06,2002,6,0.0
CMS US,2002-07,2002,7,71110.0
CMS US,2002-08,2002,8,71110.0
CMS US,2002-09,2002,9,71110.0
CMS US,2002-10,2002,10,0.0
CMS US,2002-11,2002,11,0.0
CMS US,2002-12,2002,12,0.0
CMS US,2003-01,2003,1,5560.0
CMS US,2003-02,2003,2,5560.0
CMS US,2003-03,2003,3,5560.0
CMS US,2003-04,2003,4,0.0
CMS US,2003-05,2003,5,0.0
CMS US,2003-06,2003,6,0.0
CMS US,2003-07,2003,7,0.0
CMS US,2003-08,2003,8,0.0
CMS US,2003-09,2003,9,0.0
CMS US,2003-10,2003,10,0.0
CMS US,2003-11,2003,11,0.0
CMS US,2003-12,2003,12,0.0
CMS US,2004-01,2004,1,0.0
CMS US,2004-02,2004,2,0.0
CMS US,2004-03,2004,3,0.0
CMS US,2004-04,2004,4,0.0
CMS US,2004-05,2004,5,0.0
CMS US,2004-06,2004,6,0.0
CMS US,2004-07,2004,7,0.0
CMS US,2004-08,2004,8,0.0
CMS US,2004-09,2004,9,0.0
CMS US,2004-10,2004,10,0.0
CMS US,2004-11,2004,11,0.0
CMS US,2004-12,2004,12,0.0
CMS US,2005-01,2005,1,0.0
CMS US,2005-02,2005,2,0.0
CMS US,2005-03,2005,3,0.0
CMS US,2005-04,2005,4,200000.0
CMS US,2005-05,2005,5,200000.0
CMS US,2005-06,2005,6,200000.0
CMS US,2005-07,2005,7,172220.0
CMS US,2005-08,2005,8,172220.0
CMS US,2005-09,2005,9,172220.0
CMS US,2005-10,2005,10,0.0
CMS US,2005-11,2005,11,0.0
CMS US,2005-12,2005,12,0.0
CMS US,2006-01,2006,1,0.0
CMS US,2006-02,2006,2,0.0
CMS US,2006-03,2006,3,0.0
CMS US,2006-04,2006,4,0.0
CMS US,2006-05,2006,5,0.0
CMS US,2006-06,2006,6,0.0
CMS US,2006-07,2006,7,0.0
CMS US,2006-08,2006,8,0.0
CMS US,2006-09,2006,9,0.0
CMS US,2006-10,2006,10,0.0
CMS US,2006-11,2006,11,0.0
CMS US,2006-12,2006,12,0.0
CMS US,2007-01,2007,1,0.0
CMS US,2007-02,2007,2,0.0
CMS US,2007-03,2007,3,0.0
CMS US,2007-04,2007,4,0.0
CMS US,2007-05,2007,5,0.0
CMS US,2007-06,2007,6,0.0
CMS US,2007-07,2007,7,0.0
CMS US,2007-08,2007,8,0.0
CMS US,2007-09,2007,9,0.0
CMS US,2007-10,2007,10,0.0
CMS US,2007-11,2007,11,0.0
CMS US,2007-12,2007,12,0.0
CMS US,2008-01,2008,1,0.0
CMS US,2008-02,2008,2,0.0
CMS US,2008-03,2008,3,0.0
CMS US,2008-04,2008,4,18890.0
CMS US,2008-05,2008,5,18890.0
CMS US,2008-06,2008,6,18890.0
CMS US,2008-07,2008,7,0.0
CMS US,2008-08,2008,8,0.0
CMS US,2008-09,2008,9,0.0
CMS US,2008-10,2008,10,0.0
CMS US,2008-11,2008,11,0.0
CMS US,2008-12,2008,12,0.0
CMS US,2009-01,2009,1,0.0
CMS US,2009-02,2009,2,0.0
CMS US,2009-03,2009,3,0.0
CMS US,2009-04,2009,4,0.0
CMS US,2009-05,2009,5,0.0
CMS US,2009-06,2009,6,0.0
CMS US,2009-07,2009,7,0.0
CMS US,2009-08,2009,8,0.0
CMS US,2009-09,2009,9,0.0
CMS US,2009-10,2009,10,0.0
CMS US,2009-11,2009,11,0.0
CMS US,2009-12,2009,12,0.0
CMS US,2010-01,2010,1,46670.0
CMS US,2010-02,2010,2,46670.0
CMS US,2010-03,2010,3,46670.0
CMS US,2010-04,2010,4,46670.0
CMS US,2010-05,2010,5,46670.0
CMS US,2010-06,2010,6,46670.0
CMS US,2010-07,2010,7,46670.0
CMS US,2010-08,2010,8,46670.0
CMS US,2010-09,2010,9,46670.0
CMS US,2010-10,2010,10,46670.0
CMS US,2010-11,2010,11,46670.0
CMS US,2010-12,2010,12,46670.0
CMS US,2011-01,2011,1,172220.0
CMS US,2011-02,2011,2,172220.0
CMS US,2011-03,2011,3,172220.0
CMS US,2011-04,2011,4,95560.0
CMS US,2011-05,2011,5,95560.0
CMS US,2011-06,2011,6,95560.0
CMS US,2011-07,2011,7,95560.0
CMS US,2011-08,2011,8,95560.0
CMS US,2011-09,2011,9,95560.0
CMS US,2011-10,2011,10,328890.0
CMS US,2011-11,2011,11,328890.0
CMS US,2011-12,2011,12,328890.0
CMS US,2012-01,2012,1,300000.0
CMS US,2012-02,2012,2,300000.0
CMS US,2012-03,2012,3,300000.0
CMS US,2012-04,2012,4,224440.0
CMS US,2012-05,2012,5,224440.0
CMS US,2012-06,2012,6,224440.0
CMS US,2012-07,2012,7,300000.0
CMS US,2012-08,2012,8,300000.0
CMS US,2012-09,2012,9,300000.0
CMS US,2012-10,2012,10,276670.0
CMS US,2012-11,2012,11,276670.0
CMS US,2012-12,2012,12,276670.0
CMS US,2013-01,2013,1,276670.0
CMS US,2013-02,2013,2,276670.0
CMS US,2013-03,2013,3,276670.0
CMS US,2013-04,2013,4,276670.0
CMS US,2013-05,2013,5,276670.0
CMS US,2013-06,2013,6,276670.0
CMS US,2013-07,2013,7,276670.0
CMS US,2013-08,2013,8,276670.0
CMS US,2013-09,2013,9,276670.0
CMS US,2013-10,2013,10,300000.0
CMS US,2013-11,2013,11,300000.0
CMS US,2013-12,2013,12,300000.0
CMS US,2014-01,2014,1,300000.0
CMS US,2014-02,2014,2,300000.0
CMS US,2014-03,2014,3,300000.0
CMS US,2014-04,2014,4,237800.0
CMS US,2014-05,2014,5,237800.0
CMS US,2014-06,2014,6,237800.0
CMS US,2014-07,2014,7,250000.0
CMS US,2014-08,2014,8,250000.0
CMS US,2014-09,2014,9,250000.0
CMS US,2014-10,2014,10,224440.0
CMS US,2014-11,2014,11,224440.0
CMS US,2014-12,2014,12,224440.0
CMS US,2015-01,2015,1,121120.0
CMS US,2015-02,2015,2,121120.0
CMS US,2015-03,2015,3,121120.0
CMS US,2015-04,2015,4,111120.0
CMS US,2015-05,2015,5,111120.0
CMS US,2015-06,2015,6,111120.0
CMS US,2015-07,2015,7,95560.0
CMS US,2015-08,2015,8,95560.0
CMS US,2015-09,2015,9,95560.0
CMS US,2015-10,2015,10,71110.0
CMS US,2015-11,2015,11,71110.0
CMS US,2015-12,2015,12,71110.0
CMS US,2016-01,2016,1,46670.0
CMS US,2016-02,2016,2,46670.0
CMS US,2016-03,2016,3,46670.0
CMS US,2016-04,2016,4,46670.0
CMS US,2016-05,2016,5,46670.0
CMS US,2016-06,2016,6,46670.0
CMS US,2016-07,2016,7,46670.0
CMS US,2016-08,2016,8,46670.0
CMS US,2016-09,2016,9,46670.0
CMS US,2016-10,2016,10,46670.0
CMS US,2016-11,2016,11,46670.0
CMS US,2016-12,2016,12,46670.0
CMS US,2017-01,2017,1,46670.0
CMS US,2017-02,2017,2,46670.0
CMS US,2017-03,2017,3,46670.0
CMS US,2017-04,2017,4,46670.0
CMS US,2017-05,2017,5,46670.0
CMS US,2017-06,2017,6,46670.0
CMS US,2017-07,2017,7,18890.0
CMS US,2017-08,2017,8,18890.0
CMS US,2017-09,2017,9,18890.0
CMS US,2017-10,2017,10,18890.0
CMS US,2017-11,2017,11,18890.0
CMS US,2017-12,2017,12,18890.0
CMS US,2018-01,2018,1,18890.0
CMS US,2018-02,2018,2,18890.0
CMS US,2018-03,2018,3,18890.0
CMS US,2018-04,2018,4,18890.0
CMS US,2018-05,2018,5,18890.0
CMS US,2018-06,2018,6,18890.0
CMS US,2018-07,2018,7,18890.0
CMS US,2018-08,2018,8,18890.0
CMS US,2018-09,2018,9,18890.0
CMS US,2018-10,2018,10,18890.0
CMS US,2018-11,2018,11,18890.0
CMS US,2018-12,2018,12,18890.0
CMS US,2019-01,2019,1,18890.0
CMS US,2019-02,2019,2,18890.0
CMS US,2019-03,2019,3,18890.0
CMS US,2019-04,2019,4,18890.0
CMS US,2019-05,2019,5,18890.0
CMS US,2019-06,2019,6,18890.0
CMS US,2019-07,2019,7,18890.0
CMS US,2019-08,2019,8,18890.0
CMS US,2019-09,2019,9,18890.0
CMS US,2019-10,2019,10,18890.0
CMS US,2019-11,2019,11,18890.0
CMS US,2019-12,2019,12,18890.0
CMS US,2020-01,2020,1,18890.0
CMS US,2020-02,2020,2,18890.0
CMS US,2020-03,2020,3,18890.0
CMS US,2020-04,2020,4,18890.0
CMS US,2020-05,2020,5,18890.0
CMS US,2020-06,2020,6,18890.0
CMS US,2020-07,2020,7,18890.0
CMS US,2020-08,2020,8,18890.0
CMS US,2020-09,2020,9,18890.0
CMS US,2020-10,2020,10,18890.0
CMS US,2020-11,2020,11,18890.0
CMS US,2020-12,2020,12,18890.0
CMS US,2021-01,2021,1,18890.0
CMS US,2021-02,2021,2,18890.0
CMS US,2021-03,2021,3,18890.0
CMS US,2021-04,2021,4,18890.0
CMS US,2021-05,2021,5,18890.0
CMS US,2021-06,2021,6,18890.0
CMS US,2021-07,2021,7,18890.0
CMS US,2021-08,2021,8,18890.0
CMS US,2021-09,2021,9,18890.0
CMS US,2021-10,2021,10,18890.0
CMS US,2021-11,2021,11,18890.0
CMS US,2021-12,2021,12,18890.0
CMS US,2022-01,2022,1,18890.0
CMS US,2022-02,2022,2,18890.0
CMS US,2022-03,2022,3,18890.0
CMS US,2022-04,2022,4,18890.0
CMS US,2022-05,2022,5,18890.0
CMS US,2022-06,2022,6,18890.0
CMS US,2022-07,2022,7,18890.0
CMS US,2022-08,2022,8,18890.0
CMS US,2022-09,2022,9,18890.0
CMS US,2022-10,2022,10,18890.0
CMS US,2022-11,2022,11,18890.0
CMS US,2022-12,2022,12,18890.0
CMS US,2023-01,2023,1,18890.0
CMS US,2023-02,2023,2,18890.0
CMS US,2023-03,2023,3,18890.0
CMS US,2023-04,2023,4,18890.0
CMS US,2023-05,2023,5,18890.0
CMS US,2023-06,2023,6,18890.0
CMS US,2023-07,2023,7,95560.0
CMS US,2023-08,2023,8,95560.0
CMS US,2023-09,2023,9,95560.0
CMS US,2023-10,2023,10,126680.0
CMS US,2023-11,2023,11,126680.0
CMS US,2023-12,2023,12,126680.0
CMS US,2024-01,2024,1,114450.0
CMS US,2024-02,2024,2,114450.0
CMS US,2024-03,2024,3,114450.0
CMS US,2024-04,2024,4,122230.0
CMS US,2024-05,2024,5,122230.0
CMS US,2024-06,2024,6,122230.0
CMS US,2024-07,2024,7,117790.0
CMS US,2024-08,2024,8,117790.0
CMS US,2024-09,2024,9,117790.0
CMS US,2024-10,2024,10,117790.0
COF US,1999-01,1999,1,9820000.0
COF US,1999-02,1999,2,9820000.0
COF US,1999-03,1999,3,9820000.0
COF US,1999-04,1999,4,9820000.0
COF US,1999-05,1999,5,9820000.0
COF US,1999-06,1999,6,9820000.0
COF US,1999-07,1999,7,9820000.0
COF US,1999-08,1999,8,9820000.0
COF US,1999-09,1999,9,9820000.0
COF US,1999-10,1999,10,9820000.0
COF US,1999-11,1999,11,9820000.0
COF US,1999-12,1999,12,9820000.0
COF US,2000-01,2000,1,9820000.0
COF US,2000-02,2000,2,9820000.0
COF US,2000-03,2000,3,9820000.0
COF US,2000-04,2000,4,9820000.0
COF US,2000-05,2000,5,9820000.0
COF US,2000-06,2000,6,9820000.0
COF US,2000-07,2000,7,9820000.0
COF US,2000-08,2000,8,9820000.0
COF US,2000-09,2000,9,9820000.0
COF US,2000-10,2000,10,9820000.0
COF US,2000-11,2000,11,9820000.0
COF US,2000-12,2000,12,9820000.0
COF US,2001-01,2001,1,9820000.0
COF US,2001-02,2001,2,9820000.0
COF US,2001-03,2001,3,9820000.0
COF US,2001-04,2001,4,9820000.0
COF US,2001-05,2001,5,9820000.0
COF US,2001-06,2001,6,9820000.0
COF US,2001-07,2001,7,9820000.0
COF US,2001-08,2001,8,9820000.0
COF US,2001-09,2001,9,9820000.0
COF US,2001-10,2001,10,9820000.0
COF US,2001-11,2001,11,9820000.0
COF US,2001-12,2001,12,9820000.0
COF US,2002-01,2002,1,9820000.0
COF US,2002-02,2002,2,9820000.0
COF US,2002-03,2002,3,9820000.0
COF US,2002-04,2002,4,9820000.0
COF US,2002-05,2002,5,9820000.0
COF US,2002-06,2002,6,9820000.0
COF US,2002-07,2002,7,9820000.0
COF US,2002-08,2002,8,9820000.0
COF US,2002-09,2002,9,9820000.0
COF US,2002-10,2002,10,9820000.0
COF US,2002-11,2002,11,9820000.0
COF US,2002-12,2002,12,9820000.0
COF US,2003-01,2003,1,9820000.0
COF US,2003-02,2003,2,9820000.0
COF US,2003-03,2003,3,9820000.0
COF US,2003-04,2003,4,9820000.0
COF US,2003-05,2003,5,9820000.0
COF US,2003-06,2003,6,9820000.0
COF US,2003-07,2003,7,9820000.0
COF US,2003-08,2003,8,9820000.0
COF US,2003-09,2003,9,9820000.0
COF US,2003-10,2003,10,9820000.0
COF US,2003-11,2003,11,9820000.0
COF US,2003-12,2003,12,9820000.0
COF US,2004-01,2004,1,9820000.0
COF US,2004-02,2004,2,9820000.0
COF US,2004-03,2004,3,9820000.0
COF US,2004-04,2004,4,9820000.0
COF US,2004-05,2004,5,9820000.0
COF US,2004-06,2004,6,9820000.0
COF US,2004-07,2004,7,9820000.0
COF US,2004-08,2004,8,9820000.0
COF US,2004-09,2004,9,9820000.0
COF US,2004-10,2004,10,9820000.0
COF US,2004-11,2004,11,9820000.0
COF US,2004-12,2004,12,9820000.0
COF US,2005-01,2005,1,9820000.0
COF US,2005-02,2005,2,9820000.0
COF US,2005-03,2005,3,9820000.0
COF US,2005-04,2005,4,9820000.0
COF US,2005-05,2005,5,9820000.0
COF US,2005-06,2005,6,9820000.0
COF US,2005-07,2005,7,9820000.0
COF US,2005-08,2005,8,9820000.0
COF US,2005-09,2005,9,9820000.0
COF US,2005-10,2005,10,9820000.0
COF US,2005-11,2005,11,9820000.0
COF US,2005-12,2005,12,9820000.0
COF US,2006-01,2006,1,9820000.0
COF US,2006-02,2006,2,9820000.0
COF US,2006-03,2006,3,9820000.0
COF US,2006-04,2006,4,9820000.0
COF US,2006-05,2006,5,9820000.0
COF US,2006-06,2006,6,9820000.0
COF US,2006-07,2006,7,9820000.0
COF US,2006-08,2006,8,9820000.0
COF US,2006-09,2006,9,9820000.0
COF US,2006-10,2006,10,9820000.0
COF US,2006-11,2006,11,9820000.0
COF US,2006-12,2006,12,9820000.0
COF US,2007-01,2007,1,9820000.0
COF US,2007-02,2007,2,9820000.0
COF US,2007-03,2007,3,9820000.0
COF US,2007-04,2007,4,9820000.0
COF US,2007-05,2007,5,9820000.0
COF US,2007-06,2007,6,9820000.0
COF US,2007-07,2007,7,9820000.0
COF US,2007-08,2007,8,9820000.0
COF US,2007-09,2007,9,9820000.0
COF US,2007-10,2007,10,9820000.0
COF US,2007-11,2007,11,9820000.0
COF US,2007-12,2007,12,9820000.0
COF US,2008-01,2008,1,9820000.0
COF US,2008-02,2008,2,9820000.0
COF US,2008-03,2008,3,9820000.0
COF US,2008-04,2008,4,9820000.0
COF US,2008-05,2008,5,9820000.0
COF US,2008-06,2008,6,9820000.0
COF US,2008-07,2008,7,9820000.0
COF US,2008-08,2008,8,9820000.0
COF US,2008-09,2008,9,9820000.0
COF US,2008-10,2008,10,9820000.0
COF US,2008-11,2008,11,9820000.0
COF US,2008-12,2008,12,9820000.0
COF US,2009-01,2009,1,9820000.0
COF US,2009-02,2009,2,9820000.0
COF US,2009-03,2009,3,9820000.0
COF US,2009-04,2009,4,9820000.0
COF US,2009-05,2009,5,9820000.0
COF US,2009-06,2009,6,9820000.0
COF US,2009-07,2009,7,9820000.0
COF US,2009-08,2009,8,9820000.0
COF US,2009-09,2009,9,9820000.0
COF US,2009-10,2009,10,9820000.0
COF US,2009-11,2009,11,9820000.0
COF US,2009-12,2009,12,9820000.0
COF US,2010-01,2010,1,9820000.0
COF US,2010-02,2010,2,9820000.0
COF US,2010-03,2010,3,9820000.0
COF US,2010-04,2010,4,9820000.0
COF US,2010-05,2010,5,9820000.0
COF US,2010-06,2010,6,9820000.0
COF US,2010-07,2010,7,9820000.0
COF US,2010-08,2010,8,9820000.0
COF US,2010-09,2010,9,9820000.0
COF US,2010-10,2010,10,9820000.0
COF US,2010-11,2010,11,9820000.0
COF US,2010-12,2010,12,9820000.0
COF US,2011-01,2011,1,9820000.0
COF US,2011-02,2011,2,9820000.0
COF US,2011-03,2011,3,9820000.0
COF US,2011-04,2011,4,9820000.0
COF US,2011-05,2011,5,9820000.0
COF US,2011-06,2011,6,9820000.0
COF US,2011-07,2011,7,9820000.0
COF US,2011-08,2011,8,9820000.0
COF US,2011-09,2011,9,9820000.0
COF US,2011-10,2011,10,9820000.0
COF US,2011-11,2011,11,9820000.0
COF US,2011-12,2011,12,9820000.0
COF US,2012-01,2012,1,9820000.0
COF US,2012-02,2012,2,9820000.0
COF US,2012-03,2012,3,9820000.0
COF US,2012-04,2012,4,9820000.0
COF US,2012-05,2012,5,9820000.0
COF US,2012-06,2012,6,9820000.0
COF US,2012-07,2012,7,9820000.0
COF US,2012-08,2012,8,9820000.0
COF US,2012-09,2012,9,9820000.0
COF US,2012-10,2012,10,9820000.0
COF US,2012-11,2012,11,9820000.0
COF US,2012-12,2012,12,9820000.0
COF US,2013-01,2013,1,9820000.0
COF US,2013-02,2013,2,9820000.0
COF US,2013-03,2013,3,9820000.0
COF US,2013-04,2013,4,9820000.0
COF US,2013-05,2013,5,9820000.0
COF US,2013-06,2013,6,9820000.0
COF US,2013-07,2013,7,9820000.0
COF US,2013-08,2013,8,9820000.0
COF US,2013-09,2013,9,9820000.0
COF US,2013-10,2013,10,9820000.0
COF US,2013-11,2013,11,9820000.0
COF US,2013-12,2013,12,9820000.0
COF US,2014-01,2014,1,9820000.0
COF US,2014-02,2014,2,9820000.0
COF US,2014-03,2014,3,9820000.0
COF US,2014-04,2014,4,9820000.0
COF US,2014-05,2014,5,9820000.0
COF US,2014-06,2014,6,9820000.0
COF US,2014-07,2014,7,9820000.0
COF US,2014-08,2014,8,9820000.0
COF US,2014-09,2014,9,9820000.0
COF US,2014-10,2014,10,9820000.0
COF US,2014-11,2014,11,9820000.0
COF US,2014-12,2014,12,9820000.0
COF US,2015-01,2015,1,9820000.0
COF US,2015-02,2015,2,9820000.0
COF US,2015-03,2015,3,9820000.0
COF US,2015-04,2015,4,9820000.0
COF US,2015-05,2015,5,9820000.0
COF US,2015-06,2015,6,9820000.0
COF US,2015-07,2015,7,9820000.0
COF US,2015-08,2015,8,9820000.0
COF US,2015-09,2015,9,9820000.0
COF US,2015-10,2015,10,9820000.0
COF US,2015-11,2015,11,9820000.0
COF US,2015-12,2015,12,9820000.0
COF US,2016-01,2016,1,9820000.0
COF US,2016-02,2016,2,9820000.0
COF US,2016-03,2016,3,9820000.0
COF US,2016-04,2016,4,9820000.0
COF US,2016-05,2016,5,9820000.0
COF US,2016-06,2016,6,9820000.0
COF US,2016-07,2016,7,9820000.0
COF US,2016-08,2016,8,9820000.0
COF US,2016-09,2016,9,9820000.0
COF US,2016-10,2016,10,9820000.0
COF US,2016-11,2016,11,9820000.0
COF US,2016-12,2016,12,9820000.0
COF US,2017-01,2017,1,9820000.0
COF US,2017-02,2017,2,9820000.0
COF US,2017-03,2017,3,9820000.0
COF US,2017-04,2017,4,9820000.0
COF US,2017-05,2017,5,9820000.0
COF US,2017-06,2017,6,9820000.0
COF US,2017-07,2017,7,9820000.0
COF US,2017-08,2017,8,9820000.0
COF US,2017-09,2017,9,9820000.0
COF US,2017-10,2017,10,9820000.0
COF US,2017-11,2017,11,9820000.0
COF US,2017-12,2017,12,9820000.0
COF US,2018-01,2018,1,9820000.0
COF US,2018-02,2018,2,9820000.0
COF US,2018-03,2018,3,9820000.0
COF US,2018-04,2018,4,9820000.0
COF US,2018-05,2018,5,9820000.0
COF US,2018-06,2018,6,9820000.0
COF US,2018-07,2018,7,9820000.0
COF US,2018-08,2018,8,9820000.0
COF US,2018-09,2018,9,9820000.0
COF US,2018-10,2018,10,9820000.0
COF US,2018-11,2018,11,9820000.0
COF US,2018-12,2018,12,9820000.0
COF US,2019-01,2019,1,9820000.0
COF US,2019-02,2019,2,9820000.0
COF US,2019-03,2019,3,9820000.0
COF US,2019-04,2019,4,9820000.0
COF US,2019-05,2019,5,9820000.0
COF US,2019-06,2019,6,9820000.0
COF US,2019-07,2019,7,9820000.0
COF US,2019-08,2019,8,9820000.0
COF US,2019-09,2019,9,9820000.0
COF US,2019-10,2019,10,9820000.0
COF US,2019-11,2019,11,9820000.0
COF US,2019-12,2019,12,9820000.0
COF US,2020-01,2020,1,9820000.0
COF US,2020-02,2020,2,9820000.0
COF US,2020-03,2020,3,9820000.0
COF US,2020-04,2020,4,9820000.0
COF US,2020-05,2020,5,9820000.0
COF US,2020-06,2020,6,9820000.0
COF US,2020-07,2020,7,9820000.0
COF US,2020-08,2020,8,9820000.0
COF US,2020-09,2020,9,9820000.0
COF US,2020-10,2020,10,9820000.0
COF US,2020-11,2020,11,9820000.0
COF US,2020-12,2020,12,9820000.0
COF US,2021-01,2021,1,9820000.0
COF US,2021-02,2021,2,9820000.0
COF US,2021-03,2021,3,9820000.0
COF US,2021-04,2021,4,9820000.0
COF US,2021-05,2021,5,9820000.0
COF US,2021-06,2021,6,9820000.0
COF US,2021-07,2021,7,9820000.0
COF US,2021-08,2021,8,9820000.0
COF US,2021-09,2021,9,9820000.0
COF US,2021-10,2021,10,9820000.0
COF US,2021-11,2021,11,9820000.0
COF US,2021-12,2021,12,9820000.0
COF US,2022-01,2022,1,9820000.0
COF US,2022-02,2022,2,9820000.0
COF US,2022-03,2022,3,9820000.0
COF US,2022-04,2022,4,9820000.0
COF US,2022-05,2022,5,9820000.0
COF US,2022-06,2022,6,9820000.0
COF US,2022-07,2022,7,9820000.0
COF US,2022-08,2022,8,9820000.0
COF US,2022-09,2022,9,9820000.0
COF US,2022-10,2022,10,9820000.0
COF US,2022-11,2022,11,9820000.0
COF US,2022-12,2022,12,9820000.0
COF US,2023-01,2023,1,9820000.0
COF US,2023-02,2023,2,9820000.0
COF US,2023-03,2023,3,9820000.0
COF US,2023-04,2023,4,9820000.0
COF US,2023-05,2023,5,9820000.0
COF US,2023-06,2023,6,9820000.0
COF US,2023-07,2023,7,9820000.0
COF US,2023-08,2023,8,9820000.0
COF US,2023-09,2023,9,9820000.0
COF US,2023-10,2023,10,9820000.0
COF US,2023-11,2023,11,9820000.0
COF US,2023-12,2023,12,9820000.0
COF US,2024-01,2024,1,9820000.0
COF US,2024-02,2024,2,9820000.0
COF US,2024-03,2024,3,9820000.0
COF US,2024-04,2024,4,9820000.0
COF US,2024-05,2024,5,9820000.0
COF US,2024-06,2024,6,9820000.0
COF US,2024-07,2024,7,9820000.0
COF US,2024-08,2024,8,9820000.0
COF US,2024-09,2024,9,9820000.0
COF US,2024-10,2024,10,9820000.0
CSCO US,1998-04,1998,4,141060.0
CSCO US,1998-05,1998,5,141060.0
CSCO US,1998-06,1998,6,141060.0
CSCO US,1998-07,1998,7,141060.0
CSCO US,1998-08,1998,8,141060.0
CSCO US,1998-09,1998,9,141060.0
CSCO US,1998-10,1998,10,141060.0
CSCO US,1998-11,1998,11,141060.0
CSCO US,1998-12,1998,12,141060.0
CSCO US,1999-01,1999,1,141060.0
CSCO US,1999-02,1999,2,141060.0
CSCO US,1999-03,1999,3,141060.0
CSCO US,1999-04,1999,4,141060.0
CSCO US,1999-05,1999,5,141060.0
CSCO US,1999-06,1999,6,141060.0
CSCO US,1999-07,1999,7,141060.0
CSCO US,1999-08,1999,8,141060.0
CSCO US,1999-09,1999,9,141060.0
CSCO US,1999-10,1999,10,141060.0
CSCO US,1999-11,1999,11,141060.0
CSCO US,1999-12,1999,12,141060.0
CSCO US,2000-01,2000,1,141060.0
CSCO US,2000-02,2000,2,141060.0
CSCO US,2000-03,2000,3,141060.0
CSCO US,2000-04,2000,4,141060.0
CSCO US,2000-05,2000,5,141060.0
CSCO US,2000-06,2000,6,141060.0
CSCO US,2000-07,2000,7,141060.0
CSCO US,2000-08,2000,8,141060.0
CSCO US,2000-09,2000,9,141060.0
CSCO US,2000-10,2000,10,141060.0
CSCO US,2000-11,2000,11,141060.0
CSCO US,2000-12,2000,12,141060.0
CSCO US,2001-01,2001,1,141060.0
CSCO US,2001-02,2001,2,141060.0
CSCO US,2001-03,2001,3,141060.0
CSCO US,2001-04,2001,4,141060.0
CSCO US,2001-05,2001,5,141060.0
CSCO US,2001-06,2001,6,141060.0
CSCO US,2001-07,2001,7,141060.0
CSCO US,2001-08,2001,8,141060.0
CSCO US,2001-09,2001,9,141060.0
CSCO US,2001-10,2001,10,141060.0
CSCO US,2001-11,2001,11,141060.0
CSCO US,2001-12,2001,12,141060.0
CSCO US,2002-01,2002,1,141060.0
CSCO US,2002-02,2002,2,141060.0
CSCO US,2002-03,2002,3,141060.0
CSCO US,2002-04,2002,4,141060.0
CSCO US,2002-05,2002,5,141060.0
CSCO US,2002-06,2002,6,141060.0
CSCO US,2002-07,2002,7,141060.0
CSCO US,2002-08,2002,8,141060.0
CSCO US,2002-09,2002,9,141060.0
CSCO US,2002-10,2002,10,141060.0
CSCO US,2002-11,2002,11,141060.0
CSCO US,2002-12,2002,12,141060.0
CSCO US,2003-01,2003,1,141060.0
CSCO US,2003-02,2003,2,141060.0
CSCO US,2003-03,2003,3,141060.0
CSCO US,2003-04,2003,4,141060.0
CSCO US,2003-05,2003,5,141060.0
CSCO US,2003-06,2003,6,141060.0
CSCO US,2003-07,2003,7,141060.0
CSCO US,2003-08,2003,8,141060.0
CSCO US,2003-09,2003,9,141060.0
CSCO US,2003-10,2003,10,141060.0
CSCO US,2003-11,2003,11,141060.0
CSCO US,2003-12,2003,12,141060.0
CSCO US,2004-01,2004,1,141060.0
CSCO US,2004-02,2004,2,141060.0
CSCO US,2004-03,2004,3,141060.0
CSCO US,2004-04,2004,4,141060.0
CSCO US,2004-05,2004,5,141060.0
CSCO US,2004-06,2004,6,141060.0
CSCO US,2004-07,2004,7,141060.0
CSCO US,2004-08,2004,8,141060.0
CSCO US,2004-09,2004,9,141060.0
CSCO US,2004-10,2004,10,141060.0
CSCO US,2004-11,2004,11,141060.0
CSCO US,2004-12,2004,12,141060.0
CSCO US,2005-01,2005,1,141060.0
CSCO US,2005-02,2005,2,141060.0
CSCO US,2005-03,2005,3,141060.0
CSCO US,2005-04,2005,4,141060.0
CSCO US,2005-05,2005,5,141060.0
CSCO US,2005-06,2005,6,141060.0
CSCO US,2005-07,2005,7,141060.0
CSCO US,2005-08,2005,8,141060.0
CSCO US,2005-09,2005,9,141060.0
CSCO US,2005-10,2005,10,141060.0
CSCO US,2005-11,2005,11,141060.0
CSCO US,2005-12,2005,12,141060.0
CSCO US,2006-01,2006,1,141060.0
CSCO US,2006-02,2006,2,141060.0
CSCO US,2006-03,2006,3,141060.0
CSCO US,2006-04,2006,4,141060.0
CSCO US,2006-05,2006,5,141060.0
CSCO US,2006-06,2006,6,141060.0
CSCO US,2006-07,2006,7,141060.0
CSCO US,2006-08,2006,8,141060.0
CSCO US,2006-09,2006,9,141060.0
CSCO US,2006-10,2006,10,141060.0
CSCO US,2006-11,2006,11,141060.0
CSCO US,2006-12,2006,12,141060.0
CSCO US,2007-01,2007,1,141060.0
CSCO US,2007-02,2007,2,141060.0
CSCO US,2007-03,2007,3,141060.0
CSCO US,2007-04,2007,4,141060.0
CSCO US,2007-05,2007,5,141060.0
CSCO US,2007-06,2007,6,141060.0
CSCO US,2007-07,2007,7,141060.0
CSCO US,2007-08,2007,8,141060.0
CSCO US,2007-09,2007,9,141060.0
CSCO US,2007-10,2007,10,141060.0
CSCO US,2007-11,2007,11,141060.0
CSCO US,2007-12,2007,12,141060.0
CSCO US,2008-01,2008,1,141060.0
CSCO US,2008-02,2008,2,141060.0
CSCO US,2008-03,2008,3,141060.0
CSCO US,2008-04,2008,4,141060.0
CSCO US,2008-05,2008,5,141060.0
CSCO US,2008-06,2008,6,141060.0
CSCO US,2008-07,2008,7,141060.0
CSCO US,2008-08,2008,8,141060.0
CSCO US,2008-09,2008,9,141060.0
CSCO US,2008-10,2008,10,141060.0
CSCO US,2008-11,2008,11,141060.0
CSCO US,2008-12,2008,12,141060.0
CSCO US,2009-01,2009,1,141060.0
CSCO US,2009-02,2009,2,141060.0
CSCO US,2009-03,2009,3,141060.0
CSCO US,2009-04,2009,4,141060.0
CSCO US,2009-05,2009,5,141060.0
CSCO US,2009-06,2009,6,141060.0
CSCO US,2009-07,2009,7,141060.0
CSCO US,2009-08,2009,8,141060.0
CSCO US,2009-09,2009,9,141060.0
CSCO US,2009-10,2009,10,141060.0
CSCO US,2009-11,2009,11,141060.0
CSCO US,2009-12,2009,12,141060.0
CSCO US,2010-01,2010,1,141060.0
CSCO US,2010-02,2010,2,141060.0
CSCO US,2010-03,2010,3,141060.0
CSCO US,2010-04,2010,4,141060.0
CSCO US,2010-05,2010,5,141060.0
CSCO US,2010-06,2010,6,141060.0
CSCO US,2010-07,2010,7,141060.0
CSCO US,2010-08,2010,8,141060.0
CSCO US,2010-09,2010,9,141060.0
CSCO US,2010-10,2010,10,141060.0
CSCO US,2010-11,2010,11,141060.0
CSCO US,2010-12,2010,12,141060.0
CSCO US,2011-01,2011,1,141060.0
CSCO US,2011-02,2011,2,141060.0
CSCO US,2011-03,2011,3,141060.0
CSCO US,2011-04,2011,4,141060.0
CSCO US,2011-05,2011,5,141060.0
CSCO US,2011-06,2011,6,141060.0
CSCO US,2011-07,2011,7,141060.0
CSCO US,2011-08,2011,8,141060.0
CSCO US,2011-09,2011,9,141060.0
CSCO US,2011-10,2011,10,141060.0
CSCO US,2011-11,2011,11,141060.0
CSCO US,2011-12,2011,12,141060.0
CSCO US,2012-01,2012,1,141060.0
CSCO US,2012-02,2012,2,141060.0
CSCO US,2012-03,2012,3,141060.0
CSCO US,2012-04,2012,4,141060.0
CSCO US,2012-05,2012,5,141060.0
CSCO US,2012-06,2012,6,141060.0
CSCO US,2012-07,2012,7,141060.0
CSCO US,2012-08,2012,8,141060.0
CSCO US,2012-09,2012,9,141060.0
CSCO US,2012-10,2012,10,141060.0
CSCO US,2012-11,2012,11,141060.0
CSCO US,2012-12,2012,12,141060.0
CSCO US,2013-01,2013,1,141060.0
CSCO US,2013-02,2013,2,141060.0
CSCO US,2013-03,2013,3,141060.0
CSCO US,2013-04,2013,4,141060.0
CSCO US,2013-05,2013,5,141060.0
CSCO US,2013-06,2013,6,141060.0
CSCO US,2013-07,2013,7,141060.0
CSCO US,2013-08,2013,8,141060.0
CSCO US,2013-09,2013,9,141060.0
CSCO US,2013-10,2013,10,141060.0
CSCO US,2013-11,2013,11,141060.0
CSCO US,2013-12,2013,12,141060.0
CSCO US,2014-01,2014,1,141060.0
CSCO US,2014-02,2014,2,141060.0
CSCO US,2014-03,2014,3,141060.0
CSCO US,2014-04,2014,4,141060.0
CSCO US,2014-05,2014,5,141060.0
CSCO US,2014-06,2014,6,141060.0
CSCO US,2014-07,2014,7,141060.0
CSCO US,2014-08,2014,8,141060.0
CSCO US,2014-09,2014,9,141060.0
CSCO US,2014-10,2014,10,141060.0
CSCO US,2014-11,2014,11,141060.0
CSCO US,2014-12,2014,12,141060.0
CSCO US,2015-01,2015,1,141060.0
CSCO US,2015-02,2015,2,141060.0
CSCO US,2015-03,2015,3,141060.0
CSCO US,2015-04,2015,4,141060.0
CSCO US,2015-05,2015,5,141060.0
CSCO US,2015-06,2015,6,141060.0
CSCO US,2015-07,2015,7,141060.0
CSCO US,2015-08,2015,8,141060.0
CSCO US,2015-09,2015,9,141060.0
CSCO US,2015-10,2015,10,141060.0
CSCO US,2015-11,2015,11,141060.0
CSCO US,2015-12,2015,12,141060.0
CSCO US,2016-01,2016,1,141060.0
CSCO US,2016-02,2016,2,141060.0
CSCO US,2016-03,2016,3,141060.0
CSCO US,2016-04,2016,4,141060.0
CSCO US,2016-05,2016,5,141060.0
CSCO US,2016-06,2016,6,141060.0
CSCO US,2016-07,2016,7,141060.0
CSCO US,2016-08,2016,8,141060.0
CSCO US,2016-09,2016,9,141060.0
CSCO US,2016-10,2016,10,141060.0
CSCO US,2016-11,2016,11,141060.0
CSCO US,2016-12,2016,12,141060.0
CSCO US,2017-01,2017,1,141060.0
CSCO US,2017-02,2017,2,141060.0
CSCO US,2017-03,2017,3,141060.0
CSCO US,2017-04,2017,4,141060.0
CSCO US,2017-05,2017,5,141060.0
CSCO US,2017-06,2017,6,141060.0
CSCO US,2017-07,2017,7,141060.0
CSCO US,2017-08,2017,8,141060.0
CSCO US,2017-09,2017,9,141060.0
CSCO US,2017-10,2017,10,141060.0
CSCO US,2017-11,2017,11,141060.0
CSCO US,2017-12,2017,12,141060.0
CSCO US,2018-01,2018,1,141060.0
CSCO US,2018-02,2018,2,141060.0
CSCO US,2018-03,2018,3,141060.0
CSCO US,2018-04,2018,4,141060.0
CSCO US,2018-05,2018,5,141060.0
CSCO US,2018-06,2018,6,141060.0
CSCO US,2018-07,2018,7,141060.0
CSCO US,2018-08,2018,8,141060.0
CSCO US,2018-09,2018,9,141060.0
CSCO US,2018-10,2018,10,141060.0
CSCO US,2018-11,2018,11,141060.0
CSCO US,2018-12,2018,12,141060.0
CSCO US,2019-01,2019,1,141060.0
CSCO US,2019-02,2019,2,141060.0
CSCO US,2019-03,2019,3,141060.0
CSCO US,2019-04,2019,4,141060.0
CSCO US,2019-05,2019,5,141060.0
CSCO US,2019-06,2019,6,141060.0
CSCO US,2019-07,2019,7,141060.0
CSCO US,2019-08,2019,8,141060.0
CSCO US,2019-09,2019,9,141060.0
CSCO US,2019-10,2019,10,141060.0
CSCO US,2019-11,2019,11,141060.0
CSCO US,2019-12,2019,12,141060.0
CSCO US,2020-01,2020,1,141060.0
CSCO US,2020-02,2020,2,141060.0
CSCO US,2020-03,2020,3,141060.0
CSCO US,2020-04,2020,4,141060.0
CSCO US,2020-05,2020,5,141060.0
CSCO US,2020-06,2020,6,141060.0
CSCO US,2020-07,2020,7,141060.0
CSCO US,2020-08,2020,8,141060.0
CSCO US,2020-09,2020,9,141060.0
CSCO US,2020-10,2020,10,141060.0
CSCO US,2020-11,2020,11,141060.0
CSCO US,2020-12,2020,12,141060.0
CSCO US,2021-01,2021,1,141060.0
CSCO US,2021-02,2021,2,141060.0
CSCO US,2021-03,2021,3,141060.0
CSCO US,2021-04,2021,4,141060.0
CSCO US,2021-05,2021,5,141060.0
CSCO US,2021-06,2021,6,141060.0
CSCO US,2021-07,2021,7,141060.0
CSCO US,2021-08,2021,8,141060.0
CSCO US,2021-09,2021,9,141060.0
CSCO US,2021-10,2021,10,141060.0
CSCO US,2021-11,2021,11,141060.0
CSCO US,2021-12,2021,12,141060.0
CSCO US,2022-01,2022,1,141060.0
CSCO US,2022-02,2022,2,141060.0
CSCO US,2022-03,2022,3,141060.0
CSCO US,2022-04,2022,4,141060.0
CSCO US,2022-05,2022,5,141060.0
CSCO US,2022-06,2022,6,141060.0
CSCO US,2022-07,2022,7,141060.0
CSCO US,2022-08,2022,8,141060.0
CSCO US,2022-09,2022,9,141060.0
CSCO US,2022-10,2022,10,141060.0
CSCO US,2022-11,2022,11,141060.0
CSCO US,2022-12,2022,12,141060.0
CSCO US,2023-01,2023,1,141060.0
CSCO US,2023-02,2023,2,141060.0
CSCO US,2023-03,2023,3,141060.0
CSCO US,2023-04,2023,4,141060.0
CSCO US,2023-05,2023,5,141060.0
CSCO US,2023-06,2023,6,141060.0
CSCO US,2023-07,2023,7,141060.0
CSCO US,2023-08,2023,8,141060.0
CSCO US,2023-09,2023,9,141060.0
CSCO US,2023-10,2023,10,141060.0
CSCO US,2023-11,2023,11,141060.0
CSCO US,2023-12,2023,12,141060.0
CSCO US,2024-01,2024,1,141060.0
CSCO US,2024-02,2024,2,141060.0
CSCO US,2024-03,2024,3,141060.0
CSCO US,2024-04,2024,4,141060.0
CSCO US,2024-05,2024,5,141060.0
CSCO US,2024-06,2024,6,141060.0
CSCO US,2024-07,2024,7,141060.0
CSCO US,2024-08,2024,8,141060.0
CSCO US,2024-09,2024,9,141060.0
CSCO US,2024-10,2024,10,141060.0
CVS US,1998-04,1998,4,97230.0
CVS US,1998-05,1998,5,97230.0
CVS US,1998-06,1998,6,97230.0
CVS US,1998-07,1998,7,97230.0
CVS US,1998-08,1998,8,97230.0
CVS US,1998-09,1998,9,97230.0
CVS US,1998-10,1998,10,97230.0
CVS US,1998-11,1998,11,97230.0
CVS US,1998-12,1998,12,97230.0
CVS US,1999-01,1999,1,97230.0
CVS US,1999-02,1999,2,97230.0
CVS US,1999-03,1999,3,97230.0
CVS US,1999-04,1999,4,97230.0
CVS US,1999-05,1999,5,97230.0
CVS US,1999-06,1999,6,97230.0
CVS US,1999-07,1999,7,97230.0
CVS US,1999-08,1999,8,97230.0
CVS US,1999-09,1999,9,97230.0
CVS US,1999-10,1999,10,97230.0
CVS US,1999-11,1999,11,97230.0
CVS US,1999-12,1999,12,97230.0
CVS US,2000-01,2000,1,97230.0
CVS US,2000-02,2000,2,97230.0
CVS US,2000-03,2000,3,97230.0
CVS US,2000-04,2000,4,97230.0
CVS US,2000-05,2000,5,97230.0
CVS US,2000-06,2000,6,97230.0
CVS US,2000-07,2000,7,97230.0
CVS US,2000-08,2000,8,97230.0
CVS US,2000-09,2000,9,97230.0
CVS US,2000-10,2000,10,97230.0
CVS US,2000-11,2000,11,97230.0
CVS US,2000-12,2000,12,97230.0
CVS US,2001-01,2001,1,97230.0
CVS US,2001-02,2001,2,97230.0
CVS US,2001-03,2001,3,97230.0
CVS US,2001-04,2001,4,97230.0
CVS US,2001-05,2001,5,97230.0
CVS US,2001-06,2001,6,97230.0
CVS US,2001-07,2001,7,97230.0
CVS US,2001-08,2001,8,97230.0
CVS US,2001-09,2001,9,97230.0
CVS US,2001-10,2001,10,97230.0
CVS US,2001-11,2001,11,97230.0
CVS US,2001-12,2001,12,97230.0
CVS US,2002-01,2002,1,97230.0
CVS US,2002-02,2002,2,97230.0
CVS US,2002-03,2002,3,97230.0
CVS US,2002-04,2002,4,97230.0
CVS US,2002-05,2002,5,97230.0
CVS US,2002-06,2002,6,97230.0
CVS US,2002-07,2002,7,97230.0
CVS US,2002-08,2002,8,97230.0
CVS US,2002-09,2002,9,97230.0
CVS US,2002-10,2002,10,97230.0
CVS US,2002-11,2002,11,97230.0
CVS US,2002-12,2002,12,97230.0
CVS US,2003-01,2003,1,97230.0
CVS US,2003-02,2003,2,97230.0
CVS US,2003-03,2003,3,97230.0
CVS US,2003-04,2003,4,97230.0
CVS US,2003-05,2003,5,97230.0
CVS US,2003-06,2003,6,97230.0
CVS US,2003-07,2003,7,97230.0
CVS US,2003-08,2003,8,97230.0
CVS US,2003-09,2003,9,97230.0
CVS US,2003-10,2003,10,97230.0
CVS US,2003-11,2003,11,97230.0
CVS US,2003-12,2003,12,97230.0
CVS US,2004-01,2004,1,97230.0
CVS US,2004-02,2004,2,97230.0
CVS US,2004-03,2004,3,97230.0
CVS US,2004-04,2004,4,97230.0
CVS US,2004-05,2004,5,97230.0
CVS US,2004-06,2004,6,97230.0
CVS US,2004-07,2004,7,97230.0
CVS US,2004-08,2004,8,97230.0
CVS US,2004-09,2004,9,97230.0
CVS US,2004-10,2004,10,97230.0
CVS US,2004-11,2004,11,97230.0
CVS US,2004-12,2004,12,97230.0
CVS US,2005-01,2005,1,97230.0
CVS US,2005-02,2005,2,97230.0
CVS US,2005-03,2005,3,97230.0
CVS US,2005-04,2005,4,97230.0
CVS US,2005-05,2005,5,97230.0
CVS US,2005-06,2005,6,97230.0
CVS US,2005-07,2005,7,97230.0
CVS US,2005-08,2005,8,97230.0
CVS US,2005-09,2005,9,97230.0
CVS US,2005-10,2005,10,97230.0
CVS US,2005-11,2005,11,97230.0
CVS US,2005-12,2005,12,97230.0
CVS US,2006-01,2006,1,97230.0
CVS US,2006-02,2006,2,97230.0
CVS US,2006-03,2006,3,97230.0
CVS US,2006-04,2006,4,97230.0
CVS US,2006-05,2006,5,97230.0
CVS US,2006-06,2006,6,97230.0
CVS US,2006-07,2006,7,97230.0
CVS US,2006-08,2006,8,97230.0
CVS US,2006-09,2006,9,97230.0
CVS US,2006-10,2006,10,97230.0
CVS US,2006-11,2006,11,97230.0
CVS US,2006-12,2006,12,97230.0
CVS US,2007-01,2007,1,97230.0
CVS US,2007-02,2007,2,97230.0
CVS US,2007-03,2007,3,97230.0
CVS US,2007-04,2007,4,97230.0
CVS US,2007-05,2007,5,97230.0
CVS US,2007-06,2007,6,97230.0
CVS US,2007-07,2007,7,97230.0
CVS US,2007-08,2007,8,97230.0
CVS US,2007-09,2007,9,97230.0
CVS US,2007-10,2007,10,97230.0
CVS US,2007-11,2007,11,97230.0
CVS US,2007-12,2007,12,97230.0
CVS US,2008-01,2008,1,97230.0
CVS US,2008-02,2008,2,97230.0
CVS US,2008-03,2008,3,97230.0
CVS US,2008-04,2008,4,97230.0
CVS US,2008-05,2008,5,97230.0
CVS US,2008-06,2008,6,97230.0
CVS US,2008-07,2008,7,97230.0
CVS US,2008-08,2008,8,97230.0
CVS US,2008-09,2008,9,97230.0
CVS US,2008-10,2008,10,97230.0
CVS US,2008-11,2008,11,97230.0
CVS US,2008-12,2008,12,97230.0
CVS US,2009-01,2009,1,97230.0
CVS US,2009-02,2009,2,97230.0
CVS US,2009-03,2009,3,97230.0
CVS US,2009-04,2009,4,97230.0
CVS US,2009-05,2009,5,97230.0
CVS US,2009-06,2009,6,97230.0
CVS US,2009-07,2009,7,97230.0
CVS US,2009-08,2009,8,97230.0
CVS US,2009-09,2009,9,97230.0
CVS US,2009-10,2009,10,97230.0
CVS US,2009-11,2009,11,97230.0
CVS US,2009-12,2009,12,97230.0
CVS US,2010-01,2010,1,97230.0
CVS US,2010-02,2010,2,97230.0
CVS US,2010-03,2010,3,97230.0
CVS US,2010-04,2010,4,97230.0
CVS US,2010-05,2010,5,97230.0
CVS US,2010-06,2010,6,97230.0
CVS US,2010-07,2010,7,97230.0
CVS US,2010-08,2010,8,97230.0
CVS US,2010-09,2010,9,97230.0
CVS US,2010-10,2010,10,97230.0
CVS US,2010-11,2010,11,97230.0
CVS US,2010-12,2010,12,97230.0
CVS US,2011-01,2011,1,97230.0
CVS US,2011-02,2011,2,97230.0
CVS US,2011-03,2011,3,97230.0
CVS US,2011-04,2011,4,97230.0
CVS US,2011-05,2011,5,97230.0
CVS US,2011-06,2011,6,97230.0
CVS US,2011-07,2011,7,97230.0
CVS US,2011-08,2011,8,97230.0
CVS US,2011-09,2011,9,97230.0
CVS US,2011-10,2011,10,97230.0
CVS US,2011-11,2011,11,97230.0
CVS US,2011-12,2011,12,97230.0
CVS US,2012-01,2012,1,97230.0
CVS US,2012-02,2012,2,97230.0
CVS US,2012-03,2012,3,97230.0
CVS US,2012-04,2012,4,97230.0
CVS US,2012-05,2012,5,97230.0
CVS US,2012-06,2012,6,97230.0
CVS US,2012-07,2012,7,97230.0
CVS US,2012-08,2012,8,97230.0
CVS US,2012-09,2012,9,97230.0
CVS US,2012-10,2012,10,97230.0
CVS US,2012-11,2012,11,97230.0
CVS US,2012-12,2012,12,97230.0
CVS US,2013-01,2013,1,97230.0
CVS US,2013-02,2013,2,97230.0
CVS US,2013-03,2013,3,97230.0
CVS US,2013-04,2013,4,97230.0
CVS US,2013-05,2013,5,97230.0
CVS US,2013-06,2013,6,97230.0
CVS US,2013-07,2013,7,97230.0
CVS US,2013-08,2013,8,97230.0
CVS US,2013-09,2013,9,97230.0
CVS US,2013-10,2013,10,97230.0
CVS US,2013-11,2013,11,97230.0
CVS US,2013-12,2013,12,97230.0
CVS US,2014-01,2014,1,97230.0
CVS US,2014-02,2014,2,97230.0
CVS US,2014-03,2014,3,97230.0
CVS US,2014-04,2014,4,97230.0
CVS US,2014-05,2014,5,97230.0
CVS US,2014-06,2014,6,97230.0
CVS US,2014-07,2014,7,97230.0
CVS US,2014-08,2014,8,97230.0
CVS US,2014-09,2014,9,97230.0
CVS US,2014-10,2014,10,97230.0
CVS US,2014-11,2014,11,97230.0
CVS US,2014-12,2014,12,97230.0
CVS US,2015-01,2015,1,97230.0
CVS US,2015-02,2015,2,97230.0
CVS US,2015-03,2015,3,97230.0
CVS US,2015-04,2015,4,97230.0
CVS US,2015-05,2015,5,97230.0
CVS US,2015-06,2015,6,97230.0
CVS US,2015-07,2015,7,97230.0
CVS US,2015-08,2015,8,97230.0
CVS US,2015-09,2015,9,97230.0
CVS US,2015-10,2015,10,97230.0
CVS US,2015-11,2015,11,97230.0
CVS US,2015-12,2015,12,97230.0
CVS US,2016-01,2016,1,97230.0
CVS US,2016-02,2016,2,97230.0
CVS US,2016-03,2016,3,97230.0
CVS US,2016-04,2016,4,97230.0
CVS US,2016-05,2016,5,97230.0
CVS US,2016-06,2016,6,97230.0
CVS US,2016-07,2016,7,97230.0
CVS US,2016-08,2016,8,97230.0
CVS US,2016-09,2016,9,97230.0
CVS US,2016-10,2016,10,97230.0
CVS US,2016-11,2016,11,97230.0
CVS US,2016-12,2016,12,97230.0
CVS US,2017-01,2017,1,97230.0
CVS US,2017-02,2017,2,97230.0
CVS US,2017-03,2017,3,97230.0
CVS US,2017-04,2017,4,97230.0
CVS US,2017-05,2017,5,97230.0
CVS US,2017-06,2017,6,97230.0
CVS US,2017-07,2017,7,97230.0
CVS US,2017-08,2017,8,97230.0
CVS US,2017-09,2017,9,97230.0
CVS US,2017-10,2017,10,97230.0
CVS US,2017-11,2017,11,97230.0
CVS US,2017-12,2017,12,97230.0
CVS US,2018-01,2018,1,97230.0
CVS US,2018-02,2018,2,97230.0
CVS US,2018-03,2018,3,97230.0
CVS US,2018-04,2018,4,97230.0
CVS US,2018-05,2018,5,97230.0
CVS US,2018-06,2018,6,97230.0
CVS US,2018-07,2018,7,97230.0
CVS US,2018-08,2018,8,97230.0
CVS US,2018-09,2018,9,97230.0
CVS US,2018-10,2018,10,97230.0
CVS US,2018-11,2018,11,97230.0
CVS US,2018-12,2018,12,97230.0
CVS US,2019-01,2019,1,97230.0
CVS US,2019-02,2019,2,97230.0
CVS US,2019-03,2019,3,97230.0
CVS US,2019-04,2019,4,97230.0
CVS US,2019-05,2019,5,97230.0
CVS US,2019-06,2019,6,97230.0
CVS US,2019-07,2019,7,97230.0
CVS US,2019-08,2019,8,97230.0
CVS US,2019-09,2019,9,97230.0
CVS US,2019-10,2019,10,97230.0
CVS US,2019-11,2019,11,97230.0
CVS US,2019-12,2019,12,97230.0
CVS US,2020-01,2020,1,97230.0
CVS US,2020-02,2020,2,97230.0
CVS US,2020-03,2020,3,97230.0
CVS US,2020-04,2020,4,97230.0
CVS US,2020-05,2020,5,97230.0
CVS US,2020-06,2020,6,97230.0
CVS US,2020-07,2020,7,97230.0
CVS US,2020-08,2020,8,97230.0
CVS US,2020-09,2020,9,97230.0
CVS US,2020-10,2020,10,97230.0
CVS US,2020-11,2020,11,97230.0
CVS US,2020-12,2020,12,97230.0
CVS US,2021-01,2021,1,97230.0
CVS US,2021-02,2021,2,97230.0
CVS US,2021-03,2021,3,97230.0
CVS US,2021-04,2021,4,97230.0
CVS US,2021-05,2021,5,97230.0
CVS US,2021-06,2021,6,97230.0
CVS US,2021-07,2021,7,97230.0
CVS US,2021-08,2021,8,97230.0
CVS US,2021-09,2021,9,97230.0
CVS US,2021-10,2021,10,97230.0
CVS US,2021-11,2021,11,97230.0
CVS US,2021-12,2021,12,97230.0
CVS US,2022-01,2022,1,97230.0
CVS US,2022-02,2022,2,97230.0
CVS US,2022-03,2022,3,97230.0
CVS US,2022-04,2022,4,97230.0
CVS US,2022-05,2022,5,97230.0
CVS US,2022-06,2022,6,97230.0
CVS US,2022-07,2022,7,97230.0
CVS US,2022-08,2022,8,97230.0
CVS US,2022-09,2022,9,97230.0
CVS US,2022-10,2022,10,97230.0
CVS US,2022-11,2022,11,97230.0
CVS US,2022-12,2022,12,97230.0
CVS US,2023-01,2023,1,97230.0
CVS US,2023-02,2023,2,97230.0
CVS US,2023-03,2023,3,97230.0
CVS US,2023-04,2023,4,97230.0
CVS US,2023-05,2023,5,97230.0
CVS US,2023-06,2023,6,97230.0
CVS US,2023-07,2023,7,97230.0
CVS US,2023-08,2023,8,97230.0
CVS US,2023-09,2023,9,97230.0
CVS US,2023-10,2023,10,97230.0
CVS US,2023-11,2023,11,97230.0
CVS US,2023-12,2023,12,97230.0
CVS US,2024-01,2024,1,97230.0
CVS US,2024-02,2024,2,97230.0
CVS US,2024-03,2024,3,97230.0
CVS US,2024-04,2024,4,97230.0
CVS US,2024-05,2024,5,97230.0
CVS US,2024-06,2024,6,97230.0
CVS US,2024-07,2024,7,97230.0
CVS US,2024-08,2024,8,97230.0
CVS US,2024-09,2024,9,97230.0
CVS US,2024-10,2024,10,97230.0
CVX US,2000-01,2000,1,0.0
CVX US,2000-02,2000,2,0.0
CVX US,2000-03,2000,3,0.0
CVX US,2000-04,2000,4,0.0
CVX US,2000-05,2000,5,0.0
CVX US,2000-06,2000,6,0.0
CVX US,2000-07,2000,7,0.0
CVX US,2000-08,2000,8,0.0
CVX US,2000-09,2000,9,0.0
CVX US,2000-10,2000,10,0.0
CVX US,2000-11,2000,11,0.0
CVX US,2000-12,2000,12,0.0
CVX US,2001-01,2001,1,0.0
CVX US,2001-02,2001,2,0.0
CVX US,2001-03,2001,3,0.0
CVX US,2001-04,2001,4,0.0
CVX US,2001-05,2001,5,0.0
CVX US,2001-06,2001,6,0.0
CVX US,2001-07,2001,7,0.0
CVX US,2001-08,2001,8,0.0
CVX US,2001-09,2001,9,0.0
CVX US,2001-10,2001,10,0.0
CVX US,2001-11,2001,11,0.0
CVX US,2001-12,2001,12,0.0
CVX US,2002-01,2002,1,0.0
CVX US,2002-02,2002,2,0.0
CVX US,2002-03,2002,3,0.0
CVX US,2002-04,2002,4,0.0
CVX US,2002-05,2002,5,0.0
CVX US,2002-06,2002,6,0.0
CVX US,2002-07,2002,7,0.0
CVX US,2002-08,2002,8,0.0
CVX US,2002-09,2002,9,0.0
CVX US,2002-10,2002,10,0.0
CVX US,2002-11,2002,11,0.0
CVX US,2002-12,2002,12,0.0
CVX US,2003-01,2003,1,0.0
CVX US,2003-02,2003,2,0.0
CVX US,2003-03,2003,3,0.0
CVX US,2003-04,2003,4,0.0
CVX US,2003-05,2003,5,0.0
CVX US,2003-06,2003,6,0.0
CVX US,2003-07,2003,7,0.0
CVX US,2003-08,2003,8,0.0
CVX US,2003-09,2003,9,0.0
CVX US,2003-10,2003,10,0.0
CVX US,2003-11,2003,11,0.0
CVX US,2003-12,2003,12,0.0
CVX US,2004-01,2004,1,0.0
CVX US,2004-02,2004,2,0.0
CVX US,2004-03,2004,3,0.0
CVX US,2004-04,2004,4,0.0
CVX US,2004-05,2004,5,0.0
CVX US,2004-06,2004,6,0.0
CVX US,2004-07,2004,7,0.0
CVX US,2004-08,2004,8,0.0
CVX US,2004-09,2004,9,0.0
CVX US,2004-10,2004,10,0.0
CVX US,2004-11,2004,11,0.0
CVX US,2004-12,2004,12,0.0
CVX US,2005-01,2005,1,0.0
CVX US,2005-02,2005,2,0.0
CVX US,2005-03,2005,3,0.0
CVX US,2005-04,2005,4,0.0
CVX US,2005-05,2005,5,0.0
CVX US,2005-06,2005,6,0.0
CVX US,2005-07,2005,7,0.0
CVX US,2005-08,2005,8,0.0
CVX US,2005-09,2005,9,0.0
CVX US,2005-10,2005,10,0.0
CVX US,2005-11,2005,11,0.0
CVX US,2005-12,2005,12,0.0
CVX US,2006-01,2006,1,0.0
CVX US,2006-02,2006,2,0.0
CVX US,2006-03,2006,3,0.0
CVX US,2006-04,2006,4,0.0
CVX US,2006-05,2006,5,0.0
CVX US,2006-06,2006,6,0.0
CVX US,2006-07,2006,7,0.0
CVX US,2006-08,2006,8,0.0
CVX US,2006-09,2006,9,0.0
CVX US,2006-10,2006,10,0.0
CVX US,2006-11,2006,11,0.0
CVX US,2006-12,2006,12,0.0
CVX US,2007-01,2007,1,0.0
CVX US,2007-02,2007,2,0.0
CVX US,2007-03,2007,3,0.0
CVX US,2007-04,2007,4,0.0
CVX US,2007-05,2007,5,0.0
CVX US,2007-06,2007,6,0.0
CVX US,2007-07,2007,7,0.0
CVX US,2007-08,2007,8,0.0
CVX US,2007-09,2007,9,0.0
CVX US,2007-10,2007,10,0.0
CVX US,2007-11,2007,11,0.0
CVX US,2007-12,2007,12,0.0
CVX US,2008-01,2008,1,0.0
CVX US,2008-02,2008,2,0.0
CVX US,2008-03,2008,3,0.0
CVX US,2008-04,2008,4,0.0
CVX US,2008-05,2008,5,0.0
CVX US,2008-06,2008,6,0.0
CVX US,2008-07,2008,7,0.0
CVX US,2008-08,2008,8,0.0
CVX US,2008-09,2008,9,0.0
CVX US,2008-10,2008,10,0.0
CVX US,2008-11,2008,11,0.0
CVX US,2008-12,2008,12,0.0
CVX US,2009-01,2009,1,0.0
CVX US,2009-02,2009,2,0.0
CVX US,2009-03,2009,3,0.0
CVX US,2009-04,2009,4,0.0
CVX US,2009-05,2009,5,0.0
CVX US,2009-06,2009,6,0.0
CVX US,2009-07,2009,7,0.0
CVX US,2009-08,2009,8,0.0
CVX US,2009-09,2009,9,0.0
CVX US,2009-10,2009,10,0.0
CVX US,2009-11,2009,11,0.0
CVX US,2009-12,2009,12,0.0
CVX US,2010-01,2010,1,0.0
CVX US,2010-02,2010,2,0.0
CVX US,2010-03,2010,3,0.0
CVX US,2010-04,2010,4,0.0
CVX US,2010-05,2010,5,0.0
CVX US,2010-06,2010,6,0.0
CVX US,2010-07,2010,7,0.0
CVX US,2010-08,2010,8,0.0
CVX US,2010-09,2010,9,0.0
CVX US,2010-10,2010,10,0.0
CVX US,2010-11,2010,11,0.0
CVX US,2010-12,2010,12,0.0
CVX US,2011-01,2011,1,0.0
CVX US,2011-02,2011,2,0.0
CVX US,2011-03,2011,3,0.0
CVX US,2011-04,2011,4,0.0
CVX US,2011-05,2011,5,0.0
CVX US,2011-06,2011,6,0.0
CVX US,2011-07,2011,7,0.0
CVX US,2011-08,2011,8,0.0
CVX US,2011-09,2011,9,0.0
CVX US,2011-10,2011,10,0.0
CVX US,2011-11,2011,11,0.0
CVX US,2011-12,2011,12,0.0
CVX US,2012-01,2012,1,0.0
CVX US,2012-02,2012,2,0.0
CVX US,2012-03,2012,3,0.0
CVX US,2012-04,2012,4,0.0
CVX US,2012-05,2012,5,0.0
CVX US,2012-06,2012,6,0.0
CVX US,2012-07,2012,7,0.0
CVX US,2012-08,2012,8,0.0
CVX US,2012-09,2012,9,0.0
CVX US,2012-10,2012,10,0.0
CVX US,2012-11,2012,11,0.0
CVX US,2012-12,2012,12,0.0
CVX US,2013-01,2013,1,0.0
CVX US,2013-02,2013,2,0.0
CVX US,2013-03,2013,3,0.0
CVX US,2013-04,2013,4,0.0
CVX US,2013-05,2013,5,0.0
CVX US,2013-06,2013,6,0.0
CVX US,2013-07,2013,7,0.0
CVX US,2013-08,2013,8,0.0
CVX US,2013-09,2013,9,0.0
CVX US,2013-10,2013,10,0.0
CVX US,2013-11,2013,11,0.0
CVX US,2013-12,2013,12,0.0
CVX US,2014-01,2014,1,0.0
CVX US,2014-02,2014,2,0.0
CVX US,2014-03,2014,3,0.0
CVX US,2014-04,2014,4,0.0
CVX US,2014-05,2014,5,0.0
CVX US,2014-06,2014,6,0.0
CVX US,2014-07,2014,7,264790.0
CVX US,2014-08,2014,8,264790.0
CVX US,2014-09,2014,9,264790.0
CVX US,2014-10,2014,10,0.0
CVX US,2014-11,2014,11,0.0
CVX US,2014-12,2014,12,0.0
CVX US,2015-01,2015,1,0.0
CVX US,2015-02,2015,2,0.0
CVX US,2015-03,2015,3,0.0
CVX US,2015-04,2015,4,0.0
CVX US,2015-05,2015,5,0.0
CVX US,2015-06,2015,6,0.0
CVX US,2015-07,2015,7,0.0
CVX US,2015-08,2015,8,0.0
CVX US,2015-09,2015,9,0.0
CVX US,2015-10,2015,10,0.0
CVX US,2015-11,2015,11,0.0
CVX US,2015-12,2015,12,0.0
CVX US,2016-01,2016,1,0.0
CVX US,2016-02,2016,2,0.0
CVX US,2016-03,2016,3,0.0
CVX US,2016-04,2016,4,0.0
CVX US,2016-05,2016,5,0.0
CVX US,2016-06,2016,6,0.0
CVX US,2016-07,2016,7,0.0
CVX US,2016-08,2016,8,0.0
CVX US,2016-09,2016,9,0.0
CVX US,2016-10,2016,10,0.0
CVX US,2016-11,2016,11,0.0
CVX US,2016-12,2016,12,0.0
CVX US,2017-01,2017,1,0.0
CVX US,2017-02,2017,2,0.0
CVX US,2017-03,2017,3,0.0
CVX US,2017-04,2017,4,0.0
CVX US,2017-05,2017,5,0.0
CVX US,2017-06,2017,6,0.0
CVX US,2017-07,2017,7,0.0
CVX US,2017-08,2017,8,0.0
CVX US,2017-09,2017,9,0.0
CVX US,2017-10,2017,10,0.0
CVX US,2017-11,2017,11,0.0
CVX US,2017-12,2017,12,0.0
CVX US,2018-01,2018,1,799570.0
CVX US,2018-02,2018,2,799570.0
CVX US,2018-03,2018,3,799570.0
CVX US,2018-04,2018,4,799570.0
CVX US,2018-05,2018,5,799570.0
CVX US,2018-06,2018,6,799570.0
CVX US,2018-07,2018,7,799570.0
CVX US,2018-08,2018,8,799570.0
CVX US,2018-09,2018,9,799570.0
CVX US,2018-10,2018,10,1330000.0
CVX US,2018-11,2018,11,1330000.0
CVX US,2018-12,2018,12,1330000.0
CVX US,2019-01,2019,1,0.0
CVX US,2019-02,2019,2,0.0
CVX US,2019-03,2019,3,0.0
CVX US,2019-04,2019,4,0.0
CVX US,2019-05,2019,5,0.0
CVX US,2019-06,2019,6,0.0
CVX US,2019-07,2019,7,0.0
CVX US,2019-08,2019,8,0.0
CVX US,2019-09,2019,9,0.0
CVX US,2019-10,2019,10,0.0
CVX US,2019-11,2019,11,0.0
CVX US,2019-12,2019,12,0.0
CVX US,2020-01,2020,1,0.0
CVX US,2020-02,2020,2,0.0
CVX US,2020-03,2020,3,0.0
CVX US,2020-04,2020,4,0.0
CVX US,2020-05,2020,5,0.0
CVX US,2020-06,2020,6,0.0
CVX US,2020-07,2020,7,0.0
CVX US,2020-08,2020,8,0.0
CVX US,2020-09,2020,9,0.0
CVX US,2020-10,2020,10,0.0
CVX US,2020-11,2020,11,0.0
CVX US,2020-12,2020,12,0.0
CVX US,2021-01,2021,1,38770000.0
CVX US,2021-02,2021,2,38770000.0
CVX US,2021-03,2021,3,38770000.0
CVX US,2021-04,2021,4,21120000.0
CVX US,2021-05,2021,5,21120000.0
CVX US,2021-06,2021,6,21120000.0
CVX US,2021-07,2021,7,21120000.0
CVX US,2021-08,2021,8,21120000.0
CVX US,2021-09,2021,9,21120000.0
CVX US,2021-10,2021,10,26470000.0
CVX US,2021-11,2021,11,26470000.0
CVX US,2021-12,2021,12,26470000.0
CVX US,2022-01,2022,1,35560000.0
CVX US,2022-02,2022,2,35560000.0
CVX US,2022-03,2022,3,35560000.0
CVX US,2022-04,2022,4,155890000.0
CVX US,2022-05,2022,5,155890000.0
CVX US,2022-06,2022,6,155890000.0
CVX US,2022-07,2022,7,159630000.0
CVX US,2022-08,2022,8,159630000.0
CVX US,2022-09,2022,9,159630000.0
CVX US,2022-10,2022,10,163370000.0
CVX US,2022-11,2022,11,163370000.0
CVX US,2022-12,2022,12,163370000.0
CVX US,2023-01,2023,1,160170000.0
CVX US,2023-02,2023,2,160170000.0
CVX US,2023-03,2023,3,160170000.0
CVX US,2023-04,2023,4,130220000.0
CVX US,2023-05,2023,5,130220000.0
CVX US,2023-06,2023,6,130220000.0
CVX US,2023-07,2023,7,121130000.0
CVX US,2023-08,2023,8,121130000.0
CVX US,2023-09,2023,9,121130000.0
CVX US,2023-10,2023,10,107760000.0
CVX US,2023-11,2023,11,107760000.0
CVX US,2023-12,2023,12,107760000.0
CVX US,2024-01,2024,1,123800000.0
CVX US,2024-02,2024,2,123800000.0
CVX US,2024-03,2024,3,123800000.0
CVX US,2024-04,2024,4,121130000.0
CVX US,2024-05,2024,5,121130000.0
CVX US,2024-06,2024,6,121130000.0
CVX US,2024-07,2024,7,116310000.0
CVX US,2024-08,2024,8,116310000.0
CVX US,2024-09,2024,9,116310000.0
CVX US,2024-10,2024,10,116310000.0
Cl US,1999-01,1999,1,14760.0
Cl US,1999-02,1999,2,14760.0
Cl US,1999-03,1999,3,14760.0
Cl US,1999-04,1999,4,14760.0
Cl US,1999-05,1999,5,14760.0
Cl US,1999-06,1999,6,14760.0
Cl US,1999-07,1999,7,14760.0
Cl US,1999-08,1999,8,14760.0
Cl US,1999-09,1999,9,14760.0
Cl US,1999-10,1999,10,14760.0
Cl US,1999-11,1999,11,14760.0
Cl US,1999-12,1999,12,14760.0
Cl US,2000-01,2000,1,14760.0
Cl US,2000-02,2000,2,14760.0
Cl US,2000-03,2000,3,14760.0
Cl US,2000-04,2000,4,14760.0
Cl US,2000-05,2000,5,14760.0
Cl US,2000-06,2000,6,14760.0
Cl US,2000-07,2000,7,14760.0
Cl US,2000-08,2000,8,14760.0
Cl US,2000-09,2000,9,14760.0
Cl US,2000-10,2000,10,14760.0
Cl US,2000-11,2000,11,14760.0
Cl US,2000-12,2000,12,14760.0
Cl US,2001-01,2001,1,14760.0
Cl US,2001-02,2001,2,14760.0
Cl US,2001-03,2001,3,14760.0
Cl US,2001-04,2001,4,14760.0
Cl US,2001-05,2001,5,14760.0
Cl US,2001-06,2001,6,14760.0
Cl US,2001-07,2001,7,14760.0
Cl US,2001-08,2001,8,14760.0
Cl US,2001-09,2001,9,14760.0
Cl US,2001-10,2001,10,14760.0
Cl US,2001-11,2001,11,14760.0
Cl US,2001-12,2001,12,14760.0
Cl US,2002-01,2002,1,14760.0
Cl US,2002-02,2002,2,14760.0
Cl US,2002-03,2002,3,14760.0
Cl US,2002-04,2002,4,14760.0
Cl US,2002-05,2002,5,14760.0
Cl US,2002-06,2002,6,14760.0
Cl US,2002-07,2002,7,14760.0
Cl US,2002-08,2002,8,14760.0
Cl US,2002-09,2002,9,14760.0
Cl US,2002-10,2002,10,14760.0
Cl US,2002-11,2002,11,14760.0
Cl US,2002-12,2002,12,14760.0
Cl US,2003-01,2003,1,14760.0
Cl US,2003-02,2003,2,14760.0
Cl US,2003-03,2003,3,14760.0
Cl US,2003-04,2003,4,14760.0
Cl US,2003-05,2003,5,14760.0
Cl US,2003-06,2003,6,14760.0
Cl US,2003-07,2003,7,14760.0
Cl US,2003-08,2003,8,14760.0
Cl US,2003-09,2003,9,14760.0
Cl US,2003-10,2003,10,14760.0
Cl US,2003-11,2003,11,14760.0
Cl US,2003-12,2003,12,14760.0
Cl US,2004-01,2004,1,14760.0
Cl US,2004-02,2004,2,14760.0
Cl US,2004-03,2004,3,14760.0
Cl US,2004-04,2004,4,14760.0
Cl US,2004-05,2004,5,14760.0
Cl US,2004-06,2004,6,14760.0
Cl US,2004-07,2004,7,14760.0
Cl US,2004-08,2004,8,14760.0
Cl US,2004-09,2004,9,14760.0
Cl US,2004-10,2004,10,14760.0
Cl US,2004-11,2004,11,14760.0
Cl US,2004-12,2004,12,14760.0
Cl US,2005-01,2005,1,14760.0
Cl US,2005-02,2005,2,14760.0
Cl US,2005-03,2005,3,14760.0
Cl US,2005-04,2005,4,14760.0
Cl US,2005-05,2005,5,14760.0
Cl US,2005-06,2005,6,14760.0
Cl US,2005-07,2005,7,14760.0
Cl US,2005-08,2005,8,14760.0
Cl US,2005-09,2005,9,14760.0
Cl US,2005-10,2005,10,14760.0
Cl US,2005-11,2005,11,14760.0
Cl US,2005-12,2005,12,14760.0
Cl US,2006-01,2006,1,14760.0
Cl US,2006-02,2006,2,14760.0
Cl US,2006-03,2006,3,14760.0
Cl US,2006-04,2006,4,14760.0
Cl US,2006-05,2006,5,14760.0
Cl US,2006-06,2006,6,14760.0
Cl US,2006-07,2006,7,14760.0
Cl US,2006-08,2006,8,14760.0
Cl US,2006-09,2006,9,14760.0
Cl US,2006-10,2006,10,14760.0
Cl US,2006-11,2006,11,14760.0
Cl US,2006-12,2006,12,14760.0
Cl US,2007-01,2007,1,14760.0
Cl US,2007-02,2007,2,14760.0
Cl US,2007-03,2007,3,14760.0
Cl US,2007-04,2007,4,14760.0
Cl US,2007-05,2007,5,14760.0
Cl US,2007-06,2007,6,14760.0
Cl US,2007-07,2007,7,14760.0
Cl US,2007-08,2007,8,14760.0
Cl US,2007-09,2007,9,14760.0
Cl US,2007-10,2007,10,14760.0
Cl US,2007-11,2007,11,14760.0
Cl US,2007-12,2007,12,14760.0
Cl US,2008-01,2008,1,14760.0
Cl US,2008-02,2008,2,14760.0
Cl US,2008-03,2008,3,14760.0
Cl US,2008-04,2008,4,14760.0
Cl US,2008-05,2008,5,14760.0
Cl US,2008-06,2008,6,14760.0
Cl US,2008-07,2008,7,14760.0
Cl US,2008-08,2008,8,14760.0
Cl US,2008-09,2008,9,14760.0
Cl US,2008-10,2008,10,14760.0
Cl US,2008-11,2008,11,14760.0
Cl US,2008-12,2008,12,14760.0
Cl US,2009-01,2009,1,14760.0
Cl US,2009-02,2009,2,14760.0
Cl US,2009-03,2009,3,14760.0
Cl US,2009-04,2009,4,14760.0
Cl US,2009-05,2009,5,14760.0
Cl US,2009-06,2009,6,14760.0
Cl US,2009-07,2009,7,14760.0
Cl US,2009-08,2009,8,14760.0
Cl US,2009-09,2009,9,14760.0
Cl US,2009-10,2009,10,14760.0
Cl US,2009-11,2009,11,14760.0
Cl US,2009-12,2009,12,14760.0
Cl US,2010-01,2010,1,14760.0
Cl US,2010-02,2010,2,14760.0
Cl US,2010-03,2010,3,14760.0
Cl US,2010-04,2010,4,14760.0
Cl US,2010-05,2010,5,14760.0
Cl US,2010-06,2010,6,14760.0
Cl US,2010-07,2010,7,14760.0
Cl US,2010-08,2010,8,14760.0
Cl US,2010-09,2010,9,14760.0
Cl US,2010-10,2010,10,14760.0
Cl US,2010-11,2010,11,14760.0
Cl US,2010-12,2010,12,14760.0
Cl US,2011-01,2011,1,14760.0
Cl US,2011-02,2011,2,14760.0
Cl US,2011-03,2011,3,14760.0
Cl US,2011-04,2011,4,14760.0
Cl US,2011-05,2011,5,14760.0
Cl US,2011-06,2011,6,14760.0
Cl US,2011-07,2011,7,14760.0
Cl US,2011-08,2011,8,14760.0
Cl US,2011-09,2011,9,14760.0
Cl US,2011-10,2011,10,14760.0
Cl US,2011-11,2011,11,14760.0
Cl US,2011-12,2011,12,14760.0
Cl US,2012-01,2012,1,14760.0
Cl US,2012-02,2012,2,14760.0
Cl US,2012-03,2012,3,14760.0
Cl US,2012-04,2012,4,14760.0
Cl US,2012-05,2012,5,14760.0
Cl US,2012-06,2012,6,14760.0
Cl US,2012-07,2012,7,14760.0
Cl US,2012-08,2012,8,14760.0
Cl US,2012-09,2012,9,14760.0
Cl US,2012-10,2012,10,14760.0
Cl US,2012-11,2012,11,14760.0
Cl US,2012-12,2012,12,14760.0
Cl US,2013-01,2013,1,14760.0
Cl US,2013-02,2013,2,14760.0
Cl US,2013-03,2013,3,14760.0
Cl US,2013-04,2013,4,14760.0
Cl US,2013-05,2013,5,14760.0
Cl US,2013-06,2013,6,14760.0
Cl US,2013-07,2013,7,14760.0
Cl US,2013-08,2013,8,14760.0
Cl US,2013-09,2013,9,14760.0
Cl US,2013-10,2013,10,14760.0
Cl US,2013-11,2013,11,14760.0
Cl US,2013-12,2013,12,14760.0
Cl US,2014-01,2014,1,14760.0
Cl US,2014-02,2014,2,14760.0
Cl US,2014-03,2014,3,14760.0
Cl US,2014-04,2014,4,14760.0
Cl US,2014-05,2014,5,14760.0
Cl US,2014-06,2014,6,14760.0
Cl US,2014-07,2014,7,14760.0
Cl US,2014-08,2014,8,14760.0
Cl US,2014-09,2014,9,14760.0
Cl US,2014-10,2014,10,14760.0
Cl US,2014-11,2014,11,14760.0
Cl US,2014-12,2014,12,14760.0
Cl US,2015-01,2015,1,14760.0
Cl US,2015-02,2015,2,14760.0
Cl US,2015-03,2015,3,14760.0
Cl US,2015-04,2015,4,14760.0
Cl US,2015-05,2015,5,14760.0
Cl US,2015-06,2015,6,14760.0
Cl US,2015-07,2015,7,14760.0
Cl US,2015-08,2015,8,14760.0
Cl US,2015-09,2015,9,14760.0
Cl US,2015-10,2015,10,14760.0
Cl US,2015-11,2015,11,14760.0
Cl US,2015-12,2015,12,14760.0
Cl US,2016-01,2016,1,14760.0
Cl US,2016-02,2016,2,14760.0
Cl US,2016-03,2016,3,14760.0
Cl US,2016-04,2016,4,14760.0
Cl US,2016-05,2016,5,14760.0
Cl US,2016-06,2016,6,14760.0
Cl US,2016-07,2016,7,14760.0
Cl US,2016-08,2016,8,14760.0
Cl US,2016-09,2016,9,14760.0
Cl US,2016-10,2016,10,14760.0
Cl US,2016-11,2016,11,14760.0
Cl US,2016-12,2016,12,14760.0
Cl US,2017-01,2017,1,14760.0
Cl US,2017-02,2017,2,14760.0
Cl US,2017-03,2017,3,14760.0
Cl US,2017-04,2017,4,14760.0
Cl US,2017-05,2017,5,14760.0
Cl US,2017-06,2017,6,14760.0
Cl US,2017-07,2017,7,14760.0
Cl US,2017-08,2017,8,14760.0
Cl US,2017-09,2017,9,14760.0
Cl US,2017-10,2017,10,14760.0
Cl US,2017-11,2017,11,14760.0
Cl US,2017-12,2017,12,14760.0
Cl US,2018-01,2018,1,14760.0
Cl US,2018-02,2018,2,14760.0
Cl US,2018-03,2018,3,14760.0
Cl US,2018-04,2018,4,14760.0
Cl US,2018-05,2018,5,14760.0
Cl US,2018-06,2018,6,14760.0
Cl US,2018-07,2018,7,14760.0
Cl US,2018-08,2018,8,14760.0
Cl US,2018-09,2018,9,14760.0
Cl US,2018-10,2018,10,14760.0
Cl US,2018-11,2018,11,14760.0
Cl US,2018-12,2018,12,14760.0
Cl US,2019-01,2019,1,14760.0
Cl US,2019-02,2019,2,14760.0
Cl US,2019-03,2019,3,14760.0
Cl US,2019-04,2019,4,14760.0
Cl US,2019-05,2019,5,14760.0
Cl US,2019-06,2019,6,14760.0
Cl US,2019-07,2019,7,14760.0
Cl US,2019-08,2019,8,14760.0
Cl US,2019-09,2019,9,14760.0
Cl US,2019-10,2019,10,14760.0
Cl US,2019-11,2019,11,14760.0
Cl US,2019-12,2019,12,14760.0
Cl US,2020-01,2020,1,14760.0
Cl US,2020-02,2020,2,14760.0
Cl US,2020-03,2020,3,14760.0
Cl US,2020-04,2020,4,14760.0
Cl US,2020-05,2020,5,14760.0
Cl US,2020-06,2020,6,14760.0
Cl US,2020-07,2020,7,14760.0
Cl US,2020-08,2020,8,14760.0
Cl US,2020-09,2020,9,14760.0
Cl US,2020-10,2020,10,14760.0
Cl US,2020-11,2020,11,14760.0
Cl US,2020-12,2020,12,14760.0
Cl US,2021-01,2021,1,14760.0
Cl US,2021-02,2021,2,14760.0
Cl US,2021-03,2021,3,14760.0
Cl US,2021-04,2021,4,14760.0
Cl US,2021-05,2021,5,14760.0
Cl US,2021-06,2021,6,14760.0
Cl US,2021-07,2021,7,14760.0
Cl US,2021-08,2021,8,14760.0
Cl US,2021-09,2021,9,14760.0
Cl US,2021-10,2021,10,14760.0
Cl US,2021-11,2021,11,14760.0
Cl US,2021-12,2021,12,14760.0
Cl US,2022-01,2022,1,14760.0
Cl US,2022-02,2022,2,14760.0
Cl US,2022-03,2022,3,14760.0
Cl US,2022-04,2022,4,14760.0
Cl US,2022-05,2022,5,14760.0
Cl US,2022-06,2022,6,14760.0
Cl US,2022-07,2022,7,14760.0
Cl US,2022-08,2022,8,14760.0
Cl US,2022-09,2022,9,14760.0
Cl US,2022-10,2022,10,14760.0
Cl US,2022-11,2022,11,14760.0
Cl US,2022-12,2022,12,14760.0
Cl US,2023-01,2023,1,14760.0
Cl US,2023-02,2023,2,14760.0
Cl US,2023-03,2023,3,14760.0
Cl US,2023-04,2023,4,14760.0
Cl US,2023-05,2023,5,14760.0
Cl US,2023-06,2023,6,14760.0
Cl US,2023-07,2023,7,14760.0
Cl US,2023-08,2023,8,14760.0
Cl US,2023-09,2023,9,14760.0
Cl US,2023-10,2023,10,14760.0
Cl US,2023-11,2023,11,14760.0
Cl US,2023-12,2023,12,14760.0
Cl US,2024-01,2024,1,14760.0
Cl US,2024-02,2024,2,14760.0
Cl US,2024-03,2024,3,14760.0
Cl US,2024-04,2024,4,14760.0
Cl US,2024-05,2024,5,14760.0
Cl US,2024-06,2024,6,14760.0
Cl US,2024-07,2024,7,14760.0
Cl US,2024-08,2024,8,14760.0
Cl US,2024-09,2024,9,14760.0
Cl US,2024-10,2024,10,14760.0
DEO US,1999-07,1999,7,227750.0
DEO US,1999-08,1999,8,227750.0
DEO US,1999-09,1999,9,227750.0
DEO US,1999-10,1999,10,227750.0
DEO US,1999-11,1999,11,227750.0
DEO US,1999-12,1999,12,227750.0
DEO US,2000-01,2000,1,227750.0
DEO US,2000-02,2000,2,227750.0
DEO US,2000-03,2000,3,227750.0
DEO US,2000-04,2000,4,227750.0
DEO US,2000-05,2000,5,227750.0
DEO US,2000-06,2000,6,227750.0
DEO US,2000-07,2000,7,227750.0
DEO US,2000-08,2000,8,227750.0
DEO US,2000-09,2000,9,227750.0
DEO US,2000-10,2000,10,227750.0
DEO US,2000-11,2000,11,227750.0
DEO US,2000-12,2000,12,227750.0
DEO US,2001-01,2001,1,227750.0
DEO US,2001-02,2001,2,227750.0
DEO US,2001-03,2001,3,227750.0
DEO US,2001-04,2001,4,227750.0
DEO US,2001-05,2001,5,227750.0
DEO US,2001-06,2001,6,227750.0
DEO US,2001-07,2001,7,227750.0
DEO US,2001-08,2001,8,227750.0
DEO US,2001-09,2001,9,227750.0
DEO US,2001-10,2001,10,227750.0
DEO US,2001-11,2001,11,227750.0
DEO US,2001-12,2001,12,227750.0
DEO US,2002-01,2002,1,227750.0
DEO US,2002-02,2002,2,227750.0
DEO US,2002-03,2002,3,227750.0
DEO US,2002-04,2002,4,227750.0
DEO US,2002-05,2002,5,227750.0
DEO US,2002-06,2002,6,227750.0
DEO US,2002-07,2002,7,227750.0
DEO US,2002-08,2002,8,227750.0
DEO US,2002-09,2002,9,227750.0
DEO US,2002-10,2002,10,227750.0
DEO US,2002-11,2002,11,227750.0
DEO US,2002-12,2002,12,227750.0
DEO US,2003-01,2003,1,227750.0
DEO US,2003-02,2003,2,227750.0
DEO US,2003-03,2003,3,227750.0
DEO US,2003-04,2003,4,227750.0
DEO US,2003-05,2003,5,227750.0
DEO US,2003-06,2003,6,227750.0
DEO US,2003-07,2003,7,227750.0
DEO US,2003-08,2003,8,227750.0
DEO US,2003-09,2003,9,227750.0
DEO US,2003-10,2003,10,227750.0
DEO US,2003-11,2003,11,227750.0
DEO US,2003-12,2003,12,227750.0
DEO US,2004-01,2004,1,227750.0
DEO US,2004-02,2004,2,227750.0
DEO US,2004-03,2004,3,227750.0
DEO US,2004-04,2004,4,227750.0
DEO US,2004-05,2004,5,227750.0
DEO US,2004-06,2004,6,227750.0
DEO US,2004-07,2004,7,227750.0
DEO US,2004-08,2004,8,227750.0
DEO US,2004-09,2004,9,227750.0
DEO US,2004-10,2004,10,227750.0
DEO US,2004-11,2004,11,227750.0
DEO US,2004-12,2004,12,227750.0
DEO US,2005-01,2005,1,227750.0
DEO US,2005-02,2005,2,227750.0
DEO US,2005-03,2005,3,227750.0
DEO US,2005-04,2005,4,227750.0
DEO US,2005-05,2005,5,227750.0
DEO US,2005-06,2005,6,227750.0
DEO US,2005-07,2005,7,227750.0
DEO US,2005-08,2005,8,227750.0
DEO US,2005-09,2005,9,227750.0
DEO US,2005-10,2005,10,227750.0
DEO US,2005-11,2005,11,227750.0
DEO US,2005-12,2005,12,227750.0
DEO US,2006-01,2006,1,227750.0
DEO US,2006-02,2006,2,227750.0
DEO US,2006-03,2006,3,227750.0
DEO US,2006-04,2006,4,227750.0
DEO US,2006-05,2006,5,227750.0
DEO US,2006-06,2006,6,227750.0
DEO US,2006-07,2006,7,227750.0
DEO US,2006-08,2006,8,227750.0
DEO US,2006-09,2006,9,227750.0
DEO US,2006-10,2006,10,227750.0
DEO US,2006-11,2006,11,227750.0
DEO US,2006-12,2006,12,227750.0
DEO US,2007-01,2007,1,227750.0
DEO US,2007-02,2007,2,227750.0
DEO US,2007-03,2007,3,227750.0
DEO US,2007-04,2007,4,227750.0
DEO US,2007-05,2007,5,227750.0
DEO US,2007-06,2007,6,227750.0
DEO US,2007-07,2007,7,227750.0
DEO US,2007-08,2007,8,227750.0
DEO US,2007-09,2007,9,227750.0
DEO US,2007-10,2007,10,227750.0
DEO US,2007-11,2007,11,227750.0
DEO US,2007-12,2007,12,227750.0
DEO US,2008-01,2008,1,227750.0
DEO US,2008-02,2008,2,227750.0
DEO US,2008-03,2008,3,227750.0
DEO US,2008-04,2008,4,227750.0
DEO US,2008-05,2008,5,227750.0
DEO US,2008-06,2008,6,227750.0
DEO US,2008-07,2008,7,227750.0
DEO US,2008-08,2008,8,227750.0
DEO US,2008-09,2008,9,227750.0
DEO US,2008-10,2008,10,227750.0
DEO US,2008-11,2008,11,227750.0
DEO US,2008-12,2008,12,227750.0
DEO US,2009-01,2009,1,227750.0
DEO US,2009-02,2009,2,227750.0
DEO US,2009-03,2009,3,227750.0
DEO US,2009-04,2009,4,227750.0
DEO US,2009-05,2009,5,227750.0
DEO US,2009-06,2009,6,227750.0
DEO US,2009-07,2009,7,227750.0
DEO US,2009-08,2009,8,227750.0
DEO US,2009-09,2009,9,227750.0
DEO US,2009-10,2009,10,227750.0
DEO US,2009-11,2009,11,227750.0
DEO US,2009-12,2009,12,227750.0
DEO US,2010-01,2010,1,227750.0
DEO US,2010-02,2010,2,227750.0
DEO US,2010-03,2010,3,227750.0
DEO US,2010-04,2010,4,227750.0
DEO US,2010-05,2010,5,227750.0
DEO US,2010-06,2010,6,227750.0
DEO US,2010-07,2010,7,227750.0
DEO US,2010-08,2010,8,227750.0
DEO US,2010-09,2010,9,227750.0
DEO US,2010-10,2010,10,227750.0
DEO US,2010-11,2010,11,227750.0
DEO US,2010-12,2010,12,227750.0
DEO US,2011-01,2011,1,227750.0
DEO US,2011-02,2011,2,227750.0
DEO US,2011-03,2011,3,227750.0
DEO US,2011-04,2011,4,227750.0
DEO US,2011-05,2011,5,227750.0
DEO US,2011-06,2011,6,227750.0
DEO US,2011-07,2011,7,227750.0
DEO US,2011-08,2011,8,227750.0
DEO US,2011-09,2011,9,227750.0
DEO US,2011-10,2011,10,227750.0
DEO US,2011-11,2011,11,227750.0
DEO US,2011-12,2011,12,227750.0
DEO US,2012-01,2012,1,227750.0
DEO US,2012-02,2012,2,227750.0
DEO US,2012-03,2012,3,227750.0
DEO US,2012-04,2012,4,227750.0
DEO US,2012-05,2012,5,227750.0
DEO US,2012-06,2012,6,227750.0
DEO US,2012-07,2012,7,227750.0
DEO US,2012-08,2012,8,227750.0
DEO US,2012-09,2012,9,227750.0
DEO US,2012-10,2012,10,227750.0
DEO US,2012-11,2012,11,227750.0
DEO US,2012-12,2012,12,227750.0
DEO US,2013-01,2013,1,227750.0
DEO US,2013-02,2013,2,227750.0
DEO US,2013-03,2013,3,227750.0
DEO US,2013-04,2013,4,227750.0
DEO US,2013-05,2013,5,227750.0
DEO US,2013-06,2013,6,227750.0
DEO US,2013-07,2013,7,227750.0
DEO US,2013-08,2013,8,227750.0
DEO US,2013-09,2013,9,227750.0
DEO US,2013-10,2013,10,227750.0
DEO US,2013-11,2013,11,227750.0
DEO US,2013-12,2013,12,227750.0
DEO US,2014-01,2014,1,227750.0
DEO US,2014-02,2014,2,227750.0
DEO US,2014-03,2014,3,227750.0
DEO US,2014-04,2014,4,227750.0
DEO US,2014-05,2014,5,227750.0
DEO US,2014-06,2014,6,227750.0
DEO US,2014-07,2014,7,227750.0
DEO US,2014-08,2014,8,227750.0
DEO US,2014-09,2014,9,227750.0
DEO US,2014-10,2014,10,227750.0
DEO US,2014-11,2014,11,227750.0
DEO US,2014-12,2014,12,227750.0
DEO US,2015-01,2015,1,227750.0
DEO US,2015-02,2015,2,227750.0
DEO US,2015-03,2015,3,227750.0
DEO US,2015-04,2015,4,227750.0
DEO US,2015-05,2015,5,227750.0
DEO US,2015-06,2015,6,227750.0
DEO US,2015-07,2015,7,227750.0
DEO US,2015-08,2015,8,227750.0
DEO US,2015-09,2015,9,227750.0
DEO US,2015-10,2015,10,227750.0
DEO US,2015-11,2015,11,227750.0
DEO US,2015-12,2015,12,227750.0
DEO US,2016-01,2016,1,227750.0
DEO US,2016-02,2016,2,227750.0
DEO US,2016-03,2016,3,227750.0
DEO US,2016-04,2016,4,227750.0
DEO US,2016-05,2016,5,227750.0
DEO US,2016-06,2016,6,227750.0
DEO US,2016-07,2016,7,227750.0
DEO US,2016-08,2016,8,227750.0
DEO US,2016-09,2016,9,227750.0
DEO US,2016-10,2016,10,227750.0
DEO US,2016-11,2016,11,227750.0
DEO US,2016-12,2016,12,227750.0
DEO US,2017-01,2017,1,227750.0
DEO US,2017-02,2017,2,227750.0
DEO US,2017-03,2017,3,227750.0
DEO US,2017-04,2017,4,227750.0
DEO US,2017-05,2017,5,227750.0
DEO US,2017-06,2017,6,227750.0
DEO US,2017-07,2017,7,227750.0
DEO US,2017-08,2017,8,227750.0
DEO US,2017-09,2017,9,227750.0
DEO US,2017-10,2017,10,227750.0
DEO US,2017-11,2017,11,227750.0
DEO US,2017-12,2017,12,227750.0
DEO US,2018-01,2018,1,227750.0
DEO US,2018-02,2018,2,227750.0
DEO US,2018-03,2018,3,227750.0
DEO US,2018-04,2018,4,227750.0
DEO US,2018-05,2018,5,227750.0
DEO US,2018-06,2018,6,227750.0
DEO US,2018-07,2018,7,227750.0
DEO US,2018-08,2018,8,227750.0
DEO US,2018-09,2018,9,227750.0
DEO US,2018-10,2018,10,227750.0
DEO US,2018-11,2018,11,227750.0
DEO US,2018-12,2018,12,227750.0
DEO US,2019-01,2019,1,227750.0
DEO US,2019-02,2019,2,227750.0
DEO US,2019-03,2019,3,227750.0
DEO US,2019-04,2019,4,227750.0
DEO US,2019-05,2019,5,227750.0
DEO US,2019-06,2019,6,227750.0
DEO US,2019-07,2019,7,227750.0
DEO US,2019-08,2019,8,227750.0
DEO US,2019-09,2019,9,227750.0
DEO US,2019-10,2019,10,227750.0
DEO US,2019-11,2019,11,227750.0
DEO US,2019-12,2019,12,227750.0
DEO US,2020-01,2020,1,227750.0
DEO US,2020-01,2020,1,227750.0
DEO US,2020-02,2020,2,227750.0
DEO US,2020-03,2020,3,227750.0
DEO US,2020-04,2020,4,227750.0
DEO US,2020-04,2020,4,227750.0
DEO US,2020-05,2020,5,227750.0
DEO US,2020-06,2020,6,227750.0
DEO US,2020-07,2020,7,227750.0
DEO US,2020-07,2020,7,227750.0
DEO US,2020-08,2020,8,227750.0
DEO US,2020-09,2020,9,227750.0
DEO US,2020-10,2020,10,227750.0
DEO US,2020-10,2020,10,227750.0
DEO US,2020-11,2020,11,227750.0
DEO US,2020-12,2020,12,227750.0
DEO US,2021-01,2021,1,227750.0
DEO US,2021-02,2021,2,227750.0
DEO US,2021-03,2021,3,227750.0
DEO US,2021-04,2021,4,227750.0
DEO US,2021-05,2021,5,227750.0
DEO US,2021-06,2021,6,227750.0
DEO US,2021-07,2021,7,227750.0
DEO US,2021-08,2021,8,227750.0
DEO US,2021-09,2021,9,227750.0
DEO US,2021-10,2021,10,227750.0
DEO US,2021-11,2021,11,227750.0
DEO US,2021-12,2021,12,227750.0
DEO US,2022-01,2022,1,227750.0
DEO US,2022-02,2022,2,227750.0
DEO US,2022-03,2022,3,227750.0
DEO US,2022-04,2022,4,227750.0
DEO US,2022-05,2022,5,227750.0
DEO US,2022-06,2022,6,227750.0
DEO US,2022-07,2022,7,227750.0
DEO US,2022-08,2022,8,227750.0
DEO US,2022-09,2022,9,227750.0
DEO US,2022-10,2022,10,227750.0
DEO US,2022-11,2022,11,227750.0
DEO US,2022-12,2022,12,227750.0
DEO US,2023-01,2023,1,227750.0
DEO US,2023-02,2023,2,227750.0
DEO US,2023-03,2023,3,227750.0
DEO US,2023-04,2023,4,227750.0
DEO US,2023-05,2023,5,227750.0
DEO US,2023-06,2023,6,227750.0
DEO US,2023-07,2023,7,227750.0
DEO US,2023-08,2023,8,227750.0
DEO US,2023-09,2023,9,227750.0
DEO US,2023-10,2023,10,227750.0
DEO US,2023-11,2023,11,227750.0
DEO US,2023-12,2023,12,227750.0
DEO US,2024-01,2024,1,227750.0
DEO US,2024-02,2024,2,227750.0
DEO US,2024-03,2024,3,227750.0
DEO US,2024-04,2024,4,227750.0
DEO US,2024-05,2024,5,227750.0
DEO US,2024-06,2024,6,227750.0
DEO US,2024-07,2024,7,227750.0
DEO US,2024-08,2024,8,227750.0
DEO US,2024-09,2024,9,227750.0
DEO US,2024-10,2024,10,227750.0
DGE LN,2006-10,2006,10,1590000.0
DGE LN,2006-11,2006,11,1590000.0
DGE LN,2006-12,2006,12,1590000.0
DGE LN,2007-01,2007,1,1540000.0
DGE LN,2007-02,2007,2,1540000.0
DGE LN,2007-03,2007,3,1540000.0
DGE LN,2007-04,2007,4,1540000.0
DGE LN,2007-05,2007,5,1540000.0
DGE LN,2007-06,2007,6,1540000.0
DGE LN,2007-07,2007,7,1540000.0
DGE LN,2007-08,2007,8,1540000.0
DGE LN,2007-09,2007,9,1540000.0
DGE LN,2007-10,2007,10,1540000.0
DGE LN,2007-11,2007,11,1540000.0
DGE LN,2007-12,2007,12,1540000.0
DGE LN,2008-01,2008,1,1540000.0
DGE LN,2008-02,2008,2,1540000.0
DGE LN,2008-03,2008,3,1540000.0
DGE LN,2008-04,2008,4,1540000.0
DGE LN,2008-05,2008,5,1540000.0
DGE LN,2008-06,2008,6,1540000.0
DGE LN,2008-07,2008,7,1540000.0
DGE LN,2008-08,2008,8,1540000.0
DGE LN,2008-09,2008,9,1540000.0
DGE LN,2008-10,2008,10,1540000.0
DGE LN,2008-11,2008,11,1540000.0
DGE LN,2008-12,2008,12,1540000.0
DGE LN,2009-01,2009,1,1480000.0
DGE LN,2009-02,2009,2,1480000.0
DGE LN,2009-03,2009,3,1480000.0
DGE LN,2009-04,2009,4,1540000.0
DGE LN,2009-05,2009,5,1540000.0
DGE LN,2009-06,2009,6,1540000.0
DGE LN,2009-07,2009,7,1540000.0
DGE LN,2009-08,2009,8,1540000.0
DGE LN,2009-09,2009,9,1540000.0
DGE LN,2009-10,2009,10,1540000.0
DGE LN,2009-11,2009,11,1540000.0
DGE LN,2009-12,2009,12,1540000.0
DGE LN,2010-01,2010,1,1480000.0
DGE LN,2010-02,2010,2,1480000.0
DGE LN,2010-03,2010,3,1480000.0
DGE LN,2010-04,2010,4,1540000.0
DGE LN,2010-05,2010,5,1540000.0
DGE LN,2010-06,2010,6,1540000.0
DGE LN,2010-07,2010,7,1540000.0
DGE LN,2010-08,2010,8,1540000.0
DGE LN,2010-09,2010,9,1540000.0
DGE LN,2010-10,2010,10,1540000.0
DGE LN,2010-11,2010,11,1540000.0
DGE LN,2010-12,2010,12,1540000.0
DGE LN,2011-01,2011,1,1540000.0
DGE LN,2011-02,2011,2,1540000.0
DGE LN,2011-03,2011,3,1540000.0
DGE LN,2011-04,2011,4,1480000.0
DGE LN,2011-05,2011,5,1480000.0
DGE LN,2011-06,2011,6,1480000.0
DGE LN,2011-07,2011,7,1540000.0
DGE LN,2011-08,2011,8,1540000.0
DGE LN,2011-09,2011,9,1540000.0
DGE LN,2011-10,2011,10,1540000.0
DGE LN,2011-11,2011,11,1540000.0
DGE LN,2011-12,2011,12,1540000.0
DGE LN,2012-01,2012,1,1480000.0
DGE LN,2012-02,2012,2,1480000.0
DGE LN,2012-03,2012,3,1480000.0
DGE LN,2012-04,2012,4,1540000.0
DGE LN,2012-05,2012,5,1540000.0
DGE LN,2012-06,2012,6,1540000.0
DGE LN,2012-07,2012,7,1590000.0
DGE LN,2012-08,2012,8,1590000.0
DGE LN,2012-09,2012,9,1590000.0
DGE LN,2012-10,2012,10,1590000.0
DGE LN,2012-11,2012,11,1590000.0
DGE LN,2012-12,2012,12,1590000.0
DGE LN,2013-01,2013,1,1540000.0
DGE LN,2013-02,2013,2,1540000.0
DGE LN,2013-03,2013,3,1540000.0
DGE LN,2013-04,2013,4,1590000.0
DGE LN,2013-05,2013,5,1590000.0
DGE LN,2013-06,2013,6,1590000.0
DGE LN,2013-07,2013,7,1590000.0
DGE LN,2013-08,2013,8,1590000.0
DGE LN,2013-09,2013,9,1590000.0
DGE LN,2013-10,2013,10,1590000.0
DGE LN,2013-11,2013,11,1590000.0
DGE LN,2013-12,2013,12,1590000.0
DGE LN,2014-01,2014,1,1540000.0
DGE LN,2014-02,2014,2,1540000.0
DGE LN,2014-03,2014,3,1540000.0
DGE LN,2014-04,2014,4,1590000.0
DGE LN,2014-05,2014,5,1590000.0
DGE LN,2014-06,2014,6,1590000.0
DGE LN,2014-07,2014,7,1590000.0
DGE LN,2014-08,2014,8,1590000.0
DGE LN,2014-09,2014,9,1590000.0
DGE LN,2014-10,2014,10,1590000.0
DGE LN,2014-11,2014,11,1590000.0
DGE LN,2014-12,2014,12,1590000.0
DGE LN,2015-01,2015,1,1540000.0
DGE LN,2015-02,2015,2,1540000.0
DGE LN,2015-03,2015,3,1540000.0
DGE LN,2015-04,2015,4,1540000.0
DGE LN,2015-05,2015,5,1540000.0
DGE LN,2015-06,2015,6,1540000.0
DGE LN,2015-07,2015,7,18460000.0
DGE LN,2015-08,2015,8,18460000.0
DGE LN,2015-09,2015,9,18460000.0
DGE LN,2015-10,2015,10,18570000.0
DGE LN,2015-11,2015,11,18570000.0
DGE LN,2015-12,2015,12,18570000.0
DGE LN,2016-01,2016,1,18570000.0
DGE LN,2016-02,2016,2,18570000.0
DGE LN,2016-03,2016,3,18570000.0
DGE LN,2016-04,2016,4,18570000.0
DGE LN,2016-05,2016,5,18570000.0
DGE LN,2016-06,2016,6,18570000.0
DGE LN,2016-07,2016,7,18630000.0
DGE LN,2016-08,2016,8,18630000.0
DGE LN,2016-09,2016,9,18630000.0
DGE LN,2016-10,2016,10,18570000.0
DGE LN,2016-11,2016,11,18570000.0
DGE LN,2016-12,2016,12,18570000.0
DGE LN,2017-01,2017,1,18570000.0
DGE LN,2017-02,2017,2,18570000.0
DGE LN,2017-03,2017,3,18570000.0
DGE LN,2017-04,2017,4,18570000.0
DGE LN,2017-05,2017,5,18570000.0
DGE LN,2017-06,2017,6,18570000.0
DGE LN,2017-07,2017,7,18570000.0
DGE LN,2017-08,2017,8,18570000.0
DGE LN,2017-09,2017,9,18570000.0
DGE LN,2017-10,2017,10,18520000.0
DGE LN,2017-11,2017,11,18520000.0
DGE LN,2017-12,2017,12,18520000.0
DGE LN,2018-01,2018,1,16700000.0
DGE LN,2018-02,2018,2,16700000.0
DGE LN,2018-03,2018,3,16700000.0
DGE LN,2018-04,2018,4,16700000.0
DGE LN,2018-05,2018,5,16700000.0
DGE LN,2018-06,2018,6,16700000.0
DGE LN,2018-07,2018,7,16649999.999999998
DGE LN,2018-08,2018,8,16649999.999999998
DGE LN,2018-09,2018,9,16649999.999999998
DGE LN,2018-10,2018,10,16700000.0
DGE LN,2018-11,2018,11,16700000.0
DGE LN,2018-12,2018,12,16700000.0
DGE LN,2019-01,2019,1,16700000.0
DGE LN,2019-02,2019,2,16700000.0
DGE LN,2019-03,2019,3,16700000.0
DGE LN,2019-04,2019,4,16700000.0
DGE LN,2019-05,2019,5,16700000.0
DGE LN,2019-06,2019,6,16700000.0
DGE LN,2019-07,2019,7,16700000.0
DGE LN,2019-08,2019,8,16700000.0
DGE LN,2019-09,2019,9,16700000.0
DGE LN,2019-10,2019,10,16700000.0
DGE LN,2019-11,2019,11,16700000.0
DGE LN,2019-12,2019,12,16700000.0
DGE LN,2020-01,2020,1,16649999.999999998
DGE LN,2020-02,2020,2,16649999.999999998
DGE LN,2020-03,2020,3,16649999.999999998
DGE LN,2020-04,2020,4,16649999.999999998
DGE LN,2020-05,2020,5,16649999.999999998
DGE LN,2020-06,2020,6,16649999.999999998
DGE LN,2020-07,2020,7,16649999.999999998
DGE LN,2020-08,2020,8,16649999.999999998
DGE LN,2020-09,2020,9,16649999.999999998
DGE LN,2020-10,2020,10,16649999.999999998
DGE LN,2020-11,2020,11,16649999.999999998
DGE LN,2020-12,2020,12,16649999.999999998
DGE LN,2021-01,2021,1,16700000.0
DGE LN,2021-02,2021,2,16700000.0
DGE LN,2021-03,2021,3,16700000.0
DGE LN,2021-04,2021,4,16649999.999999998
DGE LN,2021-05,2021,5,16649999.999999998
DGE LN,2021-06,2021,6,16649999.999999998
DGE LN,2021-07,2021,7,16700000.0
DGE LN,2021-08,2021,8,16700000.0
DGE LN,2021-09,2021,9,16700000.0
DGE LN,2021-10,2021,10,16590000.0
DGE LN,2021-11,2021,11,16590000.0
DGE LN,2021-12,2021,12,16590000.0
DGE LN,2022-01,2022,1,18460000.0
DGE LN,2022-02,2022,2,18460000.0
DGE LN,2022-03,2022,3,18460000.0
DGE LN,2022-04,2022,4,18520000.0
DGE LN,2022-05,2022,5,18520000.0
DGE LN,2022-06,2022,6,18520000.0
DGE LN,2022-07,2022,7,18520000.0
DGE LN,2022-08,2022,8,18520000.0
DGE LN,2022-09,2022,9,18520000.0
DGE LN,2022-10,2022,10,18570000.0
DGE LN,2022-11,2022,11,18570000.0
DGE LN,2022-12,2022,12,18570000.0
DGE LN,2023-01,2023,1,18520000.0
DGE LN,2023-02,2023,2,18520000.0
DGE LN,2023-03,2023,3,18520000.0
DGE LN,2023-04,2023,4,18570000.0
DGE LN,2023-05,2023,5,18570000.0
DGE LN,2023-06,2023,6,18570000.0
DGE LN,2023-07,2023,7,18520000.0
DGE LN,2023-08,2023,8,18520000.0
DGE LN,2023-09,2023,9,18520000.0
DGE LN,2023-10,2023,10,18570000.0
DGE LN,2023-11,2023,11,18570000.0
DGE LN,2023-12,2023,12,18570000.0
DGE LN,2024-01,2024,1,18520000.0
DGE LN,2024-02,2024,2,18520000.0
DGE LN,2024-03,2024,3,18520000.0
DGE LN,2024-04,2024,4,18520000.0
DGE LN,2024-05,2024,5,18520000.0
DGE LN,2024-06,2024,6,18520000.0
DGE LN,2024-07,2024,7,18520000.0
DGE LN,2024-08,2024,8,18520000.0
DGE LN,2024-09,2024,9,18520000.0
DGE LN,2024-10,2024,10,18570000.0
DGEAF US,2006-10,2006,10,1440000.0
DGEAF US,2006-11,2006,11,1440000.0
DGEAF US,2006-12,2006,12,1440000.0
DGEAF US,2007-01,2007,1,1390000.0
DGEAF US,2007-02,2007,2,1390000.0
DGEAF US,2007-03,2007,3,1390000.0
DGEAF US,2007-04,2007,4,1390000.0
DGEAF US,2007-05,2007,5,1390000.0
DGEAF US,2007-06,2007,6,1390000.0
DGEAF US,2007-07,2007,7,1390000.0
DGEAF US,2007-08,2007,8,1390000.0
DGEAF US,2007-09,2007,9,1390000.0
DGEAF US,2007-10,2007,10,1330000.0
DGEAF US,2007-11,2007,11,1330000.0
DGEAF US,2007-12,2007,12,1330000.0
DGEAF US,2008-01,2008,1,1390000.0
DGEAF US,2008-02,2008,2,1390000.0
DGEAF US,2008-03,2008,3,1390000.0
DGEAF US,2008-04,2008,4,1330000.0
DGEAF US,2008-05,2008,5,1330000.0
DGEAF US,2008-06,2008,6,1330000.0
DGEAF US,2008-07,2008,7,1390000.0
DGEAF US,2008-08,2008,8,1390000.0
DGEAF US,2008-09,2008,9,1390000.0
DGEAF US,2008-10,2008,10,1330000.0
DGEAF US,2008-11,2008,11,1330000.0
DGEAF US,2008-12,2008,12,1330000.0
DGEAF US,2009-01,2009,1,1330000.0
DGEAF US,2009-02,2009,2,1330000.0
DGEAF US,2009-03,2009,3,1330000.0
DGEAF US,2009-04,2009,4,1330000.0
DGEAF US,2009-05,2009,5,1330000.0
DGEAF US,2009-06,2009,6,1330000.0
DGEAF US,2009-07,2009,7,1330000.0
DGEAF US,2009-08,2009,8,1330000.0
DGEAF US,2009-09,2009,9,1330000.0
DGEAF US,2009-10,2009,10,1330000.0
DGEAF US,2009-11,2009,11,1330000.0
DGEAF US,2009-12,2009,12,1330000.0
DGEAF US,2010-01,2010,1,1390000.0
DGEAF US,2010-02,2010,2,1390000.0
DGEAF US,2010-03,2010,3,1390000.0
DGEAF US,2010-04,2010,4,1390000.0
DGEAF US,2010-05,2010,5,1390000.0
DGEAF US,2010-06,2010,6,1390000.0
DGEAF US,2010-07,2010,7,1390000.0
DGEAF US,2010-08,2010,8,1390000.0
DGEAF US,2010-09,2010,9,1390000.0
DGEAF US,2010-10,2010,10,1390000.0
DGEAF US,2010-11,2010,11,1390000.0
DGEAF US,2010-12,2010,12,1390000.0
DGEAF US,2011-01,2011,1,1330000.0
DGEAF US,2011-02,2011,2,1330000.0
DGEAF US,2011-03,2011,3,1330000.0
DGEAF US,2011-04,2011,4,1330000.0
DGEAF US,2011-05,2011,5,1330000.0
DGEAF US,2011-06,2011,6,1330000.0
DGEAF US,2011-07,2011,7,1330000.0
DGEAF US,2011-08,2011,8,1330000.0
DGEAF US,2011-09,2011,9,1330000.0
DGEAF US,2011-10,2011,10,1390000.0
DGEAF US,2011-11,2011,11,1390000.0
DGEAF US,2011-12,2011,12,1390000.0
DGEAF US,2012-01,2012,1,1390000.0
DGEAF US,2012-02,2012,2,1390000.0
DGEAF US,2012-03,2012,3,1390000.0
DGEAF US,2012-04,2012,4,1330000.0
DGEAF US,2012-05,2012,5,1330000.0
DGEAF US,2012-06,2012,6,1330000.0
DGEAF US,2012-07,2012,7,1390000.0
DGEAF US,2012-08,2012,8,1390000.0
DGEAF US,2012-09,2012,9,1390000.0
DGEAF US,2012-10,2012,10,1390000.0
DGEAF US,2012-11,2012,11,1390000.0
DGEAF US,2012-12,2012,12,1390000.0
DGEAF US,2013-01,2013,1,1330000.0
DGEAF US,2013-02,2013,2,1330000.0
DGEAF US,2013-03,2013,3,1330000.0
DGEAF US,2013-04,2013,4,1390000.0
DGEAF US,2013-05,2013,5,1390000.0
DGEAF US,2013-06,2013,6,1390000.0
DGEAF US,2013-07,2013,7,1390000.0
DGEAF US,2013-08,2013,8,1390000.0
DGEAF US,2013-09,2013,9,1390000.0
DGEAF US,2013-10,2013,10,1390000.0
DGEAF US,2013-11,2013,11,1390000.0
DGEAF US,2013-12,2013,12,1390000.0
DGEAF US,2014-01,2014,1,1440000.0
DGEAF US,2014-02,2014,2,1440000.0
DGEAF US,2014-03,2014,3,1440000.0
DGEAF US,2014-04,2014,4,1440000.0
DGEAF US,2014-05,2014,5,1440000.0
DGEAF US,2014-06,2014,6,1440000.0
DGEAF US,2014-07,2014,7,1440000.0
DGEAF US,2014-08,2014,8,1440000.0
DGEAF US,2014-09,2014,9,1440000.0
DGEAF US,2014-10,2014,10,1440000.0
DGEAF US,2014-11,2014,11,1440000.0
DGEAF US,2014-12,2014,12,1440000.0
DGEAF US,2015-01,2015,1,1330000.0
DGEAF US,2015-02,2015,2,1330000.0
DGEAF US,2015-03,2015,3,1330000.0
DGEAF US,2015-04,2015,4,1390000.0
DGEAF US,2015-05,2015,5,1390000.0
DGEAF US,2015-06,2015,6,1390000.0
DGEAF US,2015-07,2015,7,18390000.0
DGEAF US,2015-08,2015,8,18390000.0
DGEAF US,2015-09,2015,9,18390000.0
DGEAF US,2015-10,2015,10,18560000.0
DGEAF US,2015-11,2015,11,18560000.0
DGEAF US,2015-12,2015,12,18560000.0
DGEAF US,2016-01,2016,1,18560000.0
DGEAF US,2016-02,2016,2,18560000.0
DGEAF US,2016-03,2016,3,18560000.0
DGEAF US,2016-04,2016,4,18560000.0
DGEAF US,2016-05,2016,5,18560000.0
DGEAF US,2016-06,2016,6,18560000.0
DGEAF US,2016-07,2016,7,18670000.0
DGEAF US,2016-08,2016,8,18670000.0
DGEAF US,2016-09,2016,9,18670000.0
DGEAF US,2016-10,2016,10,18560000.0
DGEAF US,2016-11,2016,11,18560000.0
DGEAF US,2016-12,2016,12,18560000.0
DGEAF US,2017-01,2017,1,18500000.0
DGEAF US,2017-02,2017,2,18500000.0
DGEAF US,2017-03,2017,3,18500000.0
DGEAF US,2017-04,2017,4,18500000.0
DGEAF US,2017-05,2017,5,18500000.0
DGEAF US,2017-06,2017,6,18500000.0
DGEAF US,2017-07,2017,7,18500000.0
DGEAF US,2017-08,2017,8,18500000.0
DGEAF US,2017-09,2017,9,18500000.0
DGEAF US,2017-10,2017,10,18500000.0
DGEAF US,2017-11,2017,11,18500000.0
DGEAF US,2017-12,2017,12,18500000.0
DGEAF US,2018-01,2018,1,16670000.000000002
DGEAF US,2018-02,2018,2,16670000.000000002
DGEAF US,2018-03,2018,3,16670000.000000002
DGEAF US,2018-04,2018,4,16670000.000000002
DGEAF US,2018-05,2018,5,16670000.000000002
DGEAF US,2018-06,2018,6,16670000.000000002
DGEAF US,2018-07,2018,7,16719999.999999998
DGEAF US,2018-08,2018,8,16719999.999999998
DGEAF US,2018-09,2018,9,16719999.999999998
DGEAF US,2018-10,2018,10,16670000.000000002
DGEAF US,2018-11,2018,11,16670000.000000002
DGEAF US,2018-12,2018,12,16670000.000000002
DGEAF US,2019-01,2019,1,16670000.000000002
DGEAF US,2019-02,2019,2,16670000.000000002
DGEAF US,2019-03,2019,3,16670000.000000002
DGEAF US,2019-04,2019,4,16719999.999999998
DGEAF US,2019-05,2019,5,16719999.999999998
DGEAF US,2019-06,2019,6,16719999.999999998
DGEAF US,2019-07,2019,7,16719999.999999998
DGEAF US,2019-08,2019,8,16719999.999999998
DGEAF US,2019-09,2019,9,16719999.999999998
DGEAF US,2019-10,2019,10,16719999.999999998
DGEAF US,2019-11,2019,11,16719999.999999998
DGEAF US,2019-12,2019,12,16719999.999999998
DGEAF US,2020-01,2020,1,16719999.999999998
DGEAF US,2020-02,2020,2,16719999.999999998
DGEAF US,2020-03,2020,3,16719999.999999998
DGEAF US,2020-04,2020,4,16610000.0
DGEAF US,2020-05,2020,5,16610000.0
DGEAF US,2020-06,2020,6,16610000.0
DGEAF US,2020-07,2020,7,16670000.000000002
DGEAF US,2020-08,2020,8,16670000.000000002
DGEAF US,2020-09,2020,9,16670000.000000002
DGEAF US,2020-10,2020,10,16719999.999999998
DGEAF US,2020-11,2020,11,16719999.999999998
DGEAF US,2020-12,2020,12,16719999.999999998
DGEAF US,2021-01,2021,1,16559999.999999998
DGEAF US,2021-02,2021,2,16559999.999999998
DGEAF US,2021-03,2021,3,16559999.999999998
DGEAF US,2021-04,2021,4,16670000.000000002
DGEAF US,2021-05,2021,5,16670000.000000002
DGEAF US,2021-06,2021,6,16670000.000000002
DGEAF US,2021-07,2021,7,16719999.999999998
DGEAF US,2021-08,2021,8,16719999.999999998
DGEAF US,2021-09,2021,9,16719999.999999998
DGEAF US,2021-10,2021,10,16719999.999999998
DGEAF US,2021-11,2021,11,16719999.999999998
DGEAF US,2021-12,2021,12,16719999.999999998
DGEAF US,2022-01,2022,1,18610000.0
DGEAF US,2022-02,2022,2,18610000.0
DGEAF US,2022-03,2022,3,18610000.0
DGEAF US,2022-04,2022,4,18610000.0
DGEAF US,2022-05,2022,5,18610000.0
DGEAF US,2022-06,2022,6,18610000.0
DGEAF US,2022-07,2022,7,18560000.0
DGEAF US,2022-08,2022,8,18560000.0
DGEAF US,2022-09,2022,9,18560000.0
DGEAF US,2022-10,2022,10,18500000.0
DGEAF US,2022-11,2022,11,18500000.0
DGEAF US,2022-12,2022,12,18500000.0
DGEAF US,2023-01,2023,1,18440000.0
DGEAF US,2023-02,2023,2,18440000.0
DGEAF US,2023-03,2023,3,18440000.0
DGEAF US,2023-04,2023,4,18610000.0
DGEAF US,2023-05,2023,5,18610000.0
DGEAF US,2023-06,2023,6,18610000.0
DGEAF US,2023-07,2023,7,18610000.0
DGEAF US,2023-08,2023,8,18610000.0
DGEAF US,2023-09,2023,9,18610000.0
DGEAF US,2023-10,2023,10,18500000.0
DGEAF US,2023-11,2023,11,18500000.0
DGEAF US,2023-12,2023,12,18500000.0
DGEAF US,2024-01,2024,1,18500000.0
DGEAF US,2024-02,2024,2,18500000.0
DGEAF US,2024-03,2024,3,18500000.0
DGEAF US,2024-04,2024,4,18610000.0
DGEAF US,2024-05,2024,5,18610000.0
DGEAF US,2024-06,2024,6,18610000.0
DGEAF US,2024-07,2024,7,18500000.0
DGEAF US,2024-08,2024,8,18500000.0
DGEAF US,2024-09,2024,9,18500000.0
DGEAF US,2024-10,2024,10,18500000.0
DHI US,2000-07,2000,7,0.0
DHI US,2000-08,2000,8,0.0
DHI US,2000-09,2000,9,0.0
DHI US,2000-10,2000,10,0.0
DHI US,2000-11,2000,11,0.0
DHI US,2000-12,2000,12,0.0
DHI US,2001-01,2001,1,0.0
DHI US,2001-02,2001,2,0.0
DHI US,2001-03,2001,3,0.0
DHI US,2001-04,2001,4,0.0
DHI US,2001-05,2001,5,0.0
DHI US,2001-06,2001,6,0.0
DHI US,2001-07,2001,7,0.0
DHI US,2001-08,2001,8,0.0
DHI US,2001-09,2001,9,0.0
DHI US,2001-10,2001,10,0.0
DHI US,2001-11,2001,11,0.0
DHI US,2001-12,2001,12,0.0
DHI US,2002-01,2002,1,0.0
DHI US,2002-02,2002,2,0.0
DHI US,2002-03,2002,3,0.0
DHI US,2002-04,2002,4,0.0
DHI US,2002-05,2002,5,0.0
DHI US,2002-06,2002,6,0.0
DHI US,2002-07,2002,7,0.0
DHI US,2002-08,2002,8,0.0
DHI US,2002-09,2002,9,0.0
DHI US,2002-10,2002,10,0.0
DHI US,2002-11,2002,11,0.0
DHI US,2002-12,2002,12,0.0
DHI US,2003-01,2003,1,0.0
DHI US,2003-02,2003,2,0.0
DHI US,2003-03,2003,3,0.0
DHI US,2003-04,2003,4,0.0
DHI US,2003-05,2003,5,0.0
DHI US,2003-06,2003,6,0.0
DHI US,2003-07,2003,7,0.0
DHI US,2003-08,2003,8,0.0
DHI US,2003-09,2003,9,0.0
DHI US,2003-10,2003,10,0.0
DHI US,2003-11,2003,11,0.0
DHI US,2003-12,2003,12,0.0
DHI US,2004-01,2004,1,0.0
DHI US,2004-02,2004,2,0.0
DHI US,2004-03,2004,3,0.0
DHI US,2004-04,2004,4,0.0
DHI US,2004-05,2004,5,0.0
DHI US,2004-06,2004,6,0.0
DHI US,2004-07,2004,7,0.0
DHI US,2004-08,2004,8,0.0
DHI US,2004-09,2004,9,0.0
DHI US,2004-10,2004,10,0.0
DHI US,2004-11,2004,11,0.0
DHI US,2004-12,2004,12,0.0
DHI US,2005-01,2005,1,0.0
DHI US,2005-02,2005,2,0.0
DHI US,2005-03,2005,3,0.0
DHI US,2005-04,2005,4,0.0
DHI US,2005-05,2005,5,0.0
DHI US,2005-06,2005,6,0.0
DHI US,2005-07,2005,7,0.0
DHI US,2005-08,2005,8,0.0
DHI US,2005-09,2005,9,0.0
DHI US,2005-10,2005,10,0.0
DHI US,2005-11,2005,11,0.0
DHI US,2005-12,2005,12,0.0
DHI US,2006-01,2006,1,0.0
DHI US,2006-02,2006,2,0.0
DHI US,2006-03,2006,3,0.0
DHI US,2006-04,2006,4,0.0
DHI US,2006-05,2006,5,0.0
DHI US,2006-06,2006,6,0.0
DHI US,2006-07,2006,7,0.0
DHI US,2006-08,2006,8,0.0
DHI US,2006-09,2006,9,0.0
DHI US,2006-10,2006,10,0.0
DHI US,2006-11,2006,11,0.0
DHI US,2006-12,2006,12,0.0
DHI US,2007-01,2007,1,0.0
DHI US,2007-02,2007,2,0.0
DHI US,2007-03,2007,3,0.0
DHI US,2007-04,2007,4,0.0
DHI US,2007-05,2007,5,0.0
DHI US,2007-06,2007,6,0.0
DHI US,2007-07,2007,7,0.0
DHI US,2007-08,2007,8,0.0
DHI US,2007-09,2007,9,0.0
DHI US,2007-10,2007,10,0.0
DHI US,2007-11,2007,11,0.0
DHI US,2007-12,2007,12,0.0
DHI US,2008-01,2008,1,0.0
DHI US,2008-02,2008,2,0.0
DHI US,2008-03,2008,3,0.0
DHI US,2008-04,2008,4,0.0
DHI US,2008-05,2008,5,0.0
DHI US,2008-06,2008,6,0.0
DHI US,2008-07,2008,7,0.0
DHI US,2008-08,2008,8,0.0
DHI US,2008-09,2008,9,0.0
DHI US,2008-10,2008,10,0.0
DHI US,2008-11,2008,11,0.0
DHI US,2008-12,2008,12,0.0
DHI US,2009-01,2009,1,0.0
DHI US,2009-02,2009,2,0.0
DHI US,2009-03,2009,3,0.0
DHI US,2009-04,2009,4,0.0
DHI US,2009-05,2009,5,0.0
DHI US,2009-06,2009,6,0.0
DHI US,2009-07,2009,7,0.0
DHI US,2009-08,2009,8,0.0
DHI US,2009-09,2009,9,0.0
DHI US,2009-10,2009,10,0.0
DHI US,2009-11,2009,11,0.0
DHI US,2009-12,2009,12,0.0
DHI US,2010-01,2010,1,0.0
DHI US,2010-02,2010,2,0.0
DHI US,2010-03,2010,3,0.0
DHI US,2010-04,2010,4,0.0
DHI US,2010-05,2010,5,0.0
DHI US,2010-06,2010,6,0.0
DHI US,2010-07,2010,7,0.0
DHI US,2010-08,2010,8,0.0
DHI US,2010-09,2010,9,0.0
DHI US,2010-10,2010,10,0.0
DHI US,2010-11,2010,11,0.0
DHI US,2010-12,2010,12,0.0
DHI US,2011-01,2011,1,0.0
DHI US,2011-02,2011,2,0.0
DHI US,2011-03,2011,3,0.0
DHI US,2011-04,2011,4,0.0
DHI US,2011-05,2011,5,0.0
DHI US,2011-06,2011,6,0.0
DHI US,2011-07,2011,7,0.0
DHI US,2011-08,2011,8,0.0
DHI US,2011-09,2011,9,0.0
DHI US,2011-10,2011,10,0.0
DHI US,2011-11,2011,11,0.0
DHI US,2011-12,2011,12,0.0
DHI US,2012-01,2012,1,0.0
DHI US,2012-02,2012,2,0.0
DHI US,2012-03,2012,3,0.0
DHI US,2012-04,2012,4,0.0
DHI US,2012-05,2012,5,0.0
DHI US,2012-06,2012,6,0.0
DHI US,2012-07,2012,7,0.0
DHI US,2012-08,2012,8,0.0
DHI US,2012-09,2012,9,0.0
DHI US,2012-10,2012,10,0.0
DHI US,2012-11,2012,11,0.0
DHI US,2012-12,2012,12,0.0
DHI US,2013-01,2013,1,0.0
DHI US,2013-02,2013,2,0.0
DHI US,2013-03,2013,3,0.0
DHI US,2013-04,2013,4,0.0
DHI US,2013-05,2013,5,0.0
DHI US,2013-06,2013,6,0.0
DHI US,2013-07,2013,7,0.0
DHI US,2013-08,2013,8,0.0
DHI US,2013-09,2013,9,0.0
DHI US,2013-10,2013,10,0.0
DHI US,2013-11,2013,11,0.0
DHI US,2013-12,2013,12,0.0
DHI US,2014-01,2014,1,0.0
DHI US,2014-02,2014,2,0.0
DHI US,2014-03,2014,3,0.0
DHI US,2014-04,2014,4,0.0
DHI US,2014-05,2014,5,0.0
DHI US,2014-06,2014,6,0.0
DHI US,2014-07,2014,7,0.0
DHI US,2014-08,2014,8,0.0
DHI US,2014-09,2014,9,0.0
DHI US,2014-10,2014,10,0.0
DHI US,2014-11,2014,11,0.0
DHI US,2014-12,2014,12,0.0
DHI US,2015-01,2015,1,0.0
DHI US,2015-02,2015,2,0.0
DHI US,2015-03,2015,3,0.0
DHI US,2015-04,2015,4,0.0
DHI US,2015-05,2015,5,0.0
DHI US,2015-06,2015,6,0.0
DHI US,2015-07,2015,7,0.0
DHI US,2015-08,2015,8,0.0
DHI US,2015-09,2015,9,0.0
DHI US,2015-10,2015,10,0.0
DHI US,2015-11,2015,11,0.0
DHI US,2015-12,2015,12,0.0
DHI US,2016-01,2016,1,0.0
DHI US,2016-02,2016,2,0.0
DHI US,2016-03,2016,3,0.0
DHI US,2016-04,2016,4,0.0
DHI US,2016-05,2016,5,0.0
DHI US,2016-06,2016,6,0.0
DHI US,2016-07,2016,7,0.0
DHI US,2016-08,2016,8,0.0
DHI US,2016-09,2016,9,0.0
DHI US,2016-10,2016,10,0.0
DHI US,2016-11,2016,11,0.0
DHI US,2016-12,2016,12,0.0
DHI US,2017-01,2017,1,0.0
DHI US,2017-02,2017,2,0.0
DHI US,2017-03,2017,3,0.0
DHI US,2017-04,2017,4,0.0
DHI US,2017-05,2017,5,0.0
DHI US,2017-06,2017,6,0.0
DHI US,2017-07,2017,7,0.0
DHI US,2017-08,2017,8,0.0
DHI US,2017-09,2017,9,0.0
DHI US,2017-10,2017,10,0.0
DHI US,2017-11,2017,11,0.0
DHI US,2017-12,2017,12,0.0
DHI US,2018-01,2018,1,0.0
DHI US,2018-02,2018,2,0.0
DHI US,2018-03,2018,3,0.0
DHI US,2018-04,2018,4,0.0
DHI US,2018-05,2018,5,0.0
DHI US,2018-06,2018,6,0.0
DHI US,2018-07,2018,7,0.0
DHI US,2018-08,2018,8,0.0
DHI US,2018-09,2018,9,0.0
DHI US,2018-10,2018,10,0.0
DHI US,2018-11,2018,11,0.0
DHI US,2018-12,2018,12,0.0
DHI US,2019-01,2019,1,0.0
DHI US,2019-02,2019,2,0.0
DHI US,2019-03,2019,3,0.0
DHI US,2019-04,2019,4,0.0
DHI US,2019-05,2019,5,0.0
DHI US,2019-06,2019,6,0.0
DHI US,2019-07,2019,7,0.0
DHI US,2019-08,2019,8,0.0
DHI US,2019-09,2019,9,0.0
DHI US,2019-10,2019,10,0.0
DHI US,2019-11,2019,11,0.0
DHI US,2019-12,2019,12,0.0
DHI US,2020-01,2020,1,0.0
DHI US,2020-02,2020,2,0.0
DHI US,2020-03,2020,3,0.0
DHI US,2020-04,2020,4,0.0
DHI US,2020-05,2020,5,0.0
DHI US,2020-06,2020,6,0.0
DHI US,2020-07,2020,7,0.0
DHI US,2020-08,2020,8,0.0
DHI US,2020-09,2020,9,0.0
DHI US,2020-10,2020,10,0.0
DHI US,2020-11,2020,11,0.0
DHI US,2020-12,2020,12,0.0
DHI US,2021-01,2021,1,0.0
DHI US,2021-02,2021,2,0.0
DHI US,2021-03,2021,3,0.0
DHI US,2021-04,2021,4,0.0
DHI US,2021-05,2021,5,0.0
DHI US,2021-06,2021,6,0.0
DHI US,2021-07,2021,7,0.0
DHI US,2021-08,2021,8,0.0
DHI US,2021-09,2021,9,0.0
DHI US,2021-10,2021,10,0.0
DHI US,2021-11,2021,11,0.0
DHI US,2021-12,2021,12,0.0
DHI US,2022-01,2022,1,0.0
DHI US,2022-02,2022,2,0.0
DHI US,2022-03,2022,3,0.0
DHI US,2022-04,2022,4,0.0
DHI US,2022-05,2022,5,0.0
DHI US,2022-06,2022,6,0.0
DHI US,2022-07,2022,7,0.0
DHI US,2022-08,2022,8,0.0
DHI US,2022-09,2022,9,0.0
DHI US,2022-10,2022,10,0.0
DHI US,2022-11,2022,11,0.0
DHI US,2022-12,2022,12,0.0
DHI US,2023-01,2023,1,0.0
DHI US,2023-02,2023,2,0.0
DHI US,2023-03,2023,3,0.0
DHI US,2023-04,2023,4,0.0
DHI US,2023-05,2023,5,0.0
DHI US,2023-06,2023,6,0.0
DHI US,2023-07,2023,7,6000000.0
DHI US,2023-08,2023,8,6000000.0
DHI US,2023-09,2023,9,6000000.0
DHI US,2023-10,2023,10,6000000.0
DHI US,2023-11,2023,11,6000000.0
DHI US,2023-12,2023,12,6000000.0
DHI US,2024-01,2024,1,0.0
DUK US,2005-04,2005,4,80190.0
DUK US,2005-05,2005,5,80190.0
DUK US,2005-06,2005,6,80190.0
DUK US,2005-07,2005,7,80190.0
DUK US,2005-08,2005,8,80190.0
DUK US,2005-09,2005,9,80190.0
DUK US,2005-10,2005,10,113210.0
DUK US,2005-11,2005,11,113210.0
DUK US,2005-12,2005,12,113210.0
DUK US,2006-01,2006,1,112260.0
DUK US,2006-02,2006,2,112260.0
DUK US,2006-03,2006,3,112260.0
DUK US,2006-04,2006,4,113210.0
DUK US,2006-05,2006,5,113210.0
DUK US,2006-06,2006,6,113210.0
DUK US,2006-07,2006,7,110380.0
DUK US,2006-08,2006,8,110380.0
DUK US,2006-09,2006,9,110380.0
DUK US,2006-10,2006,10,2830.0
DUK US,2006-11,2006,11,2830.0
DUK US,2006-12,2006,12,2830.0
DUK US,2007-01,2007,1,70750.0
DUK US,2007-02,2007,2,70750.0
DUK US,2007-03,2007,3,70750.0
DUK US,2007-04,2007,4,2830.0
DUK US,2007-05,2007,5,2830.0
DUK US,2007-06,2007,6,2830.0
DUK US,2007-07,2007,7,2830.0
DUK US,2007-08,2007,8,2830.0
DUK US,2007-09,2007,9,2830.0
DUK US,2007-10,2007,10,2830.0
DUK US,2007-11,2007,11,2830.0
DUK US,2007-12,2007,12,2830.0
DUK US,2008-01,2008,1,2830.0
DUK US,2008-02,2008,2,2830.0
DUK US,2008-03,2008,3,2830.0
DUK US,2008-04,2008,4,2830.0
DUK US,2008-05,2008,5,2830.0
DUK US,2008-06,2008,6,2830.0
DUK US,2008-07,2008,7,100000.0
DUK US,2008-08,2008,8,100000.0
DUK US,2008-09,2008,9,100000.0
DUK US,2008-10,2008,10,17920.0
DUK US,2008-11,2008,11,17920.0
DUK US,2008-12,2008,12,17920.0
DUK US,2009-01,2009,1,2830.0
DUK US,2009-02,2009,2,2830.0
DUK US,2009-03,2009,3,2830.0
DUK US,2009-04,2009,4,13210.0
DUK US,2009-05,2009,5,13210.0
DUK US,2009-06,2009,6,13210.0
DUK US,2009-07,2009,7,2830.0
DUK US,2009-08,2009,8,2830.0
DUK US,2009-09,2009,9,2830.0
DUK US,2009-10,2009,10,52830.0
DUK US,2009-11,2009,11,52830.0
DUK US,2009-12,2009,12,52830.0
DUK US,2010-01,2010,1,2830.0
DUK US,2010-02,2010,2,2830.0
DUK US,2010-03,2010,3,2830.0
DUK US,2010-04,2010,4,100000.0
DUK US,2010-05,2010,5,100000.0
DUK US,2010-06,2010,6,100000.0
DUK US,2010-07,2010,7,100000.0
DUK US,2010-08,2010,8,100000.0
DUK US,2010-09,2010,9,100000.0
DUK US,2010-10,2010,10,100000.0
DUK US,2010-11,2010,11,100000.0
DUK US,2010-12,2010,12,100000.0
DUK US,2011-01,2011,1,100000.0
DUK US,2011-02,2011,2,100000.0
DUK US,2011-03,2011,3,100000.0
DUK US,2011-04,2011,4,150000.0
DUK US,2011-05,2011,5,150000.0
DUK US,2011-06,2011,6,150000.0
DUK US,2011-07,2011,7,150000.0
DUK US,2011-08,2011,8,150000.0
DUK US,2011-09,2011,9,150000.0
DUK US,2011-10,2011,10,150000.0
DUK US,2011-11,2011,11,150000.0
DUK US,2011-12,2011,12,150000.0
DUK US,2012-01,2012,1,268870.0
DUK US,2012-02,2012,2,268870.0
DUK US,2012-03,2012,3,268870.0
DUK US,2012-04,2012,4,2830.0
DUK US,2012-05,2012,5,2830.0
DUK US,2012-06,2012,6,2830.0
DUK US,2012-07,2012,7,2830.0
DUK US,2012-08,2012,8,2830.0
DUK US,2012-09,2012,9,2830.0
DUK US,2012-10,2012,10,2830.0
DUK US,2012-11,2012,11,2830.0
DUK US,2012-12,2012,12,2830.0
DUK US,2013-01,2013,1,19810.0
DUK US,2013-02,2013,2,19810.0
DUK US,2013-03,2013,3,19810.0
DUK US,2013-04,2013,4,38680.0
DUK US,2013-05,2013,5,38680.0
DUK US,2013-06,2013,6,38680.0
DUK US,2013-07,2013,7,52830.0
DUK US,2013-08,2013,8,52830.0
DUK US,2013-09,2013,9,52830.0
DUK US,2013-10,2013,10,52830.0
DUK US,2013-11,2013,11,52830.0
DUK US,2013-12,2013,12,52830.0
DUK US,2014-01,2014,1,52830.0
DUK US,2014-02,2014,2,52830.0
DUK US,2014-03,2014,3,52830.0
DUK US,2014-04,2014,4,52830.0
DUK US,2014-05,2014,5,52830.0
DUK US,2014-06,2014,6,52830.0
DUK US,2014-07,2014,7,63210.0
DUK US,2014-08,2014,8,63210.0
DUK US,2014-09,2014,9,63210.0
DUK US,2014-10,2014,10,52830.0
DUK US,2014-11,2014,11,52830.0
DUK US,2014-12,2014,12,52830.0
DUK US,2015-01,2015,1,52830.0
DUK US,2015-02,2015,2,52830.0
DUK US,2015-03,2015,3,52830.0
DUK US,2015-04,2015,4,36790.0
DUK US,2015-05,2015,5,36790.0
DUK US,2015-06,2015,6,36790.0
DUK US,2015-07,2015,7,52830.0
DUK US,2015-08,2015,8,52830.0
DUK US,2015-09,2015,9,52830.0
DUK US,2015-10,2015,10,52830.0
DUK US,2015-11,2015,11,52830.0
DUK US,2015-12,2015,12,52830.0
DUK US,2016-01,2016,1,33960.0
DUK US,2016-02,2016,2,33960.0
DUK US,2016-03,2016,3,33960.0
DUK US,2016-04,2016,4,27360.0
DUK US,2016-05,2016,5,27360.0
DUK US,2016-06,2016,6,27360.0
DUK US,2016-07,2016,7,27360.0
DUK US,2016-08,2016,8,27360.0
DUK US,2016-09,2016,9,27360.0
DUK US,2016-10,2016,10,28300.0
DUK US,2016-11,2016,11,28300.0
DUK US,2016-12,2016,12,28300.0
DUK US,2017-01,2017,1,30190.0
DUK US,2017-02,2017,2,30190.0
DUK US,2017-03,2017,3,30190.0
DUK US,2017-04,2017,4,34910.0
DUK US,2017-05,2017,5,34910.0
DUK US,2017-06,2017,6,34910.0
DUK US,2017-07,2017,7,33960.0
DUK US,2017-08,2017,8,33960.0
DUK US,2017-09,2017,9,33960.0
DUK US,2017-10,2017,10,33960.0
DUK US,2017-11,2017,11,33960.0
DUK US,2017-12,2017,12,33960.0
DUK US,2018-01,2018,1,33020.0
DUK US,2018-02,2018,2,33020.0
DUK US,2018-03,2018,3,33020.0
DUK US,2018-04,2018,4,35850.0
DUK US,2018-05,2018,5,35850.0
DUK US,2018-06,2018,6,35850.0
DUK US,2018-07,2018,7,42450.0
DUK US,2018-08,2018,8,42450.0
DUK US,2018-09,2018,9,42450.0
DUK US,2018-10,2018,10,42450.0
DUK US,2018-11,2018,11,42450.0
DUK US,2018-12,2018,12,42450.0
DUK US,2019-01,2019,1,41510.0
DUK US,2019-02,2019,2,41510.0
DUK US,2019-03,2019,3,41510.0
DUK US,2019-04,2019,4,42450.0
DUK US,2019-05,2019,5,42450.0
DUK US,2019-06,2019,6,42450.0
DUK US,2019-07,2019,7,42450.0
DUK US,2019-08,2019,8,42450.0
DUK US,2019-09,2019,9,42450.0
DUK US,2019-10,2019,10,42450.0
DUK US,2019-11,2019,11,42450.0
DUK US,2019-12,2019,12,42450.0
DUK US,2020-01,2020,1,41510.0
DUK US,2020-02,2020,2,41510.0
DUK US,2020-03,2020,3,41510.0
DUK US,2020-04,2020,4,52830.0
DUK US,2020-05,2020,5,52830.0
DUK US,2020-06,2020,6,52830.0
DUK US,2020-07,2020,7,40570.0
DUK US,2020-08,2020,8,40570.0
DUK US,2020-09,2020,9,40570.0
DUK US,2020-10,2020,10,38680.0
DUK US,2020-11,2020,11,38680.0
DUK US,2020-12,2020,12,38680.0
DUK US,2021-01,2021,1,39620.0
DUK US,2021-02,2021,2,39620.0
DUK US,2021-03,2021,3,39620.0
DUK US,2021-04,2021,4,40570.0
DUK US,2021-05,2021,5,40570.0
DUK US,2021-06,2021,6,40570.0
DUK US,2021-07,2021,7,42450.0
DUK US,2021-08,2021,8,42450.0
DUK US,2021-09,2021,9,42450.0
DUK US,2021-10,2021,10,42450.0
DUK US,2021-11,2021,11,42450.0
DUK US,2021-12,2021,12,42450.0
DUK US,2022-01,2022,1,52830.0
DUK US,2022-02,2022,2,52830.0
DUK US,2022-03,2022,3,52830.0
DUK US,2022-04,2022,4,52830.0
DUK US,2022-05,2022,5,52830.0
DUK US,2022-06,2022,6,52830.0
DUK US,2022-07,2022,7,52830.0
DUK US,2022-08,2022,8,52830.0
DUK US,2022-09,2022,9,52830.0
DUK US,2022-10,2022,10,52830.0
DUK US,2022-11,2022,11,52830.0
DUK US,2022-12,2022,12,52830.0
DUK US,2023-01,2023,1,64150.00000000001
DUK US,2023-02,2023,2,64150.00000000001
DUK US,2023-03,2023,3,64150.00000000001
DUK US,2023-04,2023,4,72640.0
DUK US,2023-05,2023,5,72640.0
DUK US,2023-06,2023,6,72640.0
DUK US,2023-07,2023,7,72640.0
DUK US,2023-08,2023,8,72640.0
DUK US,2023-09,2023,9,72640.0
DUK US,2023-10,2023,10,77360.0
DUK US,2023-11,2023,11,77360.0
DUK US,2023-12,2023,12,77360.0
DUK US,2024-01,2024,1,69810.0
DUK US,2024-02,2024,2,69810.0
DUK US,2024-03,2024,3,69810.0
DUK US,2024-04,2024,4,72640.0
DUK US,2024-05,2024,5,72640.0
DUK US,2024-06,2024,6,72640.0
DUK US,2024-07,2024,7,71700.0
DUK US,2024-08,2024,8,71700.0
DUK US,2024-09,2024,9,71700.0
DUK US,2024-10,2024,10,71700.0
DVA US,2009-01,2009,1,0.0
DVA US,2009-02,2009,2,0.0
DVA US,2009-03,2009,3,0.0
DVA US,2009-04,2009,4,0.0
DVA US,2009-05,2009,5,0.0
DVA US,2009-06,2009,6,0.0
DVA US,2009-07,2009,7,0.0
DVA US,2009-08,2009,8,0.0
DVA US,2009-09,2009,9,0.0
DVA US,2009-10,2009,10,0.0
DVA US,2009-11,2009,11,0.0
DVA US,2009-12,2009,12,0.0
DVA US,2010-01,2010,1,0.0
DVA US,2010-02,2010,2,0.0
DVA US,2010-03,2010,3,0.0
DVA US,2010-04,2010,4,0.0
DVA US,2010-05,2010,5,0.0
DVA US,2010-06,2010,6,0.0
DVA US,2010-07,2010,7,0.0
DVA US,2010-08,2010,8,0.0
DVA US,2010-09,2010,9,0.0
DVA US,2010-10,2010,10,0.0
DVA US,2010-11,2010,11,0.0
DVA US,2010-12,2010,12,0.0
DVA US,2011-01,2011,1,0.0
DVA US,2011-02,2011,2,0.0
DVA US,2011-03,2011,3,0.0
DVA US,2011-04,2011,4,0.0
DVA US,2011-05,2011,5,0.0
DVA US,2011-06,2011,6,0.0
DVA US,2011-07,2011,7,0.0
DVA US,2011-08,2011,8,0.0
DVA US,2011-09,2011,9,0.0
DVA US,2011-10,2011,10,0.0
DVA US,2011-11,2011,11,0.0
DVA US,2011-12,2011,12,0.0
DVA US,2012-01,2012,1,4690000.0
DVA US,2012-02,2012,2,4690000.0
DVA US,2012-03,2012,3,4690000.0
DVA US,2012-04,2012,4,10000000.0
DVA US,2012-05,2012,5,10000000.0
DVA US,2012-06,2012,6,10000000.0
DVA US,2012-07,2012,7,17530000.0
DVA US,2012-08,2012,8,17530000.0
DVA US,2012-09,2012,9,17530000.0
DVA US,2012-10,2012,10,20000000.0
DVA US,2012-11,2012,11,20000000.0
DVA US,2012-12,2012,12,20000000.0
DVA US,2013-01,2013,1,26050000.0
DVA US,2013-02,2013,2,26050000.0
DVA US,2013-03,2013,3,26050000.0
DVA US,2013-04,2013,4,30000000.0
DVA US,2013-05,2013,5,30000000.0
DVA US,2013-06,2013,6,30000000.0
DVA US,2013-07,2013,7,30000000.0
DVA US,2013-08,2013,8,30000000.0
DVA US,2013-09,2013,9,30000000.0
DVA US,2013-10,2013,10,30000000.0
DVA US,2013-11,2013,11,30000000.0
DVA US,2013-12,2013,12,30000000.0
DVA US,2014-01,2014,1,35560000.0
DVA US,2014-02,2014,2,35560000.0
DVA US,2014-03,2014,3,35560000.0
DVA US,2014-04,2014,4,36790000.0
DVA US,2014-05,2014,5,36790000.0
DVA US,2014-06,2014,6,36790000.0
DVA US,2014-07,2014,7,36790000.0
DVA US,2014-08,2014,8,36790000.0
DVA US,2014-09,2014,9,36790000.0
DVA US,2014-10,2014,10,36790000.0
DVA US,2014-11,2014,11,36790000.0
DVA US,2014-12,2014,12,36790000.0
DVA US,2015-01,2015,1,37280000.0
DVA US,2015-02,2015,2,37280000.0
DVA US,2015-03,2015,3,37280000.0
DVA US,2015-04,2015,4,37410000.0
DVA US,2015-05,2015,5,37410000.0
DVA US,2015-06,2015,6,37410000.0
DVA US,2015-07,2015,7,37530000.0
DVA US,2015-08,2015,8,37530000.0
DVA US,2015-09,2015,9,37530000.0
DVA US,2015-10,2015,10,37650000.0
DVA US,2015-11,2015,11,37650000.0
DVA US,2015-12,2015,12,37650000.0
DVA US,2016-01,2016,1,37530000.0
DVA US,2016-02,2016,2,37530000.0
DVA US,2016-03,2016,3,37530000.0
DVA US,2016-04,2016,4,37650000.0
DVA US,2016-05,2016,5,37650000.0
DVA US,2016-06,2016,6,37650000.0
DVA US,2016-07,2016,7,37530000.0
DVA US,2016-08,2016,8,37530000.0
DVA US,2016-09,2016,9,37530000.0
DVA US,2016-10,2016,10,37410000.0
DVA US,2016-11,2016,11,37410000.0
DVA US,2016-12,2016,12,37410000.0
DVA US,2017-01,2017,1,37410000.0
DVA US,2017-02,2017,2,37410000.0
DVA US,2017-03,2017,3,37410000.0
DVA US,2017-04,2017,4,37530000.0
DVA US,2017-05,2017,5,37530000.0
DVA US,2017-06,2017,6,37530000.0
DVA US,2017-07,2017,7,37530000.0
DVA US,2017-08,2017,8,37530000.0
DVA US,2017-09,2017,9,37530000.0
DVA US,2017-10,2017,10,37530000.0
DVA US,2017-11,2017,11,37530000.0
DVA US,2017-12,2017,12,37530000.0
DVA US,2018-01,2018,1,37530000.0
DVA US,2018-02,2018,2,37530000.0
DVA US,2018-03,2018,3,37530000.0
DVA US,2018-04,2018,4,37650000.0
DVA US,2018-05,2018,5,37650000.0
DVA US,2018-06,2018,6,37650000.0
DVA US,2018-07,2018,7,37410000.0
DVA US,2018-08,2018,8,37410000.0
DVA US,2018-09,2018,9,37410000.0
DVA US,2018-10,2018,10,37410000.0
DVA US,2018-11,2018,11,37410000.0
DVA US,2018-12,2018,12,37410000.0
DVA US,2019-01,2019,1,37410000.0
DVA US,2019-02,2019,2,37410000.0
DVA US,2019-03,2019,3,37410000.0
DVA US,2019-04,2019,4,37530000.0
DVA US,2019-05,2019,5,37530000.0
DVA US,2019-06,2019,6,37530000.0
DVA US,2019-07,2019,7,37530000.0
DVA US,2019-08,2019,8,37530000.0
DVA US,2019-09,2019,9,37530000.0
DVA US,2019-10,2019,10,37650000.0
DVA US,2019-11,2019,11,37650000.0
DVA US,2019-12,2019,12,37650000.0
DVA US,2020-01,2020,1,37410000.0
DVA US,2020-02,2020,2,37410000.0
DVA US,2020-03,2020,3,37410000.0
DVA US,2020-04,2020,4,37160000.0
DVA US,2020-05,2020,5,37160000.0
DVA US,2020-06,2020,6,37160000.0
DVA US,2020-07,2020,7,37160000.0
DVA US,2020-08,2020,8,37160000.0
DVA US,2020-09,2020,9,37160000.0
DVA US,2020-10,2020,10,35190000.0
DVA US,2020-11,2020,11,35190000.0
DVA US,2020-12,2020,12,35190000.0
DVA US,2021-01,2021,1,35190000.0
DVA US,2021-02,2021,2,35190000.0
DVA US,2021-03,2021,3,35190000.0
DVA US,2021-04,2021,4,35310000.0
DVA US,2021-05,2021,5,35310000.0
DVA US,2021-06,2021,6,35310000.0
DVA US,2021-07,2021,7,35190000.0
DVA US,2021-08,2021,8,35190000.0
DVA US,2021-09,2021,9,35190000.0
DVA US,2021-10,2021,10,35190000.0
DVA US,2021-11,2021,11,35190000.0
DVA US,2021-12,2021,12,35190000.0
DVA US,2022-01,2022,1,35310000.0
DVA US,2022-02,2022,2,35310000.0
DVA US,2022-03,2022,3,35310000.0
DVA US,2022-04,2022,4,35310000.0
DVA US,2022-05,2022,5,35310000.0
DVA US,2022-06,2022,6,35310000.0
DVA US,2022-07,2022,7,35190000.0
DVA US,2022-08,2022,8,35190000.0
DVA US,2022-09,2022,9,35190000.0
DVA US,2022-10,2022,10,35190000.0
DVA US,2022-11,2022,11,35190000.0
DVA US,2022-12,2022,12,35190000.0
DVA US,2023-01,2023,1,35310000.0
DVA US,2023-02,2023,2,35310000.0
DVA US,2023-03,2023,3,35310000.0
DVA US,2023-04,2023,4,35190000.0
DVA US,2023-05,2023,5,35190000.0
DVA US,2023-06,2023,6,35190000.0
DVA US,2023-07,2023,7,35190000.0
DVA US,2023-08,2023,8,35190000.0
DVA US,2023-09,2023,9,35190000.0
DVA US,2023-10,2023,10,35190000.0
DVA US,2023-11,2023,11,35190000.0
DVA US,2023-12,2023,12,35190000.0
DVA US,2024-01,2024,1,35190000.0
DVA US,2024-02,2024,2,35190000.0
DVA US,2024-03,2024,3,35190000.0
DVA US,2024-04,2024,4,35430000.0
DVA US,2024-05,2024,5,35430000.0
DVA US,2024-06,2024,6,35430000.0
DVA US,2024-07,2024,7,35060000.0
DVA US,2024-08,2024,8,35060000.0
DVA US,2024-09,2024,9,35060000.0
DVA US,2024-10,2024,10,35190000.0
DVY US,2010-10,2010,10,44150.0
DVY US,2010-11,2010,11,44150.0
DVY US,2010-12,2010,12,44150.0
DVY US,2011-01,2011,1,44150.0
DVY US,2011-02,2011,2,44150.0
DVY US,2011-03,2011,3,44150.0
DVY US,2011-04,2011,4,44150.0
DVY US,2011-05,2011,5,44150.0
DVY US,2011-06,2011,6,44150.0
DVY US,2011-07,2011,7,44150.0
DVY US,2011-08,2011,8,44150.0
DVY US,2011-09,2011,9,44150.0
DVY US,2011-10,2011,10,44150.0
DVY US,2011-11,2011,11,44150.0
DVY US,2011-12,2011,12,44150.0
DVY US,2012-01,2012,1,44150.0
DVY US,2012-02,2012,2,44150.0
DVY US,2012-03,2012,3,44150.0
DVY US,2012-04,2012,4,44150.0
DVY US,2012-05,2012,5,44150.0
DVY US,2012-06,2012,6,44150.0
DVY US,2012-07,2012,7,44150.0
DVY US,2012-08,2012,8,44150.0
DVY US,2012-09,2012,9,44150.0
DVY US,2012-10,2012,10,44150.0
DVY US,2012-11,2012,11,44150.0
DVY US,2012-12,2012,12,44150.0
DVY US,2013-01,2013,1,44150.0
DVY US,2013-02,2013,2,44150.0
DVY US,2013-03,2013,3,44150.0
DVY US,2013-04,2013,4,44150.0
DVY US,2013-05,2013,5,44150.0
DVY US,2013-06,2013,6,44150.0
DVY US,2013-07,2013,7,44150.0
DVY US,2013-08,2013,8,44150.0
DVY US,2013-09,2013,9,44150.0
DVY US,2013-10,2013,10,44150.0
DVY US,2013-11,2013,11,44150.0
DVY US,2013-12,2013,12,44150.0
DVY US,2014-01,2014,1,44150.0
DVY US,2014-02,2014,2,44150.0
DVY US,2014-03,2014,3,44150.0
DVY US,2014-04,2014,4,44150.0
DVY US,2014-05,2014,5,44150.0
DVY US,2014-06,2014,6,44150.0
DVY US,2014-07,2014,7,44150.0
DVY US,2014-08,2014,8,44150.0
DVY US,2014-09,2014,9,44150.0
DVY US,2014-10,2014,10,44150.0
DVY US,2014-11,2014,11,44150.0
DVY US,2014-12,2014,12,44150.0
DVY US,2015-01,2015,1,44150.0
DVY US,2015-02,2015,2,44150.0
DVY US,2015-03,2015,3,44150.0
DVY US,2015-04,2015,4,44150.0
DVY US,2015-05,2015,5,44150.0
DVY US,2015-06,2015,6,44150.0
DVY US,2015-07,2015,7,44150.0
DVY US,2015-08,2015,8,44150.0
DVY US,2015-09,2015,9,44150.0
DVY US,2015-10,2015,10,44150.0
DVY US,2015-11,2015,11,44150.0
DVY US,2015-12,2015,12,44150.0
DVY US,2016-01,2016,1,44150.0
DVY US,2016-02,2016,2,44150.0
DVY US,2016-03,2016,3,44150.0
DVY US,2016-04,2016,4,44150.0
DVY US,2016-05,2016,5,44150.0
DVY US,2016-06,2016,6,44150.0
DVY US,2016-07,2016,7,44150.0
DVY US,2016-08,2016,8,44150.0
DVY US,2016-09,2016,9,44150.0
DVY US,2016-10,2016,10,44150.0
DVY US,2016-11,2016,11,44150.0
DVY US,2016-12,2016,12,44150.0
DVY US,2017-01,2017,1,44150.0
DVY US,2017-02,2017,2,44150.0
DVY US,2017-03,2017,3,44150.0
DVY US,2017-04,2017,4,44150.0
DVY US,2017-05,2017,5,44150.0
DVY US,2017-06,2017,6,44150.0
DVY US,2017-07,2017,7,44150.0
DVY US,2017-08,2017,8,44150.0
DVY US,2017-09,2017,9,44150.0
DVY US,2017-10,2017,10,44150.0
DVY US,2017-11,2017,11,44150.0
DVY US,2017-12,2017,12,44150.0
DVY US,2018-01,2018,1,44150.0
DVY US,2018-02,2018,2,44150.0
DVY US,2018-03,2018,3,44150.0
DVY US,2018-04,2018,4,44150.0
DVY US,2018-05,2018,5,44150.0
DVY US,2018-06,2018,6,44150.0
DVY US,2018-07,2018,7,44150.0
DVY US,2018-08,2018,8,44150.0
DVY US,2018-09,2018,9,44150.0
DVY US,2018-10,2018,10,44150.0
DVY US,2018-11,2018,11,44150.0
DVY US,2018-12,2018,12,44150.0
DVY US,2019-01,2019,1,44150.0
DVY US,2019-02,2019,2,44150.0
DVY US,2019-03,2019,3,44150.0
DVY US,2019-04,2019,4,44150.0
DVY US,2019-05,2019,5,44150.0
DVY US,2019-06,2019,6,44150.0
DVY US,2019-07,2019,7,44150.0
DVY US,2019-08,2019,8,44150.0
DVY US,2019-09,2019,9,44150.0
DVY US,2019-10,2019,10,44150.0
DVY US,2019-11,2019,11,44150.0
DVY US,2019-12,2019,12,44150.0
DVY US,2020-01,2020,1,44150.0
DVY US,2020-02,2020,2,44150.0
DVY US,2020-03,2020,3,44150.0
DVY US,2020-04,2020,4,44150.0
DVY US,2020-05,2020,5,44150.0
DVY US,2020-06,2020,6,44150.0
DVY US,2020-07,2020,7,44150.0
DVY US,2020-08,2020,8,44150.0
DVY US,2020-09,2020,9,44150.0
DVY US,2020-10,2020,10,44150.0
DVY US,2020-11,2020,11,44150.0
DVY US,2020-12,2020,12,44150.0
DVY US,2021-01,2021,1,44150.0
DVY US,2021-02,2021,2,44150.0
DVY US,2021-03,2021,3,44150.0
DVY US,2021-04,2021,4,44150.0
DVY US,2021-05,2021,5,44150.0
DVY US,2021-06,2021,6,44150.0
DVY US,2021-07,2021,7,44150.0
DVY US,2021-08,2021,8,44150.0
DVY US,2021-09,2021,9,44150.0
DVY US,2021-10,2021,10,44150.0
DVY US,2021-11,2021,11,44150.0
DVY US,2021-12,2021,12,44150.0
DVY US,2022-01,2022,1,44150.0
DVY US,2022-02,2022,2,44150.0
DVY US,2022-03,2022,3,44150.0
DVY US,2022-04,2022,4,44150.0
DVY US,2022-05,2022,5,44150.0
DVY US,2022-06,2022,6,44150.0
DVY US,2022-07,2022,7,44150.0
DVY US,2022-08,2022,8,44150.0
DVY US,2022-09,2022,9,44150.0
DVY US,2022-10,2022,10,44150.0
DVY US,2022-11,2022,11,44150.0
DVY US,2022-12,2022,12,44150.0
DVY US,2023-01,2023,1,44150.0
DVY US,2023-02,2023,2,44150.0
DVY US,2023-03,2023,3,44150.0
DVY US,2023-04,2023,4,44150.0
DVY US,2023-05,2023,5,44150.0
DVY US,2023-06,2023,6,44150.0
DVY US,2023-07,2023,7,44150.0
DVY US,2023-08,2023,8,44150.0
DVY US,2023-09,2023,9,44150.0
DVY US,2023-10,2023,10,44150.0
DVY US,2023-11,2023,11,44150.0
DVY US,2023-12,2023,12,44150.0
DVY US,2024-01,2024,1,44150.0
DVY US,2024-02,2024,2,44150.0
DVY US,2024-03,2024,3,44150.0
DVY US,2024-04,2024,4,44150.0
DVY US,2024-05,2024,5,44150.0
DVY US,2024-06,2024,6,44150.0
DVY US,2024-07,2024,7,44150.0
DVY US,2024-08,2024,8,44150.0
DVY US,2024-09,2024,9,44150.0
DVY US,2024-10,2024,10,44150.0
EXC US,1999-04,1999,4,137690.0
EXC US,1999-05,1999,5,137690.0
EXC US,1999-06,1999,6,137690.0
EXC US,1999-07,1999,7,137690.0
EXC US,1999-08,1999,8,137690.0
EXC US,1999-09,1999,9,137690.0
EXC US,1999-10,1999,10,137690.0
EXC US,1999-11,1999,11,137690.0
EXC US,1999-12,1999,12,137690.0
EXC US,2000-01,2000,1,137690.0
EXC US,2000-02,2000,2,137690.0
EXC US,2000-03,2000,3,137690.0
EXC US,2000-04,2000,4,137690.0
EXC US,2000-05,2000,5,137690.0
EXC US,2000-06,2000,6,137690.0
EXC US,2000-07,2000,7,137690.0
EXC US,2000-08,2000,8,137690.0
EXC US,2000-09,2000,9,137690.0
EXC US,2000-10,2000,10,137690.0
EXC US,2000-11,2000,11,137690.0
EXC US,2000-12,2000,12,137690.0
EXC US,2001-01,2001,1,137690.0
EXC US,2001-02,2001,2,137690.0
EXC US,2001-03,2001,3,137690.0
EXC US,2001-04,2001,4,137690.0
EXC US,2001-05,2001,5,137690.0
EXC US,2001-06,2001,6,137690.0
EXC US,2001-07,2001,7,137690.0
EXC US,2001-08,2001,8,137690.0
EXC US,2001-09,2001,9,137690.0
EXC US,2001-10,2001,10,137690.0
EXC US,2001-11,2001,11,137690.0
EXC US,2001-12,2001,12,137690.0
EXC US,2002-01,2002,1,137690.0
EXC US,2002-02,2002,2,137690.0
EXC US,2002-03,2002,3,137690.0
EXC US,2002-04,2002,4,137690.0
EXC US,2002-05,2002,5,137690.0
EXC US,2002-06,2002,6,137690.0
EXC US,2002-07,2002,7,137690.0
EXC US,2002-08,2002,8,137690.0
EXC US,2002-09,2002,9,137690.0
EXC US,2002-10,2002,10,137690.0
EXC US,2002-11,2002,11,137690.0
EXC US,2002-12,2002,12,137690.0
EXC US,2003-01,2003,1,137690.0
EXC US,2003-02,2003,2,137690.0
EXC US,2003-03,2003,3,137690.0
EXC US,2003-04,2003,4,137690.0
EXC US,2003-05,2003,5,137690.0
EXC US,2003-06,2003,6,137690.0
EXC US,2003-07,2003,7,137690.0
EXC US,2003-08,2003,8,137690.0
EXC US,2003-09,2003,9,137690.0
EXC US,2003-10,2003,10,137690.0
EXC US,2003-11,2003,11,137690.0
EXC US,2003-12,2003,12,137690.0
EXC US,2004-01,2004,1,137690.0
EXC US,2004-02,2004,2,137690.0
EXC US,2004-03,2004,3,137690.0
EXC US,2004-04,2004,4,137690.0
EXC US,2004-05,2004,5,137690.0
EXC US,2004-06,2004,6,137690.0
EXC US,2004-07,2004,7,137690.0
EXC US,2004-08,2004,8,137690.0
EXC US,2004-09,2004,9,137690.0
EXC US,2004-10,2004,10,137690.0
EXC US,2004-11,2004,11,137690.0
EXC US,2004-12,2004,12,137690.0
EXC US,2005-01,2005,1,137690.0
EXC US,2005-02,2005,2,137690.0
EXC US,2005-03,2005,3,137690.0
EXC US,2005-04,2005,4,137690.0
EXC US,2005-05,2005,5,137690.0
EXC US,2005-06,2005,6,137690.0
EXC US,2005-07,2005,7,137690.0
EXC US,2005-08,2005,8,137690.0
EXC US,2005-09,2005,9,137690.0
EXC US,2005-10,2005,10,137690.0
EXC US,2005-11,2005,11,137690.0
EXC US,2005-12,2005,12,137690.0
EXC US,2006-01,2006,1,137690.0
EXC US,2006-02,2006,2,137690.0
EXC US,2006-03,2006,3,137690.0
EXC US,2006-04,2006,4,137690.0
EXC US,2006-05,2006,5,137690.0
EXC US,2006-06,2006,6,137690.0
EXC US,2006-07,2006,7,137690.0
EXC US,2006-08,2006,8,137690.0
EXC US,2006-09,2006,9,137690.0
EXC US,2006-10,2006,10,137690.0
EXC US,2006-11,2006,11,137690.0
EXC US,2006-12,2006,12,137690.0
EXC US,2007-01,2007,1,137690.0
EXC US,2007-02,2007,2,137690.0
EXC US,2007-03,2007,3,137690.0
EXC US,2007-04,2007,4,137690.0
EXC US,2007-05,2007,5,137690.0
EXC US,2007-06,2007,6,137690.0
EXC US,2007-07,2007,7,137690.0
EXC US,2007-08,2007,8,137690.0
EXC US,2007-09,2007,9,137690.0
EXC US,2007-10,2007,10,137690.0
EXC US,2007-11,2007,11,137690.0
EXC US,2007-12,2007,12,137690.0
EXC US,2008-01,2008,1,137690.0
EXC US,2008-02,2008,2,137690.0
EXC US,2008-03,2008,3,137690.0
EXC US,2008-04,2008,4,137690.0
EXC US,2008-05,2008,5,137690.0
EXC US,2008-06,2008,6,137690.0
EXC US,2008-07,2008,7,137690.0
EXC US,2008-08,2008,8,137690.0
EXC US,2008-09,2008,9,137690.0
EXC US,2008-10,2008,10,137690.0
EXC US,2008-11,2008,11,137690.0
EXC US,2008-12,2008,12,137690.0
EXC US,2009-01,2009,1,137690.0
EXC US,2009-02,2009,2,137690.0
EXC US,2009-03,2009,3,137690.0
EXC US,2009-04,2009,4,137690.0
EXC US,2009-05,2009,5,137690.0
EXC US,2009-06,2009,6,137690.0
EXC US,2009-07,2009,7,137690.0
EXC US,2009-08,2009,8,137690.0
EXC US,2009-09,2009,9,137690.0
EXC US,2009-10,2009,10,137690.0
EXC US,2009-11,2009,11,137690.0
EXC US,2009-12,2009,12,137690.0
EXC US,2010-01,2010,1,137690.0
EXC US,2010-02,2010,2,137690.0
EXC US,2010-03,2010,3,137690.0
EXC US,2010-04,2010,4,137690.0
EXC US,2010-05,2010,5,137690.0
EXC US,2010-06,2010,6,137690.0
EXC US,2010-07,2010,7,137690.0
EXC US,2010-08,2010,8,137690.0
EXC US,2010-09,2010,9,137690.0
EXC US,2010-10,2010,10,137690.0
EXC US,2010-11,2010,11,137690.0
EXC US,2010-12,2010,12,137690.0
EXC US,2011-01,2011,1,137690.0
EXC US,2011-02,2011,2,137690.0
EXC US,2011-03,2011,3,137690.0
EXC US,2011-04,2011,4,137690.0
EXC US,2011-05,2011,5,137690.0
EXC US,2011-06,2011,6,137690.0
EXC US,2011-07,2011,7,137690.0
EXC US,2011-08,2011,8,137690.0
EXC US,2011-09,2011,9,137690.0
EXC US,2011-10,2011,10,137690.0
EXC US,2011-11,2011,11,137690.0
EXC US,2011-12,2011,12,137690.0
EXC US,2012-01,2012,1,137690.0
EXC US,2012-02,2012,2,137690.0
EXC US,2012-03,2012,3,137690.0
EXC US,2012-04,2012,4,137690.0
EXC US,2012-05,2012,5,137690.0
EXC US,2012-06,2012,6,137690.0
EXC US,2012-07,2012,7,137690.0
EXC US,2012-08,2012,8,137690.0
EXC US,2012-09,2012,9,137690.0
EXC US,2012-10,2012,10,137690.0
EXC US,2012-11,2012,11,137690.0
EXC US,2012-12,2012,12,137690.0
EXC US,2013-01,2013,1,137690.0
EXC US,2013-02,2013,2,137690.0
EXC US,2013-03,2013,3,137690.0
EXC US,2013-04,2013,4,137690.0
EXC US,2013-05,2013,5,137690.0
EXC US,2013-06,2013,6,137690.0
EXC US,2013-07,2013,7,137690.0
EXC US,2013-08,2013,8,137690.0
EXC US,2013-09,2013,9,137690.0
EXC US,2013-10,2013,10,137690.0
EXC US,2013-11,2013,11,137690.0
EXC US,2013-12,2013,12,137690.0
EXC US,2014-01,2014,1,137690.0
EXC US,2014-02,2014,2,137690.0
EXC US,2014-03,2014,3,137690.0
EXC US,2014-04,2014,4,137690.0
EXC US,2014-05,2014,5,137690.0
EXC US,2014-06,2014,6,137690.0
EXC US,2014-07,2014,7,137690.0
EXC US,2014-08,2014,8,137690.0
EXC US,2014-09,2014,9,137690.0
EXC US,2014-10,2014,10,137690.0
EXC US,2014-11,2014,11,137690.0
EXC US,2014-12,2014,12,137690.0
EXC US,2015-01,2015,1,137690.0
EXC US,2015-01,2015,1,137690.0
EXC US,2015-02,2015,2,137690.0
EXC US,2015-03,2015,3,137690.0
EXC US,2015-04,2015,4,137690.0
EXC US,2015-04,2015,4,137690.0
EXC US,2015-05,2015,5,137690.0
EXC US,2015-06,2015,6,137690.0
EXC US,2015-07,2015,7,137690.0
EXC US,2015-07,2015,7,137690.0
EXC US,2015-08,2015,8,137690.0
EXC US,2015-09,2015,9,137690.0
EXC US,2015-10,2015,10,137690.0
EXC US,2015-10,2015,10,137690.0
EXC US,2015-11,2015,11,137690.0
EXC US,2015-12,2015,12,137690.0
EXC US,2016-01,2016,1,137690.0
EXC US,2016-02,2016,2,137690.0
EXC US,2016-03,2016,3,137690.0
EXC US,2016-04,2016,4,137690.0
EXC US,2016-05,2016,5,137690.0
EXC US,2016-06,2016,6,137690.0
EXC US,2016-07,2016,7,137690.0
EXC US,2016-08,2016,8,137690.0
EXC US,2016-09,2016,9,137690.0
EXC US,2016-10,2016,10,137690.0
EXC US,2016-11,2016,11,137690.0
EXC US,2016-12,2016,12,137690.0
EXC US,2017-01,2017,1,137690.0
EXC US,2017-02,2017,2,137690.0
EXC US,2017-03,2017,3,137690.0
EXC US,2017-04,2017,4,137690.0
EXC US,2017-05,2017,5,137690.0
EXC US,2017-06,2017,6,137690.0
EXC US,2017-07,2017,7,137690.0
EXC US,2017-08,2017,8,137690.0
EXC US,2017-09,2017,9,137690.0
EXC US,2017-10,2017,10,137690.0
EXC US,2017-11,2017,11,137690.0
EXC US,2017-12,2017,12,137690.0
EXC US,2018-01,2018,1,137690.0
EXC US,2018-02,2018,2,137690.0
EXC US,2018-03,2018,3,137690.0
EXC US,2018-04,2018,4,137690.0
EXC US,2018-05,2018,5,137690.0
EXC US,2018-06,2018,6,137690.0
EXC US,2018-07,2018,7,137690.0
EXC US,2018-08,2018,8,137690.0
EXC US,2018-09,2018,9,137690.0
EXC US,2018-10,2018,10,137690.0
EXC US,2018-11,2018,11,137690.0
EXC US,2018-12,2018,12,137690.0
EXC US,2019-01,2019,1,137690.0
EXC US,2019-02,2019,2,137690.0
EXC US,2019-03,2019,3,137690.0
EXC US,2019-04,2019,4,137690.0
EXC US,2019-05,2019,5,137690.0
EXC US,2019-06,2019,6,137690.0
EXC US,2019-07,2019,7,137690.0
EXC US,2019-08,2019,8,137690.0
EXC US,2019-09,2019,9,137690.0
EXC US,2019-10,2019,10,137690.0
EXC US,2019-11,2019,11,137690.0
EXC US,2019-12,2019,12,137690.0
EXC US,2020-01,2020,1,137690.0
EXC US,2020-02,2020,2,137690.0
EXC US,2020-03,2020,3,137690.0
EXC US,2020-04,2020,4,137690.0
EXC US,2020-05,2020,5,137690.0
EXC US,2020-06,2020,6,137690.0
EXC US,2020-07,2020,7,137690.0
EXC US,2020-08,2020,8,137690.0
EXC US,2020-09,2020,9,137690.0
EXC US,2020-10,2020,10,137690.0
EXC US,2020-11,2020,11,137690.0
EXC US,2020-12,2020,12,137690.0
EXC US,2021-01,2021,1,137690.0
EXC US,2021-02,2021,2,137690.0
EXC US,2021-03,2021,3,137690.0
EXC US,2021-04,2021,4,137690.0
EXC US,2021-05,2021,5,137690.0
EXC US,2021-06,2021,6,137690.0
EXC US,2021-07,2021,7,137690.0
EXC US,2021-08,2021,8,137690.0
EXC US,2021-09,2021,9,137690.0
EXC US,2021-10,2021,10,137690.0
EXC US,2021-11,2021,11,137690.0
EXC US,2021-12,2021,12,137690.0
EXC US,2022-01,2022,1,137690.0
EXC US,2022-02,2022,2,137690.0
EXC US,2022-03,2022,3,137690.0
EXC US,2022-04,2022,4,137690.0
EXC US,2022-05,2022,5,137690.0
EXC US,2022-06,2022,6,137690.0
EXC US,2022-07,2022,7,137690.0
EXC US,2022-08,2022,8,137690.0
EXC US,2022-09,2022,9,137690.0
EXC US,2022-10,2022,10,137690.0
EXC US,2022-11,2022,11,137690.0
EXC US,2022-12,2022,12,137690.0
EXC US,2023-01,2023,1,137690.0
EXC US,2023-02,2023,2,137690.0
EXC US,2023-03,2023,3,137690.0
EXC US,2023-04,2023,4,137690.0
EXC US,2023-05,2023,5,137690.0
EXC US,2023-06,2023,6,137690.0
EXC US,2023-07,2023,7,137690.0
EXC US,2023-08,2023,8,137690.0
EXC US,2023-09,2023,9,137690.0
EXC US,2023-10,2023,10,137690.0
EXC US,2023-11,2023,11,137690.0
EXC US,2023-12,2023,12,137690.0
EXC US,2024-01,2024,1,137690.0
EXC US,2024-02,2024,2,137690.0
EXC US,2024-03,2024,3,137690.0
EXC US,2024-04,2024,4,137690.0
EXC US,2024-05,2024,5,137690.0
EXC US,2024-06,2024,6,137690.0
EXC US,2024-07,2024,7,137690.0
EXC US,2024-08,2024,8,137690.0
EXC US,2024-09,2024,9,137690.0
EXC US,2024-10,2024,10,137690.0
FE US,1999-01,1999,1,126070.0
FE US,1999-02,1999,2,126070.0
FE US,1999-03,1999,3,126070.0
FE US,1999-04,1999,4,126070.0
FE US,1999-05,1999,5,126070.0
FE US,1999-06,1999,6,126070.0
FE US,1999-07,1999,7,126070.0
FE US,1999-08,1999,8,126070.0
FE US,1999-09,1999,9,126070.0
FE US,1999-10,1999,10,126070.0
FE US,1999-11,1999,11,126070.0
FE US,1999-12,1999,12,126070.0
FE US,2000-01,2000,1,126070.0
FE US,2000-02,2000,2,126070.0
FE US,2000-03,2000,3,126070.0
FE US,2000-04,2000,4,126070.0
FE US,2000-05,2000,5,126070.0
FE US,2000-06,2000,6,126070.0
FE US,2000-07,2000,7,126070.0
FE US,2000-08,2000,8,126070.0
FE US,2000-09,2000,9,126070.0
FE US,2000-10,2000,10,126070.0
FE US,2000-11,2000,11,126070.0
FE US,2000-12,2000,12,126070.0
FE US,2001-01,2001,1,126070.0
FE US,2001-02,2001,2,126070.0
FE US,2001-03,2001,3,126070.0
FE US,2001-04,2001,4,126070.0
FE US,2001-05,2001,5,126070.0
FE US,2001-06,2001,6,126070.0
FE US,2001-07,2001,7,126070.0
FE US,2001-08,2001,8,126070.0
FE US,2001-09,2001,9,126070.0
FE US,2001-10,2001,10,126070.0
FE US,2001-11,2001,11,126070.0
FE US,2001-12,2001,12,126070.0
FE US,2002-01,2002,1,126070.0
FE US,2002-02,2002,2,126070.0
FE US,2002-03,2002,3,126070.0
FE US,2002-04,2002,4,126070.0
FE US,2002-05,2002,5,126070.0
FE US,2002-06,2002,6,126070.0
FE US,2002-07,2002,7,126070.0
FE US,2002-08,2002,8,126070.0
FE US,2002-09,2002,9,126070.0
FE US,2002-10,2002,10,126070.0
FE US,2002-11,2002,11,126070.0
FE US,2002-12,2002,12,126070.0
FE US,2003-01,2003,1,126070.0
FE US,2003-02,2003,2,126070.0
FE US,2003-03,2003,3,126070.0
FE US,2003-04,2003,4,126070.0
FE US,2003-05,2003,5,126070.0
FE US,2003-06,2003,6,126070.0
FE US,2003-07,2003,7,126070.0
FE US,2003-08,2003,8,126070.0
FE US,2003-09,2003,9,126070.0
FE US,2003-10,2003,10,126070.0
FE US,2003-11,2003,11,126070.0
FE US,2003-12,2003,12,126070.0
FE US,2004-01,2004,1,126070.0
FE US,2004-02,2004,2,126070.0
FE US,2004-03,2004,3,126070.0
FE US,2004-04,2004,4,126070.0
FE US,2004-05,2004,5,126070.0
FE US,2004-06,2004,6,126070.0
FE US,2004-07,2004,7,126070.0
FE US,2004-08,2004,8,126070.0
FE US,2004-09,2004,9,126070.0
FE US,2004-10,2004,10,126070.0
FE US,2004-11,2004,11,126070.0
FE US,2004-12,2004,12,126070.0
FE US,2005-01,2005,1,126070.0
FE US,2005-02,2005,2,126070.0
FE US,2005-03,2005,3,126070.0
FE US,2005-04,2005,4,126070.0
FE US,2005-05,2005,5,126070.0
FE US,2005-06,2005,6,126070.0
FE US,2005-07,2005,7,126070.0
FE US,2005-08,2005,8,126070.0
FE US,2005-09,2005,9,126070.0
FE US,2005-10,2005,10,126070.0
FE US,2005-11,2005,11,126070.0
FE US,2005-12,2005,12,126070.0
FE US,2006-01,2006,1,126070.0
FE US,2006-02,2006,2,126070.0
FE US,2006-03,2006,3,126070.0
FE US,2006-04,2006,4,126070.0
FE US,2006-05,2006,5,126070.0
FE US,2006-06,2006,6,126070.0
FE US,2006-07,2006,7,126070.0
FE US,2006-08,2006,8,126070.0
FE US,2006-09,2006,9,126070.0
FE US,2006-10,2006,10,126070.0
FE US,2006-11,2006,11,126070.0
FE US,2006-12,2006,12,126070.0
FE US,2007-01,2007,1,126070.0
FE US,2007-02,2007,2,126070.0
FE US,2007-03,2007,3,126070.0
FE US,2007-04,2007,4,126070.0
FE US,2007-05,2007,5,126070.0
FE US,2007-06,2007,6,126070.0
FE US,2007-07,2007,7,126070.0
FE US,2007-08,2007,8,126070.0
FE US,2007-09,2007,9,126070.0
FE US,2007-10,2007,10,126070.0
FE US,2007-11,2007,11,126070.0
FE US,2007-12,2007,12,126070.0
FE US,2008-01,2008,1,126070.0
FE US,2008-02,2008,2,126070.0
FE US,2008-03,2008,3,126070.0
FE US,2008-04,2008,4,126070.0
FE US,2008-05,2008,5,126070.0
FE US,2008-06,2008,6,126070.0
FE US,2008-07,2008,7,126070.0
FE US,2008-08,2008,8,126070.0
FE US,2008-09,2008,9,126070.0
FE US,2008-10,2008,10,126070.0
FE US,2008-11,2008,11,126070.0
FE US,2008-12,2008,12,126070.0
FE US,2009-01,2009,1,126070.0
FE US,2009-02,2009,2,126070.0
FE US,2009-03,2009,3,126070.0
FE US,2009-04,2009,4,126070.0
FE US,2009-05,2009,5,126070.0
FE US,2009-06,2009,6,126070.0
FE US,2009-07,2009,7,126070.0
FE US,2009-08,2009,8,126070.0
FE US,2009-09,2009,9,126070.0
FE US,2009-10,2009,10,126070.0
FE US,2009-11,2009,11,126070.0
FE US,2009-12,2009,12,126070.0
FE US,2010-01,2010,1,126070.0
FE US,2010-02,2010,2,126070.0
FE US,2010-03,2010,3,126070.0
FE US,2010-04,2010,4,126070.0
FE US,2010-05,2010,5,126070.0
FE US,2010-06,2010,6,126070.0
FE US,2010-07,2010,7,126070.0
FE US,2010-08,2010,8,126070.0
FE US,2010-09,2010,9,126070.0
FE US,2010-10,2010,10,126070.0
FE US,2010-11,2010,11,126070.0
FE US,2010-12,2010,12,126070.0
FE US,2011-01,2011,1,126070.0
FE US,2011-02,2011,2,126070.0
FE US,2011-03,2011,3,126070.0
FE US,2011-04,2011,4,126070.0
FE US,2011-05,2011,5,126070.0
FE US,2011-06,2011,6,126070.0
FE US,2011-07,2011,7,126070.0
FE US,2011-08,2011,8,126070.0
FE US,2011-09,2011,9,126070.0
FE US,2011-10,2011,10,126070.0
FE US,2011-11,2011,11,126070.0
FE US,2011-12,2011,12,126070.0
FE US,2012-01,2012,1,126070.0
FE US,2012-02,2012,2,126070.0
FE US,2012-03,2012,3,126070.0
FE US,2012-04,2012,4,126070.0
FE US,2012-05,2012,5,126070.0
FE US,2012-06,2012,6,126070.0
FE US,2012-07,2012,7,126070.0
FE US,2012-08,2012,8,126070.0
FE US,2012-09,2012,9,126070.0
FE US,2012-10,2012,10,126070.0
FE US,2012-11,2012,11,126070.0
FE US,2012-12,2012,12,126070.0
FE US,2013-01,2013,1,126070.0
FE US,2013-02,2013,2,126070.0
FE US,2013-03,2013,3,126070.0
FE US,2013-04,2013,4,126070.0
FE US,2013-05,2013,5,126070.0
FE US,2013-06,2013,6,126070.0
FE US,2013-07,2013,7,126070.0
FE US,2013-08,2013,8,126070.0
FE US,2013-09,2013,9,126070.0
FE US,2013-10,2013,10,126070.0
FE US,2013-11,2013,11,126070.0
FE US,2013-12,2013,12,126070.0
FE US,2014-01,2014,1,126070.0
FE US,2014-02,2014,2,126070.0
FE US,2014-03,2014,3,126070.0
FE US,2014-04,2014,4,126070.0
FE US,2014-05,2014,5,126070.0
FE US,2014-06,2014,6,126070.0
FE US,2014-07,2014,7,126070.0
FE US,2014-08,2014,8,126070.0
FE US,2014-09,2014,9,126070.0
FE US,2014-10,2014,10,126070.0
FE US,2014-11,2014,11,126070.0
FE US,2014-12,2014,12,126070.0
FE US,2015-01,2015,1,126070.0
FE US,2015-02,2015,2,126070.0
FE US,2015-03,2015,3,126070.0
FE US,2015-04,2015,4,126070.0
FE US,2015-05,2015,5,126070.0
FE US,2015-06,2015,6,126070.0
FE US,2015-07,2015,7,126070.0
FE US,2015-08,2015,8,126070.0
FE US,2015-09,2015,9,126070.0
FE US,2015-10,2015,10,126070.0
FE US,2015-11,2015,11,126070.0
FE US,2015-12,2015,12,126070.0
FE US,2016-01,2016,1,126070.0
FE US,2016-02,2016,2,126070.0
FE US,2016-03,2016,3,126070.0
FE US,2016-04,2016,4,126070.0
FE US,2016-05,2016,5,126070.0
FE US,2016-06,2016,6,126070.0
FE US,2016-07,2016,7,126070.0
FE US,2016-08,2016,8,126070.0
FE US,2016-09,2016,9,126070.0
FE US,2016-10,2016,10,126070.0
FE US,2016-11,2016,11,126070.0
FE US,2016-12,2016,12,126070.0
FE US,2017-01,2017,1,126070.0
FE US,2017-02,2017,2,126070.0
FE US,2017-03,2017,3,126070.0
FE US,2017-04,2017,4,126070.0
FE US,2017-05,2017,5,126070.0
FE US,2017-06,2017,6,126070.0
FE US,2017-07,2017,7,126070.0
FE US,2017-08,2017,8,126070.0
FE US,2017-09,2017,9,126070.0
FE US,2017-10,2017,10,126070.0
FE US,2017-11,2017,11,126070.0
FE US,2017-12,2017,12,126070.0
FE US,2018-01,2018,1,126070.0
FE US,2018-02,2018,2,126070.0
FE US,2018-03,2018,3,126070.0
FE US,2018-04,2018,4,126070.0
FE US,2018-05,2018,5,126070.0
FE US,2018-06,2018,6,126070.0
FE US,2018-07,2018,7,126070.0
FE US,2018-08,2018,8,126070.0
FE US,2018-09,2018,9,126070.0
FE US,2018-10,2018,10,126070.0
FE US,2018-11,2018,11,126070.0
FE US,2018-12,2018,12,126070.0
FE US,2019-01,2019,1,126070.0
FE US,2019-02,2019,2,126070.0
FE US,2019-03,2019,3,126070.0
FE US,2019-04,2019,4,126070.0
FE US,2019-05,2019,5,126070.0
FE US,2019-06,2019,6,126070.0
FE US,2019-07,2019,7,126070.0
FE US,2019-08,2019,8,126070.0
FE US,2019-09,2019,9,126070.0
FE US,2019-10,2019,10,126070.0
FE US,2019-11,2019,11,126070.0
FE US,2019-12,2019,12,126070.0
FE US,2020-01,2020,1,126070.0
FE US,2020-02,2020,2,126070.0
FE US,2020-03,2020,3,126070.0
FE US,2020-04,2020,4,126070.0
FE US,2020-05,2020,5,126070.0
FE US,2020-06,2020,6,126070.0
FE US,2020-07,2020,7,126070.0
FE US,2020-08,2020,8,126070.0
FE US,2020-09,2020,9,126070.0
FE US,2020-10,2020,10,126070.0
FE US,2020-11,2020,11,126070.0
FE US,2020-12,2020,12,126070.0
FE US,2021-01,2021,1,126070.0
FE US,2021-02,2021,2,126070.0
FE US,2021-03,2021,3,126070.0
FE US,2021-04,2021,4,126070.0
FE US,2021-05,2021,5,126070.0
FE US,2021-06,2021,6,126070.0
FE US,2021-07,2021,7,126070.0
FE US,2021-08,2021,8,126070.0
FE US,2021-09,2021,9,126070.0
FE US,2021-10,2021,10,126070.0
FE US,2021-11,2021,11,126070.0
FE US,2021-12,2021,12,126070.0
FE US,2022-01,2022,1,126070.0
FE US,2022-02,2022,2,126070.0
FE US,2022-03,2022,3,126070.0
FE US,2022-04,2022,4,126070.0
FE US,2022-05,2022,5,126070.0
FE US,2022-06,2022,6,126070.0
FE US,2022-07,2022,7,126070.0
FE US,2022-08,2022,8,126070.0
FE US,2022-09,2022,9,126070.0
FE US,2022-10,2022,10,126070.0
FE US,2022-11,2022,11,126070.0
FE US,2022-12,2022,12,126070.0
FE US,2023-01,2023,1,126070.0
FE US,2023-02,2023,2,126070.0
FE US,2023-03,2023,3,126070.0
FE US,2023-04,2023,4,126070.0
FE US,2023-05,2023,5,126070.0
FE US,2023-06,2023,6,126070.0
FE US,2023-07,2023,7,126070.0
FE US,2023-08,2023,8,126070.0
FE US,2023-09,2023,9,126070.0
FE US,2023-10,2023,10,126070.0
FE US,2023-11,2023,11,126070.0
FE US,2023-12,2023,12,126070.0
FE US,2024-01,2024,1,126070.0
FE US,2024-02,2024,2,126070.0
FE US,2024-03,2024,3,126070.0
FE US,2024-04,2024,4,126070.0
FE US,2024-05,2024,5,126070.0
FE US,2024-06,2024,6,126070.0
FE US,2024-07,2024,7,126070.0
FE US,2024-08,2024,8,126070.0
FE US,2024-09,2024,9,126070.0
FE US,2024-10,2024,10,126070.0
FITB US,1998-04,1998,4,44320.0
FITB US,1998-05,1998,5,44320.0
FITB US,1998-06,1998,6,44320.0
FITB US,1998-07,1998,7,42050.0
FITB US,1998-08,1998,8,42050.0
FITB US,1998-09,1998,9,42050.0
FITB US,1998-10,1998,10,42050.0
FITB US,1998-11,1998,11,42050.0
FITB US,1998-12,1998,12,42050.0
FITB US,1999-01,1999,1,40910.0
FITB US,1999-02,1999,2,40910.0
FITB US,1999-03,1999,3,40910.0
FITB US,1999-04,1999,4,42050.0
FITB US,1999-05,1999,5,42050.0
FITB US,1999-06,1999,6,42050.0
FITB US,1999-07,1999,7,42050.0
FITB US,1999-08,1999,8,42050.0
FITB US,1999-09,1999,9,42050.0
FITB US,1999-10,1999,10,42050.0
FITB US,1999-11,1999,11,42050.0
FITB US,1999-12,1999,12,42050.0
FITB US,2000-01,2000,1,40910.0
FITB US,2000-02,2000,2,40910.0
FITB US,2000-03,2000,3,40910.0
FITB US,2000-04,2000,4,42050.0
FITB US,2000-05,2000,5,42050.0
FITB US,2000-06,2000,6,42050.0
FITB US,2000-07,2000,7,40910.0
FITB US,2000-08,2000,8,40910.0
FITB US,2000-09,2000,9,40910.0
FITB US,2000-10,2000,10,40910.0
FITB US,2000-11,2000,11,40910.0
FITB US,2000-12,2000,12,40910.0
FITB US,2001-01,2001,1,37500.0
FITB US,2001-02,2001,2,37500.0
FITB US,2001-03,2001,3,37500.0
FITB US,2001-04,2001,4,0.0
FITB US,2001-05,2001,5,0.0
FITB US,2001-06,2001,6,0.0
FITB US,2001-07,2001,7,0.0
FITB US,2001-08,2001,8,0.0
FITB US,2001-09,2001,9,0.0
FITB US,2001-10,2001,10,0.0
FITB US,2001-11,2001,11,0.0
FITB US,2001-12,2001,12,0.0
FITB US,2002-01,2002,1,0.0
FITB US,2002-02,2002,2,0.0
FITB US,2002-03,2002,3,0.0
FITB US,2002-04,2002,4,0.0
FITB US,2002-05,2002,5,0.0
FITB US,2002-06,2002,6,0.0
FITB US,2002-07,2002,7,0.0
FITB US,2002-08,2002,8,0.0
FITB US,2002-09,2002,9,0.0
FITB US,2002-10,2002,10,0.0
FITB US,2002-11,2002,11,0.0
FITB US,2002-12,2002,12,0.0
FITB US,2003-01,2003,1,0.0
FITB US,2003-02,2003,2,0.0
FITB US,2003-03,2003,3,0.0
FITB US,2003-04,2003,4,0.0
FITB US,2003-05,2003,5,0.0
FITB US,2003-06,2003,6,0.0
FITB US,2003-07,2003,7,0.0
FITB US,2003-08,2003,8,0.0
FITB US,2003-09,2003,9,0.0
FITB US,2003-10,2003,10,0.0
FITB US,2003-11,2003,11,0.0
FITB US,2003-12,2003,12,0.0
FITB US,2004-01,2004,1,0.0
FITB US,2004-02,2004,2,0.0
FITB US,2004-03,2004,3,0.0
FITB US,2004-04,2004,4,0.0
FITB US,2004-05,2004,5,0.0
FITB US,2004-06,2004,6,0.0
FITB US,2004-07,2004,7,0.0
FITB US,2004-08,2004,8,0.0
FITB US,2004-09,2004,9,0.0
FITB US,2004-10,2004,10,0.0
FITB US,2004-11,2004,11,0.0
FITB US,2004-12,2004,12,0.0
FITB US,2005-01,2005,1,0.0
FITB US,2005-02,2005,2,0.0
FITB US,2005-03,2005,3,0.0
FITB US,2005-04,2005,4,20450.0
FITB US,2005-05,2005,5,20450.0
FITB US,2005-06,2005,6,20450.0
FITB US,2005-07,2005,7,0.0
FITB US,2005-08,2005,8,0.0
FITB US,2005-09,2005,9,0.0
FITB US,2005-10,2005,10,0.0
FITB US,2005-11,2005,11,0.0
FITB US,2005-12,2005,12,0.0
FITB US,2006-01,2006,1,0.0
FITB US,2006-02,2006,2,0.0
FITB US,2006-03,2006,3,0.0
FITB US,2006-04,2006,4,0.0
FITB US,2006-05,2006,5,0.0
FITB US,2006-06,2006,6,0.0
FITB US,2006-07,2006,7,22730.0
FITB US,2006-08,2006,8,22730.0
FITB US,2006-09,2006,9,22730.0
FITB US,2006-10,2006,10,23860.0
FITB US,2006-11,2006,11,23860.0
FITB US,2006-12,2006,12,23860.0
FITB US,2007-01,2007,1,22730.0
FITB US,2007-02,2007,2,22730.0
FITB US,2007-03,2007,3,22730.0
FITB US,2007-04,2007,4,23860.0
FITB US,2007-05,2007,5,23860.0
FITB US,2007-06,2007,6,23860.0
FITB US,2007-07,2007,7,22730.0
FITB US,2007-08,2007,8,22730.0
FITB US,2007-09,2007,9,22730.0
FITB US,2007-10,2007,10,23860.0
FITB US,2007-11,2007,11,23860.0
FITB US,2007-12,2007,12,23860.0
FITB US,2008-01,2008,1,22730.0
FITB US,2008-02,2008,2,22730.0
FITB US,2008-03,2008,3,22730.0
FITB US,2008-04,2008,4,0.0
FITB US,2008-05,2008,5,0.0
FITB US,2008-06,2008,6,0.0
FITB US,2008-07,2008,7,0.0
FITB US,2008-08,2008,8,0.0
FITB US,2008-09,2008,9,0.0
FITB US,2008-10,2008,10,0.0
FITB US,2008-11,2008,11,0.0
FITB US,2008-12,2008,12,0.0
FITB US,2009-01,2009,1,0.0
FITB US,2009-02,2009,2,0.0
FITB US,2009-03,2009,3,0.0
FITB US,2009-04,2009,4,0.0
FITB US,2009-05,2009,5,0.0
FITB US,2009-06,2009,6,0.0
FITB US,2009-07,2009,7,0.0
FITB US,2009-08,2009,8,0.0
FITB US,2009-09,2009,9,0.0
FITB US,2009-10,2009,10,15910.0
FITB US,2009-11,2009,11,15910.0
FITB US,2009-12,2009,12,15910.0
FITB US,2010-01,2010,1,13640.0
FITB US,2010-02,2010,2,13640.0
FITB US,2010-03,2010,3,13640.0
FITB US,2010-04,2010,4,67050.0
FITB US,2010-05,2010,5,67050.0
FITB US,2010-06,2010,6,67050.0
FITB US,2010-07,2010,7,128410.0
FITB US,2010-08,2010,8,128410.0
FITB US,2010-09,2010,9,128410.0
FITB US,2010-10,2010,10,128410.0
FITB US,2010-11,2010,11,128410.0
FITB US,2010-12,2010,12,128410.0
FITB US,2011-01,2011,1,128410.0
FITB US,2011-02,2011,2,128410.0
FITB US,2011-03,2011,3,128410.0
FITB US,2011-04,2011,4,73860.0
FITB US,2011-05,2011,5,73860.0
FITB US,2011-06,2011,6,73860.0
FITB US,2011-07,2011,7,13640.0
FITB US,2011-08,2011,8,13640.0
FITB US,2011-09,2011,9,13640.0
FITB US,2011-10,2011,10,13640.0
FITB US,2011-11,2011,11,13640.0
FITB US,2011-12,2011,12,13640.0
FITB US,2012-01,2012,1,12500.0
FITB US,2012-02,2012,2,12500.0
FITB US,2012-03,2012,3,12500.0
FITB US,2012-04,2012,4,0.0
FITB US,2012-05,2012,5,0.0
FITB US,2012-06,2012,6,0.0
FITB US,2012-07,2012,7,0.0
FITB US,2012-08,2012,8,0.0
FITB US,2012-09,2012,9,0.0
FITB US,2012-10,2012,10,0.0
FITB US,2012-11,2012,11,0.0
FITB US,2012-12,2012,12,0.0
FITB US,2013-01,2013,1,0.0
FITB US,2013-02,2013,2,0.0
FITB US,2013-03,2013,3,0.0
FITB US,2013-04,2013,4,0.0
FITB US,2013-05,2013,5,0.0
FITB US,2013-06,2013,6,0.0
FITB US,2013-07,2013,7,0.0
FITB US,2013-08,2013,8,0.0
FITB US,2013-09,2013,9,0.0
FITB US,2013-10,2013,10,0.0
FITB US,2013-11,2013,11,0.0
FITB US,2013-12,2013,12,0.0
FITB US,2014-01,2014,1,0.0
FITB US,2014-02,2014,2,0.0
FITB US,2014-03,2014,3,0.0
FITB US,2014-04,2014,4,0.0
FITB US,2014-05,2014,5,0.0
FITB US,2014-06,2014,6,0.0
FITB US,2014-07,2014,7,0.0
FITB US,2014-08,2014,8,0.0
FITB US,2014-09,2014,9,0.0
FITB US,2014-10,2014,10,0.0
FITB US,2014-11,2014,11,0.0
FITB US,2014-12,2014,12,0.0
FITB US,2015-01,2015,1,0.0
FITB US,2015-02,2015,2,0.0
FITB US,2015-03,2015,3,0.0
FITB US,2015-04,2015,4,0.0
FITB US,2015-05,2015,5,0.0
FITB US,2015-06,2015,6,0.0
FITB US,2015-07,2015,7,0.0
FITB US,2015-08,2015,8,0.0
FITB US,2015-09,2015,9,0.0
FITB US,2015-10,2015,10,0.0
FITB US,2015-11,2015,11,0.0
FITB US,2015-12,2015,12,0.0
FITB US,2016-01,2016,1,0.0
FITB US,2016-02,2016,2,0.0
FITB US,2016-03,2016,3,0.0
FITB US,2016-04,2016,4,0.0
FITB US,2016-05,2016,5,0.0
FITB US,2016-06,2016,6,0.0
FITB US,2016-07,2016,7,0.0
FITB US,2016-08,2016,8,0.0
FITB US,2016-09,2016,9,0.0
FITB US,2016-10,2016,10,0.0
FITB US,2016-11,2016,11,0.0
FITB US,2016-12,2016,12,0.0
FITB US,2017-01,2017,1,148860.0
FITB US,2017-02,2017,2,148860.0
FITB US,2017-03,2017,3,148860.0
FITB US,2017-04,2017,4,144320.0
FITB US,2017-05,2017,5,144320.0
FITB US,2017-06,2017,6,144320.0
FITB US,2017-07,2017,7,0.0
FITB US,2017-08,2017,8,0.0
FITB US,2017-09,2017,9,0.0
FITB US,2017-10,2017,10,0.0
FITB US,2017-11,2017,11,0.0
FITB US,2017-12,2017,12,0.0
FITB US,2018-01,2018,1,0.0
FITB US,2018-02,2018,2,0.0
FITB US,2018-03,2018,3,0.0
FITB US,2018-04,2018,4,0.0
FITB US,2018-05,2018,5,0.0
FITB US,2018-06,2018,6,0.0
FITB US,2018-07,2018,7,0.0
FITB US,2018-08,2018,8,0.0
FITB US,2018-09,2018,9,0.0
FITB US,2018-10,2018,10,54550.0
FITB US,2018-11,2018,11,54550.0
FITB US,2018-12,2018,12,54550.0
FITB US,2019-01,2019,1,0.0
FND US,2021-10,2021,10,3980000.0
FND US,2021-11,2021,11,3980000.0
FND US,2021-12,2021,12,3980000.0
FND US,2022-01,2022,1,3980000.0
FND US,2022-02,2022,2,3980000.0
FND US,2022-03,2022,3,3980000.0
FND US,2022-04,2022,4,3980000.0
FND US,2022-05,2022,5,3980000.0
FND US,2022-06,2022,6,3980000.0
FND US,2022-07,2022,7,3980000.0
FND US,2022-08,2022,8,3980000.0
FND US,2022-09,2022,9,3980000.0
FND US,2022-10,2022,10,3980000.0
FND US,2022-11,2022,11,3980000.0
FND US,2022-12,2022,12,3980000.0
FND US,2023-01,2023,1,3980000.0
FND US,2023-02,2023,2,3980000.0
FND US,2023-03,2023,3,3980000.0
FND US,2023-04,2023,4,3980000.0
FND US,2023-05,2023,5,3980000.0
FND US,2023-06,2023,6,3980000.0
FND US,2023-07,2023,7,3980000.0
FND US,2023-08,2023,8,3980000.0
FND US,2023-09,2023,9,3980000.0
FND US,2023-10,2023,10,3980000.0
FND US,2023-11,2023,11,3980000.0
FND US,2023-12,2023,12,3980000.0
FND US,2024-01,2024,1,3980000.0
FND US,2024-02,2024,2,3980000.0
FND US,2024-03,2024,3,3980000.0
FND US,2024-04,2024,4,3980000.0
FND US,2024-05,2024,5,3980000.0
FND US,2024-06,2024,6,3980000.0
FND US,2024-07,2024,7,3980000.0
FND US,2024-08,2024,8,3980000.0
FND US,2024-09,2024,9,3980000.0
FND US,2024-10,2024,10,3980000.0
FWONK US,2022-10,2022,10,
FWONK US,2022-11,2022,11,
FWONK US,2022-12,2022,12,
FWONK US,2023-01,2023,1,
FWONK US,2023-02,2023,2,
FWONK US,2023-03,2023,3,
FWONK US,2023-04,2023,4,
FWONK US,2023-05,2023,5,
FWONK US,2023-06,2023,6,
FWONK US,2023-07,2023,7,
FWONK US,2023-08,2023,8,
FWONK US,2023-09,2023,9,
FWONK US,2023-10,2023,10,
HEI/A US,2024-06,2024,6,1040000.0
HEI/A US,2024-06,2024,6,1040000.0
HEI/A US,2024-06,2024,6,1040000.0
HEI/A US,2024-06,2024,6,1040000.0
HEI/A US,2024-07,2024,7,1040000.0
IAG AU,2015-07,2015,7,97510000.0
IAG AU,2015-08,2015,8,97510000.0
IAG AU,2015-09,2015,9,97510000.0
IAG AU,2015-10,2015,10,97510000.0
IAG AU,2015-11,2015,11,97510000.0
IAG AU,2015-12,2015,12,97510000.0
IAG AU,2016-01,2016,1,97510000.0
IAG AU,2016-02,2016,2,97510000.0
IAG AU,2016-03,2016,3,97510000.0
IAG AU,2016-04,2016,4,97510000.0
IAG AU,2016-05,2016,5,97510000.0
IAG AU,2016-06,2016,6,97510000.0
IAG AU,2016-07,2016,7,97510000.0
IAG AU,2016-08,2016,8,97510000.0
IAG AU,2016-09,2016,9,97510000.0
IAG AU,2016-10,2016,10,97510000.0
IAG AU,2016-11,2016,11,97510000.0
IAG AU,2016-12,2016,12,97510000.0
IAG AU,2017-01,2017,1,97510000.0
IAG AU,2017-02,2017,2,97510000.0
IAG AU,2017-03,2017,3,97510000.0
IAG AU,2017-04,2017,4,97510000.0
IAG AU,2017-05,2017,5,97510000.0
IAG AU,2017-06,2017,6,97510000.0
IAG AU,2017-07,2017,7,97510000.0
IAG AU,2017-08,2017,8,97510000.0
IAG AU,2017-09,2017,9,97510000.0
IAG AU,2017-10,2017,10,97510000.0
IAG AU,2017-11,2017,11,97510000.0
IAG AU,2017-12,2017,12,97510000.0
IAG AU,2018-01,2018,1,97510000.0
IAG AU,2018-02,2018,2,97510000.0
IAG AU,2018-03,2018,3,97510000.0
IAG AU,2018-04,2018,4,97510000.0
IAG AU,2018-05,2018,5,97510000.0
IAG AU,2018-06,2018,6,97510000.0
IAG AU,2018-07,2018,7,97510000.0
IAG AU,2018-08,2018,8,97510000.0
IAG AU,2018-09,2018,9,97510000.0
IAG AU,2018-10,2018,10,97510000.0
IAG AU,2018-11,2018,11,97510000.0
IAG AU,2018-12,2018,12,97510000.0
IAG AU,2019-01,2019,1,97510000.0
IAG AU,2019-02,2019,2,97510000.0
IAG AU,2019-03,2019,3,97510000.0
IAG AU,2019-04,2019,4,97510000.0
IAG AU,2019-05,2019,5,97510000.0
IAG AU,2019-06,2019,6,97510000.0
IAG AU,2019-07,2019,7,97510000.0
IAG AU,2019-08,2019,8,97510000.0
IAG AU,2019-09,2019,9,97510000.0
IAG AU,2019-10,2019,10,97510000.0
IAG AU,2019-11,2019,11,97510000.0
IAG AU,2019-12,2019,12,97510000.0
IAG AU,2020-01,2020,1,97510000.0
IAG AU,2020-02,2020,2,97510000.0
IAG AU,2020-03,2020,3,97510000.0
IAG AU,2020-04,2020,4,97510000.0
IAG AU,2020-05,2020,5,97510000.0
IAG AU,2020-06,2020,6,97510000.0
IAG AU,2020-07,2020,7,97510000.0
IAG AU,2020-08,2020,8,97510000.0
IAG AU,2020-09,2020,9,97510000.0
IAG AU,2020-10,2020,10,97510000.0
IAG AU,2020-11,2020,11,97510000.0
IAG AU,2020-12,2020,12,97510000.0
IAG AU,2021-01,2021,1,97510000.0
IAG AU,2021-02,2021,2,97510000.0
IAG AU,2021-03,2021,3,97510000.0
IAG AU,2021-04,2021,4,97510000.0
IAG AU,2021-05,2021,5,97510000.0
IAG AU,2021-06,2021,6,97510000.0
IAG AU,2021-07,2021,7,97510000.0
IAG AU,2021-08,2021,8,97510000.0
IAG AU,2021-09,2021,9,97510000.0
IAG AU,2021-10,2021,10,97510000.0
IAG AU,2021-11,2021,11,97510000.0
IAG AU,2021-12,2021,12,97510000.0
IAG AU,2022-01,2022,1,97510000.0
IAG AU,2022-02,2022,2,97510000.0
IAG AU,2022-03,2022,3,97510000.0
IAG AU,2022-04,2022,4,97510000.0
IAG AU,2022-05,2022,5,97510000.0
IAG AU,2022-06,2022,6,97510000.0
IAG AU,2022-07,2022,7,97510000.0
IAG AU,2022-08,2022,8,97510000.0
IAG AU,2022-09,2022,9,97510000.0
IAG AU,2022-10,2022,10,97510000.0
IAG AU,2022-11,2022,11,97510000.0
IAG AU,2022-12,2022,12,97510000.0
IAG AU,2023-01,2023,1,97510000.0
IAG AU,2023-02,2023,2,97510000.0
IAG AU,2023-03,2023,3,97510000.0
IAG AU,2023-04,2023,4,97510000.0
IAG AU,2023-05,2023,5,97510000.0
IAG AU,2023-06,2023,6,97510000.0
IAG AU,2023-07,2023,7,97510000.0
IAG AU,2023-08,2023,8,97510000.0
IAG AU,2023-09,2023,9,97510000.0
IAG AU,2023-10,2023,10,97510000.0
IAG AU,2023-11,2023,11,97510000.0
IAG AU,2023-12,2023,12,97510000.0
IAG AU,2024-01,2024,1,97510000.0
IAG AU,2024-02,2024,2,97510000.0
IAG AU,2024-03,2024,3,97510000.0
IAG AU,2024-04,2024,4,97510000.0
IAG AU,2024-05,2024,5,97510000.0
IAG AU,2024-06,2024,6,97510000.0
IAG AU,2024-07,2024,7,97510000.0
IAG AU,2024-08,2024,8,97510000.0
IAG AU,2024-09,2024,9,97510000.0
IAG AU,2024-10,2024,10,97510000.0
IBM US,1998-04,1998,4,32200.000000000004
IBM US,1998-05,1998,5,32200.000000000004
IBM US,1998-06,1998,6,32200.000000000004
IBM US,1998-07,1998,7,32200.000000000004
IBM US,1998-08,1998,8,32200.000000000004
IBM US,1998-09,1998,9,32200.000000000004
IBM US,1998-10,1998,10,32200.000000000004
IBM US,1998-11,1998,11,32200.000000000004
IBM US,1998-12,1998,12,32200.000000000004
IBM US,1999-01,1999,1,32200.000000000004
IBM US,1999-02,1999,2,32200.000000000004
IBM US,1999-03,1999,3,32200.000000000004
IBM US,1999-04,1999,4,32200.000000000004
IBM US,1999-05,1999,5,32200.000000000004
IBM US,1999-06,1999,6,32200.000000000004
IBM US,1999-07,1999,7,32200.000000000004
IBM US,1999-08,1999,8,32200.000000000004
IBM US,1999-09,1999,9,32200.000000000004
IBM US,1999-10,1999,10,32200.000000000004
IBM US,1999-11,1999,11,32200.000000000004
IBM US,1999-12,1999,12,32200.000000000004
IBM US,2000-01,2000,1,32200.000000000004
IBM US,2000-02,2000,2,32200.000000000004
IBM US,2000-03,2000,3,32200.000000000004
IBM US,2000-04,2000,4,32200.000000000004
IBM US,2000-05,2000,5,32200.000000000004
IBM US,2000-06,2000,6,32200.000000000004
IBM US,2000-07,2000,7,32200.000000000004
IBM US,2000-08,2000,8,32200.000000000004
IBM US,2000-09,2000,9,32200.000000000004
IBM US,2000-10,2000,10,32200.000000000004
IBM US,2000-11,2000,11,32200.000000000004
IBM US,2000-12,2000,12,32200.000000000004
IBM US,2001-01,2001,1,32200.000000000004
IBM US,2001-02,2001,2,32200.000000000004
IBM US,2001-03,2001,3,32200.000000000004
IBM US,2001-04,2001,4,32200.000000000004
IBM US,2001-05,2001,5,32200.000000000004
IBM US,2001-06,2001,6,32200.000000000004
IBM US,2001-07,2001,7,32200.000000000004
IBM US,2001-08,2001,8,32200.000000000004
IBM US,2001-09,2001,9,32200.000000000004
IBM US,2001-10,2001,10,32200.000000000004
IBM US,2001-11,2001,11,32200.000000000004
IBM US,2001-12,2001,12,32200.000000000004
IBM US,2002-01,2002,1,32200.000000000004
IBM US,2002-02,2002,2,32200.000000000004
IBM US,2002-03,2002,3,32200.000000000004
IBM US,2002-04,2002,4,32200.000000000004
IBM US,2002-05,2002,5,32200.000000000004
IBM US,2002-06,2002,6,32200.000000000004
IBM US,2002-07,2002,7,32200.000000000004
IBM US,2002-08,2002,8,32200.000000000004
IBM US,2002-09,2002,9,32200.000000000004
IBM US,2002-10,2002,10,32200.000000000004
IBM US,2002-11,2002,11,32200.000000000004
IBM US,2002-12,2002,12,32200.000000000004
IBM US,2003-01,2003,1,32200.000000000004
IBM US,2003-02,2003,2,32200.000000000004
IBM US,2003-03,2003,3,32200.000000000004
IBM US,2003-04,2003,4,32200.000000000004
IBM US,2003-05,2003,5,32200.000000000004
IBM US,2003-06,2003,6,32200.000000000004
IBM US,2003-07,2003,7,32200.000000000004
IBM US,2003-08,2003,8,32200.000000000004
IBM US,2003-09,2003,9,32200.000000000004
IBM US,2003-10,2003,10,32200.000000000004
IBM US,2003-11,2003,11,32200.000000000004
IBM US,2003-12,2003,12,32200.000000000004
IBM US,2004-01,2004,1,32200.000000000004
IBM US,2004-02,2004,2,32200.000000000004
IBM US,2004-03,2004,3,32200.000000000004
IBM US,2004-04,2004,4,32200.000000000004
IBM US,2004-05,2004,5,32200.000000000004
IBM US,2004-06,2004,6,32200.000000000004
IBM US,2004-07,2004,7,32200.000000000004
IBM US,2004-08,2004,8,32200.000000000004
IBM US,2004-09,2004,9,32200.000000000004
IBM US,2004-10,2004,10,32200.000000000004
IBM US,2004-11,2004,11,32200.000000000004
IBM US,2004-12,2004,12,32200.000000000004
IBM US,2005-01,2005,1,32200.000000000004
IBM US,2005-02,2005,2,32200.000000000004
IBM US,2005-03,2005,3,32200.000000000004
IBM US,2005-04,2005,4,32200.000000000004
IBM US,2005-05,2005,5,32200.000000000004
IBM US,2005-06,2005,6,32200.000000000004
IBM US,2005-07,2005,7,32200.000000000004
IBM US,2005-08,2005,8,32200.000000000004
IBM US,2005-09,2005,9,32200.000000000004
IBM US,2005-10,2005,10,32200.000000000004
IBM US,2005-11,2005,11,32200.000000000004
IBM US,2005-12,2005,12,32200.000000000004
IBM US,2006-01,2006,1,32200.000000000004
IBM US,2006-02,2006,2,32200.000000000004
IBM US,2006-03,2006,3,32200.000000000004
IBM US,2006-04,2006,4,32200.000000000004
IBM US,2006-05,2006,5,32200.000000000004
IBM US,2006-06,2006,6,32200.000000000004
IBM US,2006-07,2006,7,32200.000000000004
IBM US,2006-08,2006,8,32200.000000000004
IBM US,2006-09,2006,9,32200.000000000004
IBM US,2006-10,2006,10,32200.000000000004
IBM US,2006-11,2006,11,32200.000000000004
IBM US,2006-12,2006,12,32200.000000000004
IBM US,2007-01,2007,1,32200.000000000004
IBM US,2007-02,2007,2,32200.000000000004
IBM US,2007-03,2007,3,32200.000000000004
IBM US,2007-04,2007,4,32200.000000000004
IBM US,2007-05,2007,5,32200.000000000004
IBM US,2007-06,2007,6,32200.000000000004
IBM US,2007-07,2007,7,32200.000000000004
IBM US,2007-08,2007,8,32200.000000000004
IBM US,2007-09,2007,9,32200.000000000004
IBM US,2007-10,2007,10,32200.000000000004
IBM US,2007-11,2007,11,32200.000000000004
IBM US,2007-12,2007,12,32200.000000000004
IBM US,2008-01,2008,1,32200.000000000004
IBM US,2008-02,2008,2,32200.000000000004
IBM US,2008-03,2008,3,32200.000000000004
IBM US,2008-04,2008,4,32200.000000000004
IBM US,2008-05,2008,5,32200.000000000004
IBM US,2008-06,2008,6,32200.000000000004
IBM US,2008-07,2008,7,32200.000000000004
IBM US,2008-08,2008,8,32200.000000000004
IBM US,2008-09,2008,9,32200.000000000004
IBM US,2008-10,2008,10,32200.000000000004
IBM US,2008-11,2008,11,32200.000000000004
IBM US,2008-12,2008,12,32200.000000000004
IBM US,2009-01,2009,1,32200.000000000004
IBM US,2009-02,2009,2,32200.000000000004
IBM US,2009-03,2009,3,32200.000000000004
IBM US,2009-04,2009,4,32200.000000000004
IBM US,2009-05,2009,5,32200.000000000004
IBM US,2009-06,2009,6,32200.000000000004
IBM US,2009-07,2009,7,32200.000000000004
IBM US,2009-08,2009,8,32200.000000000004
IBM US,2009-09,2009,9,32200.000000000004
IBM US,2009-10,2009,10,32200.000000000004
IBM US,2009-11,2009,11,32200.000000000004
IBM US,2009-12,2009,12,32200.000000000004
IBM US,2010-01,2010,1,32200.000000000004
IBM US,2010-02,2010,2,32200.000000000004
IBM US,2010-03,2010,3,32200.000000000004
IBM US,2010-04,2010,4,32200.000000000004
IBM US,2010-05,2010,5,32200.000000000004
IBM US,2010-06,2010,6,32200.000000000004
IBM US,2010-07,2010,7,32200.000000000004
IBM US,2010-08,2010,8,32200.000000000004
IBM US,2010-09,2010,9,32200.000000000004
IBM US,2010-10,2010,10,32200.000000000004
IBM US,2010-11,2010,11,32200.000000000004
IBM US,2010-12,2010,12,32200.000000000004
IBM US,2011-01,2011,1,32200.000000000004
IBM US,2011-02,2011,2,32200.000000000004
IBM US,2011-03,2011,3,32200.000000000004
IBM US,2011-04,2011,4,32200.000000000004
IBM US,2011-05,2011,5,32200.000000000004
IBM US,2011-06,2011,6,32200.000000000004
IBM US,2011-07,2011,7,32200.000000000004
IBM US,2011-08,2011,8,32200.000000000004
IBM US,2011-09,2011,9,32200.000000000004
IBM US,2011-10,2011,10,32200.000000000004
IBM US,2011-11,2011,11,32200.000000000004
IBM US,2011-12,2011,12,32200.000000000004
IBM US,2012-01,2012,1,32200.000000000004
IBM US,2012-02,2012,2,32200.000000000004
IBM US,2012-03,2012,3,32200.000000000004
IBM US,2012-04,2012,4,32200.000000000004
IBM US,2012-05,2012,5,32200.000000000004
IBM US,2012-06,2012,6,32200.000000000004
IBM US,2012-07,2012,7,32200.000000000004
IBM US,2012-08,2012,8,32200.000000000004
IBM US,2012-09,2012,9,32200.000000000004
IBM US,2012-10,2012,10,32200.000000000004
IBM US,2012-11,2012,11,32200.000000000004
IBM US,2012-12,2012,12,32200.000000000004
IBM US,2013-01,2013,1,32200.000000000004
IBM US,2013-02,2013,2,32200.000000000004
IBM US,2013-03,2013,3,32200.000000000004
IBM US,2013-04,2013,4,32200.000000000004
IBM US,2013-05,2013,5,32200.000000000004
IBM US,2013-06,2013,6,32200.000000000004
IBM US,2013-07,2013,7,32200.000000000004
IBM US,2013-08,2013,8,32200.000000000004
IBM US,2013-09,2013,9,32200.000000000004
IBM US,2013-10,2013,10,32200.000000000004
IBM US,2013-11,2013,11,32200.000000000004
IBM US,2013-12,2013,12,32200.000000000004
IBM US,2014-01,2014,1,32200.000000000004
IBM US,2014-02,2014,2,32200.000000000004
IBM US,2014-03,2014,3,32200.000000000004
IBM US,2014-04,2014,4,32200.000000000004
IBM US,2014-05,2014,5,32200.000000000004
IBM US,2014-06,2014,6,32200.000000000004
IBM US,2014-07,2014,7,32200.000000000004
IBM US,2014-08,2014,8,32200.000000000004
IBM US,2014-09,2014,9,32200.000000000004
IBM US,2014-10,2014,10,32200.000000000004
IBM US,2014-11,2014,11,32200.000000000004
IBM US,2014-12,2014,12,32200.000000000004
IBM US,2015-01,2015,1,32200.000000000004
IBM US,2015-02,2015,2,32200.000000000004
IBM US,2015-03,2015,3,32200.000000000004
IBM US,2015-04,2015,4,32200.000000000004
IBM US,2015-05,2015,5,32200.000000000004
IBM US,2015-06,2015,6,32200.000000000004
IBM US,2015-07,2015,7,32200.000000000004
IBM US,2015-08,2015,8,32200.000000000004
IBM US,2015-09,2015,9,32200.000000000004
IBM US,2015-10,2015,10,32200.000000000004
IBM US,2015-11,2015,11,32200.000000000004
IBM US,2015-12,2015,12,32200.000000000004
IBM US,2016-01,2016,1,32200.000000000004
IBM US,2016-02,2016,2,32200.000000000004
IBM US,2016-03,2016,3,32200.000000000004
IBM US,2016-04,2016,4,32200.000000000004
IBM US,2016-05,2016,5,32200.000000000004
IBM US,2016-06,2016,6,32200.000000000004
IBM US,2016-07,2016,7,32200.000000000004
IBM US,2016-08,2016,8,32200.000000000004
IBM US,2016-09,2016,9,32200.000000000004
IBM US,2016-10,2016,10,32200.000000000004
IBM US,2016-11,2016,11,32200.000000000004
IBM US,2016-12,2016,12,32200.000000000004
IBM US,2017-01,2017,1,32200.000000000004
IBM US,2017-02,2017,2,32200.000000000004
IBM US,2017-03,2017,3,32200.000000000004
IBM US,2017-04,2017,4,32200.000000000004
IBM US,2017-05,2017,5,32200.000000000004
IBM US,2017-06,2017,6,32200.000000000004
IBM US,2017-07,2017,7,32200.000000000004
IBM US,2017-08,2017,8,32200.000000000004
IBM US,2017-09,2017,9,32200.000000000004
IBM US,2017-10,2017,10,32200.000000000004
IBM US,2017-11,2017,11,32200.000000000004
IBM US,2017-12,2017,12,32200.000000000004
IBM US,2018-01,2018,1,32200.000000000004
IBM US,2018-02,2018,2,32200.000000000004
IBM US,2018-03,2018,3,32200.000000000004
IBM US,2018-04,2018,4,32200.000000000004
IBM US,2018-05,2018,5,32200.000000000004
IBM US,2018-06,2018,6,32200.000000000004
IBM US,2018-07,2018,7,32200.000000000004
IBM US,2018-08,2018,8,32200.000000000004
IBM US,2018-09,2018,9,32200.000000000004
IBM US,2018-10,2018,10,32200.000000000004
IBM US,2018-11,2018,11,32200.000000000004
IBM US,2018-12,2018,12,32200.000000000004
IBM US,2019-01,2019,1,32200.000000000004
IBM US,2019-02,2019,2,32200.000000000004
IBM US,2019-03,2019,3,32200.000000000004
IBM US,2019-04,2019,4,32200.000000000004
IBM US,2019-05,2019,5,32200.000000000004
IBM US,2019-06,2019,6,32200.000000000004
IBM US,2019-07,2019,7,32200.000000000004
IBM US,2019-08,2019,8,32200.000000000004
IBM US,2019-09,2019,9,32200.000000000004
IBM US,2019-10,2019,10,32200.000000000004
IBM US,2019-11,2019,11,32200.000000000004
IBM US,2019-12,2019,12,32200.000000000004
IBM US,2020-01,2020,1,32200.000000000004
IBM US,2020-02,2020,2,32200.000000000004
IBM US,2020-03,2020,3,32200.000000000004
IBM US,2020-04,2020,4,32200.000000000004
IBM US,2020-05,2020,5,32200.000000000004
IBM US,2020-06,2020,6,32200.000000000004
IBM US,2020-07,2020,7,32200.000000000004
IBM US,2020-08,2020,8,32200.000000000004
IBM US,2020-09,2020,9,32200.000000000004
IBM US,2020-10,2020,10,32200.000000000004
IBM US,2020-11,2020,11,32200.000000000004
IBM US,2020-12,2020,12,32200.000000000004
IBM US,2021-01,2021,1,32200.000000000004
IBM US,2021-02,2021,2,32200.000000000004
IBM US,2021-03,2021,3,32200.000000000004
IBM US,2021-04,2021,4,32200.000000000004
IBM US,2021-05,2021,5,32200.000000000004
IBM US,2021-06,2021,6,32200.000000000004
IBM US,2021-07,2021,7,32200.000000000004
IBM US,2021-08,2021,8,32200.000000000004
IBM US,2021-09,2021,9,32200.000000000004
IBM US,2021-10,2021,10,32200.000000000004
IBM US,2021-11,2021,11,32200.000000000004
IBM US,2021-12,2021,12,32200.000000000004
IBM US,2022-01,2022,1,32200.000000000004
IBM US,2022-02,2022,2,32200.000000000004
IBM US,2022-03,2022,3,32200.000000000004
IBM US,2022-04,2022,4,32200.000000000004
IBM US,2022-05,2022,5,32200.000000000004
IBM US,2022-06,2022,6,32200.000000000004
IBM US,2022-07,2022,7,32200.000000000004
IBM US,2022-08,2022,8,32200.000000000004
IBM US,2022-09,2022,9,32200.000000000004
IBM US,2022-10,2022,10,32200.000000000004
IBM US,2022-11,2022,11,32200.000000000004
IBM US,2022-12,2022,12,32200.000000000004
IBM US,2023-01,2023,1,32200.000000000004
IBM US,2023-02,2023,2,32200.000000000004
IBM US,2023-03,2023,3,32200.000000000004
IBM US,2023-04,2023,4,32200.000000000004
IBM US,2023-05,2023,5,32200.000000000004
IBM US,2023-06,2023,6,32200.000000000004
IBM US,2023-07,2023,7,32200.000000000004
IBM US,2023-08,2023,8,32200.000000000004
IBM US,2023-09,2023,9,32200.000000000004
IBM US,2023-10,2023,10,32200.000000000004
IBM US,2023-11,2023,11,32200.000000000004
IBM US,2023-12,2023,12,32200.000000000004
IBM US,2024-01,2024,1,32200.000000000004
IBM US,2024-02,2024,2,32200.000000000004
IBM US,2024-03,2024,3,32200.000000000004
IBM US,2024-04,2024,4,32200.000000000004
IBM US,2024-05,2024,5,32200.000000000004
IBM US,2024-06,2024,6,32200.000000000004
IBM US,2024-07,2024,7,32200.000000000004
IBM US,2024-08,2024,8,32200.000000000004
IBM US,2024-09,2024,9,32200.000000000004
IBM US,2024-10,2024,10,32200.000000000004
IDEV US,2022-04,2022,4,117400.0
IDEV US,2022-05,2022,5,117400.0
IDEV US,2022-06,2022,6,117400.0
IDEV US,2022-07,2022,7,117400.0
IDEV US,2022-08,2022,8,117400.0
IDEV US,2022-09,2022,9,117400.0
IDEV US,2022-10,2022,10,117400.0
IDEV US,2022-11,2022,11,117400.0
IDEV US,2022-12,2022,12,117400.0
IDEV US,2023-01,2023,1,117400.0
IDEV US,2023-02,2023,2,117400.0
IDEV US,2023-03,2023,3,117400.0
IDEV US,2023-04,2023,4,117400.0
IDEV US,2023-05,2023,5,117400.0
IDEV US,2023-06,2023,6,117400.0
IDEV US,2023-07,2023,7,117400.0
IDEV US,2023-08,2023,8,117400.0
IDEV US,2023-09,2023,9,117400.0
IDEV US,2023-10,2023,10,117400.0
IDEV US,2023-11,2023,11,117400.0
IDEV US,2023-12,2023,12,117400.0
IEFA US,2017-07,2017,7,342800.0
IEFA US,2017-08,2017,8,342800.0
IEFA US,2017-09,2017,9,342800.0
IEFA US,2017-10,2017,10,342800.0
IEFA US,2017-11,2017,11,342800.0
IEFA US,2017-12,2017,12,342800.0
IEFA US,2018-01,2018,1,342800.0
IEFA US,2018-02,2018,2,342800.0
IEFA US,2018-03,2018,3,342800.0
IEFA US,2018-04,2018,4,342800.0
IEFA US,2018-05,2018,5,342800.0
IEFA US,2018-06,2018,6,342800.0
IEFA US,2018-07,2018,7,342800.0
IEFA US,2018-08,2018,8,342800.0
IEFA US,2018-09,2018,9,342800.0
IEFA US,2018-10,2018,10,342800.0
IEFA US,2018-11,2018,11,342800.0
IEFA US,2018-12,2018,12,342800.0
IEFA US,2019-01,2019,1,342800.0
IEFA US,2019-02,2019,2,342800.0
IEFA US,2019-03,2019,3,342800.0
IEFA US,2019-04,2019,4,342800.0
IEFA US,2019-05,2019,5,342800.0
IEFA US,2019-06,2019,6,342800.0
IEFA US,2019-07,2019,7,342800.0
IEFA US,2019-08,2019,8,342800.0
IEFA US,2019-09,2019,9,342800.0
IEFA US,2019-10,2019,10,342800.0
IEFA US,2019-11,2019,11,342800.0
IEFA US,2019-12,2019,12,342800.0
IEFA US,2020-01,2020,1,342800.0
IEFA US,2020-02,2020,2,342800.0
IEFA US,2020-03,2020,3,342800.0
IEFA US,2020-04,2020,4,342800.0
IEFA US,2020-05,2020,5,342800.0
IEFA US,2020-06,2020,6,342800.0
IEFA US,2020-07,2020,7,342800.0
IEFA US,2020-08,2020,8,342800.0
IEFA US,2020-09,2020,9,342800.0
IEFA US,2020-10,2020,10,342800.0
IEFA US,2020-11,2020,11,342800.0
IEFA US,2020-12,2020,12,342800.0
IEFA US,2021-01,2021,1,342800.0
IEFA US,2021-02,2021,2,342800.0
IEFA US,2021-03,2021,3,342800.0
IEFA US,2021-04,2021,4,342800.0
IEFA US,2021-05,2021,5,342800.0
IEFA US,2021-06,2021,6,342800.0
IEFA US,2021-07,2021,7,342800.0
IEFA US,2021-08,2021,8,342800.0
IEFA US,2021-09,2021,9,342800.0
IEFA US,2021-10,2021,10,342800.0
IEFA US,2021-11,2021,11,342800.0
IEFA US,2021-12,2021,12,342800.0
IEFA US,2022-01,2022,1,342800.0
IEFA US,2022-02,2022,2,342800.0
IEFA US,2022-03,2022,3,342800.0
IEFA US,2022-04,2022,4,342800.0
IEFA US,2022-05,2022,5,342800.0
IEFA US,2022-06,2022,6,342800.0
IEFA US,2022-07,2022,7,342800.0
IEFA US,2022-08,2022,8,342800.0
IEFA US,2022-09,2022,9,342800.0
IEFA US,2022-10,2022,10,342800.0
IEFA US,2022-11,2022,11,342800.0
IEFA US,2022-12,2022,12,342800.0
IEFA US,2023-01,2023,1,342800.0
IEFA US,2023-02,2023,2,342800.0
IEFA US,2023-03,2023,3,342800.0
IEFA US,2023-04,2023,4,342800.0
IEFA US,2023-05,2023,5,342800.0
IEFA US,2023-06,2023,6,342800.0
IEFA US,2023-07,2023,7,342800.0
IEFA US,2023-08,2023,8,342800.0
IEFA US,2023-09,2023,9,342800.0
IEFA US,2023-10,2023,10,342800.0
IEFA US,2023-11,2023,11,342800.0
IEFA US,2023-12,2023,12,342800.0
IEFA US,2024-01,2024,1,342800.0
IEFA US,2024-02,2024,2,342800.0
IEFA US,2024-03,2024,3,342800.0
IEFA US,2024-04,2024,4,342800.0
IEFA US,2024-05,2024,5,342800.0
IEFA US,2024-06,2024,6,342800.0
IEFA US,2024-07,2024,7,342800.0
IEFA US,2024-08,2024,8,342800.0
IEFA US,2024-09,2024,9,342800.0
IEFA US,2024-10,2024,10,342800.0
IEMG US,2019-07,2019,7,137400.0
IEMG US,2019-08,2019,8,137400.0
IEMG US,2019-09,2019,9,137400.0
IEMG US,2019-10,2019,10,137400.0
IEMG US,2019-11,2019,11,137400.0
IEMG US,2019-12,2019,12,137400.0
IEMG US,2020-01,2020,1,137400.0
IEMG US,2020-02,2020,2,137400.0
IEMG US,2020-03,2020,3,137400.0
IEMG US,2020-04,2020,4,137400.0
IEMG US,2020-05,2020,5,137400.0
IEMG US,2020-06,2020,6,137400.0
IEMG US,2020-07,2020,7,137400.0
IEMG US,2020-08,2020,8,137400.0
IEMG US,2020-09,2020,9,137400.0
IEMG US,2020-10,2020,10,137400.0
IEMG US,2020-11,2020,11,137400.0
IEMG US,2020-12,2020,12,137400.0
IEMG US,2021-01,2021,1,137400.0
IEMG US,2021-02,2021,2,137400.0
IEMG US,2021-03,2021,3,137400.0
IEMG US,2021-04,2021,4,137400.0
IEMG US,2021-05,2021,5,137400.0
IEMG US,2021-06,2021,6,137400.0
IEMG US,2021-07,2021,7,137400.0
IEMG US,2021-08,2021,8,137400.0
IEMG US,2021-09,2021,9,137400.0
IEMG US,2021-10,2021,10,137400.0
IEMG US,2021-11,2021,11,137400.0
IEMG US,2021-12,2021,12,137400.0
IEMG US,2022-01,2022,1,137400.0
IEMG US,2022-02,2022,2,137400.0
IEMG US,2022-03,2022,3,137400.0
IEMG US,2022-04,2022,4,137400.0
IEMG US,2022-05,2022,5,137400.0
IEMG US,2022-06,2022,6,137400.0
IEMG US,2022-07,2022,7,137400.0
IEMG US,2022-08,2022,8,137400.0
IEMG US,2022-09,2022,9,137400.0
IEMG US,2022-10,2022,10,137400.0
IEMG US,2022-11,2022,11,137400.0
IEMG US,2022-12,2022,12,137400.0
IEMG US,2023-01,2023,1,137400.0
IEMG US,2023-02,2023,2,137400.0
IEMG US,2023-03,2023,3,137400.0
IEMG US,2023-04,2023,4,137400.0
IEMG US,2023-05,2023,5,137400.0
IEMG US,2023-06,2023,6,137400.0
IEMG US,2023-07,2023,7,137400.0
IEMG US,2023-08,2023,8,137400.0
IEMG US,2023-09,2023,9,137400.0
IEMG US,2023-10,2023,10,137400.0
IEMG US,2023-11,2023,11,137400.0
IEMG US,2023-12,2023,12,137400.0
IEMG US,2024-01,2024,1,137400.0
IEMG US,2024-02,2024,2,137400.0
IEMG US,2024-03,2024,3,137400.0
IEMG US,2024-04,2024,4,137400.0
IEMG US,2024-05,2024,5,137400.0
IEMG US,2024-06,2024,6,137400.0
IEMG US,2024-07,2024,7,137400.0
IEMG US,2024-08,2024,8,137400.0
IEMG US,2024-09,2024,9,137400.0
IEMG US,2024-10,2024,10,137400.0
IVV US,2001-04,2001,4,0.0
IVV US,2001-05,2001,5,0.0
IVV US,2001-06,2001,6,0.0
IVV US,2001-07,2001,7,0.0
IVV US,2001-08,2001,8,0.0
IVV US,2001-09,2001,9,0.0
IVV US,2001-10,2001,10,0.0
IVV US,2001-11,2001,11,0.0
IVV US,2001-12,2001,12,0.0
IVV US,2002-01,2002,1,0.0
IVV US,2002-02,2002,2,0.0
IVV US,2002-03,2002,3,0.0
IVV US,2002-04,2002,4,0.0
IVV US,2002-05,2002,5,0.0
IVV US,2002-06,2002,6,0.0
IVV US,2002-07,2002,7,9520.0
IVV US,2002-08,2002,8,9520.0
IVV US,2002-09,2002,9,9520.0
IVV US,2002-10,2002,10,0.0
IVV US,2002-11,2002,11,0.0
IVV US,2002-12,2002,12,0.0
IVV US,2003-01,2003,1,21430.0
IVV US,2003-02,2003,2,21430.0
IVV US,2003-03,2003,3,21430.0
IVV US,2003-04,2003,4,9520.0
IVV US,2003-05,2003,5,9520.0
IVV US,2003-06,2003,6,9520.0
IVV US,2003-07,2003,7,9520.0
IVV US,2003-08,2003,8,9520.0
IVV US,2003-09,2003,9,9520.0
IVV US,2003-10,2003,10,9520.0
IVV US,2003-11,2003,11,9520.0
IVV US,2003-12,2003,12,9520.0
IVV US,2004-01,2004,1,11900.0
IVV US,2004-02,2004,2,11900.0
IVV US,2004-03,2004,3,11900.0
IVV US,2004-04,2004,4,11900.0
IVV US,2004-05,2004,5,11900.0
IVV US,2004-06,2004,6,11900.0
IVV US,2004-07,2004,7,14290.0
IVV US,2004-08,2004,8,14290.0
IVV US,2004-09,2004,9,14290.0
IVV US,2004-10,2004,10,16670.0
IVV US,2004-11,2004,11,16670.0
IVV US,2004-12,2004,12,16670.0
IVV US,2005-01,2005,1,16670.0
IVV US,2005-02,2005,2,16670.0
IVV US,2005-03,2005,3,16670.0
IVV US,2005-04,2005,4,30950.0
IVV US,2005-05,2005,5,30950.0
IVV US,2005-06,2005,6,30950.0
IVV US,2005-07,2005,7,28570.0
IVV US,2005-08,2005,8,28570.0
IVV US,2005-09,2005,9,28570.0
IVV US,2005-10,2005,10,54760.0
IVV US,2005-11,2005,11,54760.0
IVV US,2005-12,2005,12,54760.0
IVV US,2006-01,2006,1,59520.0
IVV US,2006-02,2006,2,59520.0
IVV US,2006-03,2006,3,59520.0
IVV US,2006-04,2006,4,54760.0
IVV US,2006-05,2006,5,54760.0
IVV US,2006-06,2006,6,54760.0
IVV US,2006-07,2006,7,54760.0
IVV US,2006-08,2006,8,54760.0
IVV US,2006-09,2006,9,54760.0
IVV US,2006-10,2006,10,52380.0
IVV US,2006-11,2006,11,52380.0
IVV US,2006-12,2006,12,52380.0
IVV US,2007-01,2007,1,45240.0
IVV US,2007-02,2007,2,45240.0
IVV US,2007-03,2007,3,45240.0
IVV US,2007-04,2007,4,42860.0
IVV US,2007-05,2007,5,42860.0
IVV US,2007-06,2007,6,42860.0
IVV US,2007-07,2007,7,42860.0
IVV US,2007-08,2007,8,42860.0
IVV US,2007-09,2007,9,42860.0
IVV US,2007-10,2007,10,47620.0
IVV US,2007-11,2007,11,47620.0
IVV US,2007-12,2007,12,47620.0
IVV US,2008-01,2008,1,69050.0
IVV US,2008-02,2008,2,69050.0
IVV US,2008-03,2008,3,69050.0
IVV US,2008-04,2008,4,66670.0
IVV US,2008-05,2008,5,66670.0
IVV US,2008-06,2008,6,66670.0
IVV US,2008-07,2008,7,107140.0
IVV US,2008-08,2008,8,107140.0
IVV US,2008-09,2008,9,107140.0
IVV US,2008-10,2008,10,138100.0
IVV US,2008-11,2008,11,138100.0
IVV US,2008-12,2008,12,138100.0
IVV US,2009-01,2009,1,59520.0
IVV US,2009-02,2009,2,59520.0
IVV US,2009-03,2009,3,59520.0
IVV US,2009-04,2009,4,59520.0
IVV US,2009-05,2009,5,59520.0
IVV US,2009-06,2009,6,59520.0
IVV US,2009-07,2009,7,200000.0
IVV US,2009-08,2009,8,200000.0
IVV US,2009-09,2009,9,200000.0
IVV US,2009-10,2009,10,97620.0
IVV US,2009-11,2009,11,97620.0
IVV US,2009-12,2009,12,97620.0
IVV US,2010-01,2010,1,200000.0
IVV US,2010-02,2010,2,200000.0
IVV US,2010-03,2010,3,200000.0
IVV US,2010-04,2010,4,254760.0
IVV US,2010-05,2010,5,254760.0
IVV US,2010-06,2010,6,254760.0
IVV US,2010-07,2010,7,145240.0
IVV US,2010-08,2010,8,145240.0
IVV US,2010-09,2010,9,145240.0
IVV US,2010-10,2010,10,150000.0
IVV US,2010-11,2010,11,150000.0
IVV US,2010-12,2010,12,150000.0
IVV US,2011-01,2011,1,200000.0
IVV US,2011-02,2011,2,200000.0
IVV US,2011-03,2011,3,200000.0
IVV US,2011-04,2011,4,109520.0
IVV US,2011-05,2011,5,109520.0
IVV US,2011-06,2011,6,109520.0
IVV US,2011-07,2011,7,100000.0
IVV US,2011-08,2011,8,100000.0
IVV US,2011-09,2011,9,100000.0
IVV US,2011-10,2011,10,80950.0
IVV US,2011-11,2011,11,80950.0
IVV US,2011-12,2011,12,80950.0
IVV US,2012-01,2012,1,11900.0
IVV US,2012-02,2012,2,11900.0
IVV US,2012-03,2012,3,11900.0
IVV US,2012-04,2012,4,11900.0
IVV US,2012-05,2012,5,11900.0
IVV US,2012-06,2012,6,11900.0
IVV US,2012-07,2012,7,11900.0
IVV US,2012-08,2012,8,11900.0
IVV US,2012-09,2012,9,11900.0
IVV US,2012-10,2012,10,11900.0
IVV US,2012-11,2012,11,11900.0
IVV US,2012-12,2012,12,11900.0
IVV US,2013-01,2013,1,4760.0
IVV US,2013-02,2013,2,4760.0
IVV US,2013-03,2013,3,4760.0
IVV US,2013-04,2013,4,2380.0
IVV US,2013-05,2013,5,2380.0
IVV US,2013-06,2013,6,2380.0
IVV US,2013-07,2013,7,0.0
IVV US,2013-08,2013,8,0.0
IVV US,2013-09,2013,9,0.0
IVV US,2013-10,2013,10,2380.0
IVV US,2013-11,2013,11,2380.0
IVV US,2013-12,2013,12,2380.0
IVV US,2014-01,2014,1,0.0
IVV US,2014-02,2014,2,0.0
IVV US,2014-03,2014,3,0.0
IVV US,2014-04,2014,4,2380.0
IVV US,2014-05,2014,5,2380.0
IVV US,2014-06,2014,6,2380.0
IVV US,2014-07,2014,7,2380.0
IVV US,2014-08,2014,8,2380.0
IVV US,2014-09,2014,9,2380.0
IVV US,2014-10,2014,10,2380.0
IVV US,2014-11,2014,11,2380.0
IVV US,2014-12,2014,12,2380.0
IVV US,2015-01,2015,1,0.0
IVV US,2015-02,2015,2,0.0
IVV US,2015-03,2015,3,0.0
IVV US,2015-04,2015,4,0.0
IVV US,2015-05,2015,5,0.0
IVV US,2015-06,2015,6,0.0
IVV US,2015-07,2015,7,0.0
IVV US,2015-08,2015,8,0.0
IVV US,2015-09,2015,9,0.0
IVV US,2015-10,2015,10,0.0
IVV US,2015-11,2015,11,0.0
IVV US,2015-12,2015,12,0.0
IVV US,2016-01,2016,1,4760.0
IVV US,2016-02,2016,2,4760.0
IVV US,2016-03,2016,3,4760.0
IVV US,2016-04,2016,4,7140.0
IVV US,2016-05,2016,5,7140.0
IVV US,2016-06,2016,6,7140.0
IVV US,2016-07,2016,7,2380.0
IVV US,2016-08,2016,8,2380.0
IVV US,2016-09,2016,9,2380.0
IVV US,2016-10,2016,10,0.0
IVV US,2016-11,2016,11,0.0
IVV US,2016-12,2016,12,0.0
IVV US,2017-01,2017,1,4760.0
IVV US,2017-02,2017,2,4760.0
IVV US,2017-03,2017,3,4760.0
IVV US,2017-04,2017,4,0.0
IVV US,2017-05,2017,5,0.0
IVV US,2017-06,2017,6,0.0
IVV US,2017-07,2017,7,638100.0
IVV US,2017-08,2017,8,638100.0
IVV US,2017-09,2017,9,638100.0
IVV US,2017-10,2017,10,0.0
IVV US,2017-11,2017,11,0.0
IVV US,2017-12,2017,12,0.0
IVV US,2018-01,2018,1,0.0
IVV US,2018-02,2018,2,0.0
IVV US,2018-03,2018,3,0.0
IVV US,2018-04,2018,4,0.0
IVV US,2018-05,2018,5,0.0
IVV US,2018-06,2018,6,0.0
IVV US,2018-07,2018,7,0.0
IVV US,2018-08,2018,8,0.0
IVV US,2018-09,2018,9,0.0
IVV US,2018-10,2018,10,0.0
IVV US,2018-11,2018,11,0.0
IVV US,2018-12,2018,12,0.0
IVV US,2019-01,2019,1,0.0
IVV US,2019-02,2019,2,0.0
IVV US,2019-03,2019,3,0.0
IVV US,2019-04,2019,4,9520.0
IVV US,2019-05,2019,5,9520.0
IVV US,2019-06,2019,6,9520.0
IVV US,2019-07,2019,7,7140.0
IVV US,2019-08,2019,8,7140.0
IVV US,2019-09,2019,9,7140.0
IVV US,2019-10,2019,10,7140.0
IVV US,2019-11,2019,11,7140.0
IVV US,2019-12,2019,12,7140.0
IVV US,2020-01,2020,1,47620.0
IVV US,2020-02,2020,2,47620.0
IVV US,2020-03,2020,3,47620.0
IVV US,2020-04,2020,4,57140.0
IVV US,2020-05,2020,5,57140.0
IVV US,2020-06,2020,6,57140.0
IVV US,2020-07,2020,7,59520.0
IVV US,2020-08,2020,8,59520.0
IVV US,2020-09,2020,9,59520.0
IVV US,2020-10,2020,10,61900.0
IVV US,2020-11,2020,11,61900.0
IVV US,2020-12,2020,12,61900.0
IVV US,2021-01,2021,1,61900.0
IVV US,2021-02,2021,2,61900.0
IVV US,2021-03,2021,3,61900.0
IVV US,2021-04,2021,4,61900.0
IVV US,2021-05,2021,5,61900.0
IVV US,2021-06,2021,6,61900.0
IVV US,2021-07,2021,7,64290.00000000001
IVV US,2021-08,2021,8,64290.00000000001
IVV US,2021-09,2021,9,64290.00000000001
IVV US,2021-10,2021,10,104760.0
IVV US,2021-11,2021,11,104760.0
IVV US,2021-12,2021,12,104760.0
IVV US,2022-01,2022,1,66670.0
IVV US,2022-02,2022,2,66670.0
IVV US,2022-03,2022,3,66670.0
IVV US,2022-04,2022,4,71430.0
IVV US,2022-05,2022,5,71430.0
IVV US,2022-06,2022,6,71430.0
IVV US,2022-07,2022,7,76190.0
IVV US,2022-08,2022,8,76190.0
IVV US,2022-09,2022,9,76190.0
IVV US,2022-10,2022,10,76190.0
IVV US,2022-11,2022,11,76190.0
IVV US,2022-12,2022,12,76190.0
IVV US,2023-01,2023,1,102380.0
IVV US,2023-02,2023,2,102380.0
IVV US,2023-03,2023,3,102380.0
IVV US,2023-04,2023,4,78570.0
IVV US,2023-05,2023,5,78570.0
IVV US,2023-06,2023,6,78570.0
IVV US,2023-07,2023,7,78570.0
IVV US,2023-08,2023,8,78570.0
IVV US,2023-09,2023,9,78570.0
IVV US,2023-10,2023,10,76190.0
IVV US,2023-11,2023,11,76190.0
IVV US,2023-12,2023,12,76190.0
IVV US,2024-01,2024,1,61900.0
IVV US,2024-02,2024,2,61900.0
IVV US,2024-03,2024,3,61900.0
IVV US,2024-04,2024,4,64290.00000000001
IVV US,2024-05,2024,5,64290.00000000001
IVV US,2024-06,2024,6,64290.00000000001
IVV US,2024-07,2024,7,23810.0
IVV US,2024-08,2024,8,23810.0
IVV US,2024-09,2024,9,23810.0
IVV US,2024-10,2024,10,23810.0
JEF US,2011-04,2011,4,433560.0
JEF US,2011-05,2011,5,433560.0
JEF US,2011-06,2011,6,433560.0
JEF US,2011-07,2011,7,433560.0
JEF US,2011-08,2011,8,433560.0
JEF US,2011-09,2011,9,433560.0
JEF US,2011-10,2011,10,433560.0
JEF US,2011-11,2011,11,433560.0
JEF US,2011-12,2011,12,433560.0
JEF US,2012-01,2012,1,433560.0
JEF US,2012-02,2012,2,433560.0
JEF US,2012-03,2012,3,433560.0
JEF US,2012-04,2012,4,433560.0
JEF US,2012-05,2012,5,433560.0
JEF US,2012-06,2012,6,433560.0
JEF US,2012-07,2012,7,433560.0
JEF US,2012-08,2012,8,433560.0
JEF US,2012-09,2012,9,433560.0
JEF US,2012-10,2012,10,433560.0
JEF US,2012-11,2012,11,433560.0
JEF US,2012-12,2012,12,433560.0
JEF US,2013-01,2013,1,433560.0
JEF US,2013-02,2013,2,433560.0
JEF US,2013-03,2013,3,433560.0
JEF US,2013-04,2013,4,433560.0
JEF US,2013-05,2013,5,433560.0
JEF US,2013-06,2013,6,433560.0
JEF US,2013-07,2013,7,433560.0
JEF US,2013-08,2013,8,433560.0
JEF US,2013-09,2013,9,433560.0
JEF US,2013-10,2013,10,433560.0
JEF US,2013-11,2013,11,433560.0
JEF US,2013-12,2013,12,433560.0
JEF US,2014-01,2014,1,433560.0
JEF US,2014-02,2014,2,433560.0
JEF US,2014-03,2014,3,433560.0
JEF US,2014-04,2014,4,433560.0
JEF US,2014-05,2014,5,433560.0
JEF US,2014-06,2014,6,433560.0
JEF US,2014-07,2014,7,433560.0
JEF US,2014-08,2014,8,433560.0
JEF US,2014-09,2014,9,433560.0
JEF US,2014-10,2014,10,433560.0
JEF US,2014-11,2014,11,433560.0
JEF US,2014-12,2014,12,433560.0
JEF US,2015-01,2015,1,433560.0
JEF US,2015-02,2015,2,433560.0
JEF US,2015-03,2015,3,433560.0
JEF US,2015-04,2015,4,433560.0
JEF US,2015-05,2015,5,433560.0
JEF US,2015-06,2015,6,433560.0
JEF US,2015-07,2015,7,433560.0
JEF US,2015-08,2015,8,433560.0
JEF US,2015-09,2015,9,433560.0
JEF US,2015-10,2015,10,433560.0
JEF US,2015-11,2015,11,433560.0
JEF US,2015-12,2015,12,433560.0
JEF US,2016-01,2016,1,433560.0
JEF US,2016-02,2016,2,433560.0
JEF US,2016-03,2016,3,433560.0
JEF US,2016-04,2016,4,433560.0
JEF US,2016-05,2016,5,433560.0
JEF US,2016-06,2016,6,433560.0
JEF US,2016-07,2016,7,433560.0
JEF US,2016-08,2016,8,433560.0
JEF US,2016-09,2016,9,433560.0
JEF US,2016-10,2016,10,433560.0
JEF US,2016-11,2016,11,433560.0
JEF US,2016-12,2016,12,433560.0
JEF US,2017-01,2017,1,433560.0
JEF US,2017-02,2017,2,433560.0
JEF US,2017-03,2017,3,433560.0
JEF US,2017-04,2017,4,433560.0
JEF US,2017-05,2017,5,433560.0
JEF US,2017-06,2017,6,433560.0
JEF US,2017-07,2017,7,433560.0
JEF US,2017-08,2017,8,433560.0
JEF US,2017-09,2017,9,433560.0
JEF US,2017-10,2017,10,433560.0
JEF US,2017-11,2017,11,433560.0
JEF US,2017-12,2017,12,433560.0
JEF US,2018-01,2018,1,433560.0
JEF US,2018-02,2018,2,433560.0
JEF US,2018-03,2018,3,433560.0
JEF US,2018-04,2018,4,433560.0
JEF US,2018-05,2018,5,433560.0
JEF US,2018-06,2018,6,433560.0
JEF US,2018-07,2018,7,433560.0
JEF US,2018-08,2018,8,433560.0
JEF US,2018-09,2018,9,433560.0
JEF US,2018-10,2018,10,433560.0
JEF US,2018-11,2018,11,433560.0
JEF US,2018-12,2018,12,433560.0
JEF US,2019-01,2019,1,433560.0
JEF US,2019-02,2019,2,433560.0
JEF US,2019-03,2019,3,433560.0
JEF US,2019-04,2019,4,433560.0
JEF US,2019-05,2019,5,433560.0
JEF US,2019-06,2019,6,433560.0
JEF US,2019-07,2019,7,433560.0
JEF US,2019-08,2019,8,433560.0
JEF US,2019-09,2019,9,433560.0
JEF US,2019-10,2019,10,433560.0
JEF US,2019-11,2019,11,433560.0
JEF US,2019-12,2019,12,433560.0
JEF US,2020-01,2020,1,433560.0
JEF US,2020-02,2020,2,433560.0
JEF US,2020-03,2020,3,433560.0
JEF US,2020-04,2020,4,433560.0
JEF US,2020-05,2020,5,433560.0
JEF US,2020-06,2020,6,433560.0
JEF US,2020-07,2020,7,433560.0
JEF US,2020-08,2020,8,433560.0
JEF US,2020-09,2020,9,433560.0
JEF US,2020-10,2020,10,433560.0
JEF US,2020-11,2020,11,433560.0
JEF US,2020-12,2020,12,433560.0
JEF US,2021-01,2021,1,433560.0
JEF US,2021-02,2021,2,433560.0
JEF US,2021-03,2021,3,433560.0
JEF US,2021-04,2021,4,433560.0
JEF US,2021-05,2021,5,433560.0
JEF US,2021-06,2021,6,433560.0
JEF US,2021-07,2021,7,433560.0
JEF US,2021-08,2021,8,433560.0
JEF US,2021-09,2021,9,433560.0
JEF US,2021-10,2021,10,433560.0
JEF US,2021-11,2021,11,433560.0
JEF US,2021-12,2021,12,433560.0
JEF US,2022-01,2022,1,433560.0
JEF US,2022-02,2022,2,433560.0
JEF US,2022-03,2022,3,433560.0
JEF US,2022-04,2022,4,433560.0
JEF US,2022-05,2022,5,433560.0
JEF US,2022-06,2022,6,433560.0
JEF US,2022-07,2022,7,433560.0
JEF US,2022-08,2022,8,433560.0
JEF US,2022-09,2022,9,433560.0
JEF US,2022-10,2022,10,433560.0
JEF US,2022-11,2022,11,433560.0
JEF US,2022-12,2022,12,433560.0
JEF US,2023-01,2023,1,433560.0
JEF US,2023-02,2023,2,433560.0
JEF US,2023-03,2023,3,433560.0
JEF US,2023-04,2023,4,433560.0
JEF US,2023-05,2023,5,433560.0
JEF US,2023-06,2023,6,433560.0
JEF US,2023-07,2023,7,433560.0
JEF US,2023-08,2023,8,433560.0
JEF US,2023-09,2023,9,433560.0
JEF US,2023-10,2023,10,433560.0
JEF US,2023-11,2023,11,433560.0
JEF US,2023-12,2023,12,433560.0
JEF US,2024-01,2024,1,433560.0
JEF US,2024-02,2024,2,433560.0
JEF US,2024-03,2024,3,433560.0
JEF US,2024-04,2024,4,433560.0
JEF US,2024-05,2024,5,433560.0
JEF US,2024-06,2024,6,433560.0
JEF US,2024-07,2024,7,433560.0
JEF US,2024-08,2024,8,433560.0
JEF US,2024-09,2024,9,433560.0
JEF US,2024-10,2024,10,433560.0
JNJ US,1999-04,1999,4,51140.0
JNJ US,1999-05,1999,5,51140.0
JNJ US,1999-06,1999,6,51140.0
JNJ US,1999-07,1999,7,51140.0
JNJ US,1999-08,1999,8,51140.0
JNJ US,1999-09,1999,9,51140.0
JNJ US,1999-10,1999,10,51140.0
JNJ US,1999-11,1999,11,51140.0
JNJ US,1999-12,1999,12,51140.0
JNJ US,2000-01,2000,1,51140.0
JNJ US,2000-02,2000,2,51140.0
JNJ US,2000-03,2000,3,51140.0
JNJ US,2000-04,2000,4,51140.0
JNJ US,2000-05,2000,5,51140.0
JNJ US,2000-06,2000,6,51140.0
JNJ US,2000-07,2000,7,51140.0
JNJ US,2000-08,2000,8,51140.0
JNJ US,2000-09,2000,9,51140.0
JNJ US,2000-10,2000,10,51140.0
JNJ US,2000-11,2000,11,51140.0
JNJ US,2000-12,2000,12,51140.0
JNJ US,2001-01,2001,1,51140.0
JNJ US,2001-02,2001,2,51140.0
JNJ US,2001-03,2001,3,51140.0
JNJ US,2001-04,2001,4,51140.0
JNJ US,2001-05,2001,5,51140.0
JNJ US,2001-06,2001,6,51140.0
JNJ US,2001-07,2001,7,51140.0
JNJ US,2001-08,2001,8,51140.0
JNJ US,2001-09,2001,9,51140.0
JNJ US,2001-10,2001,10,51140.0
JNJ US,2001-11,2001,11,51140.0
JNJ US,2001-12,2001,12,51140.0
JNJ US,2002-01,2002,1,51140.0
JNJ US,2002-02,2002,2,51140.0
JNJ US,2002-03,2002,3,51140.0
JNJ US,2002-04,2002,4,51140.0
JNJ US,2002-05,2002,5,51140.0
JNJ US,2002-06,2002,6,51140.0
JNJ US,2002-07,2002,7,51140.0
JNJ US,2002-08,2002,8,51140.0
JNJ US,2002-09,2002,9,51140.0
JNJ US,2002-10,2002,10,51140.0
JNJ US,2002-11,2002,11,51140.0
JNJ US,2002-12,2002,12,51140.0
JNJ US,2003-01,2003,1,51140.0
JNJ US,2003-02,2003,2,51140.0
JNJ US,2003-03,2003,3,51140.0
JNJ US,2003-04,2003,4,51140.0
JNJ US,2003-05,2003,5,51140.0
JNJ US,2003-06,2003,6,51140.0
JNJ US,2003-07,2003,7,51140.0
JNJ US,2003-08,2003,8,51140.0
JNJ US,2003-09,2003,9,51140.0
JNJ US,2003-10,2003,10,51140.0
JNJ US,2003-11,2003,11,51140.0
JNJ US,2003-12,2003,12,51140.0
JNJ US,2004-01,2004,1,51140.0
JNJ US,2004-02,2004,2,51140.0
JNJ US,2004-03,2004,3,51140.0
JNJ US,2004-04,2004,4,51140.0
JNJ US,2004-05,2004,5,51140.0
JNJ US,2004-06,2004,6,51140.0
JNJ US,2004-07,2004,7,51140.0
JNJ US,2004-08,2004,8,51140.0
JNJ US,2004-09,2004,9,51140.0
JNJ US,2004-10,2004,10,51140.0
JNJ US,2004-11,2004,11,51140.0
JNJ US,2004-12,2004,12,51140.0
JNJ US,2005-01,2005,1,51140.0
JNJ US,2005-02,2005,2,51140.0
JNJ US,2005-03,2005,3,51140.0
JNJ US,2005-04,2005,4,51140.0
JNJ US,2005-05,2005,5,51140.0
JNJ US,2005-06,2005,6,51140.0
JNJ US,2005-07,2005,7,51140.0
JNJ US,2005-08,2005,8,51140.0
JNJ US,2005-09,2005,9,51140.0
JNJ US,2005-10,2005,10,51140.0
JNJ US,2005-11,2005,11,51140.0
JNJ US,2005-12,2005,12,51140.0
JNJ US,2006-01,2006,1,51140.0
JNJ US,2006-02,2006,2,51140.0
JNJ US,2006-03,2006,3,51140.0
JNJ US,2006-04,2006,4,51140.0
JNJ US,2006-05,2006,5,51140.0
JNJ US,2006-06,2006,6,51140.0
JNJ US,2006-07,2006,7,51140.0
JNJ US,2006-08,2006,8,51140.0
JNJ US,2006-09,2006,9,51140.0
JNJ US,2006-10,2006,10,51140.0
JNJ US,2006-11,2006,11,51140.0
JNJ US,2006-12,2006,12,51140.0
JNJ US,2007-01,2007,1,51140.0
JNJ US,2007-02,2007,2,51140.0
JNJ US,2007-03,2007,3,51140.0
JNJ US,2007-04,2007,4,51140.0
JNJ US,2007-05,2007,5,51140.0
JNJ US,2007-06,2007,6,51140.0
JNJ US,2007-07,2007,7,51140.0
JNJ US,2007-08,2007,8,51140.0
JNJ US,2007-09,2007,9,51140.0
JNJ US,2007-10,2007,10,51140.0
JNJ US,2007-11,2007,11,51140.0
JNJ US,2007-12,2007,12,51140.0
JNJ US,2008-01,2008,1,51140.0
JNJ US,2008-02,2008,2,51140.0
JNJ US,2008-03,2008,3,51140.0
JNJ US,2008-04,2008,4,51140.0
JNJ US,2008-05,2008,5,51140.0
JNJ US,2008-06,2008,6,51140.0
JNJ US,2008-07,2008,7,51140.0
JNJ US,2008-08,2008,8,51140.0
JNJ US,2008-09,2008,9,51140.0
JNJ US,2008-10,2008,10,51140.0
JNJ US,2008-11,2008,11,51140.0
JNJ US,2008-12,2008,12,51140.0
JNJ US,2009-01,2009,1,51140.0
JNJ US,2009-02,2009,2,51140.0
JNJ US,2009-03,2009,3,51140.0
JNJ US,2009-04,2009,4,51140.0
JNJ US,2009-05,2009,5,51140.0
JNJ US,2009-06,2009,6,51140.0
JNJ US,2009-07,2009,7,51140.0
JNJ US,2009-08,2009,8,51140.0
JNJ US,2009-09,2009,9,51140.0
JNJ US,2009-10,2009,10,51140.0
JNJ US,2009-11,2009,11,51140.0
JNJ US,2009-12,2009,12,51140.0
JNJ US,2010-01,2010,1,51140.0
JNJ US,2010-02,2010,2,51140.0
JNJ US,2010-03,2010,3,51140.0
JNJ US,2010-04,2010,4,51140.0
JNJ US,2010-05,2010,5,51140.0
JNJ US,2010-06,2010,6,51140.0
JNJ US,2010-07,2010,7,51140.0
JNJ US,2010-08,2010,8,51140.0
JNJ US,2010-09,2010,9,51140.0
JNJ US,2010-10,2010,10,51140.0
JNJ US,2010-11,2010,11,51140.0
JNJ US,2010-12,2010,12,51140.0
JNJ US,2011-01,2011,1,51140.0
JNJ US,2011-02,2011,2,51140.0
JNJ US,2011-03,2011,3,51140.0
JNJ US,2011-04,2011,4,51140.0
JNJ US,2011-05,2011,5,51140.0
JNJ US,2011-06,2011,6,51140.0
JNJ US,2011-07,2011,7,51140.0
JNJ US,2011-08,2011,8,51140.0
JNJ US,2011-09,2011,9,51140.0
JNJ US,2011-10,2011,10,51140.0
JNJ US,2011-11,2011,11,51140.0
JNJ US,2011-12,2011,12,51140.0
JNJ US,2012-01,2012,1,51140.0
JNJ US,2012-02,2012,2,51140.0
JNJ US,2012-03,2012,3,51140.0
JNJ US,2012-04,2012,4,51140.0
JNJ US,2012-05,2012,5,51140.0
JNJ US,2012-06,2012,6,51140.0
JNJ US,2012-07,2012,7,51140.0
JNJ US,2012-08,2012,8,51140.0
JNJ US,2012-09,2012,9,51140.0
JNJ US,2012-10,2012,10,51140.0
JNJ US,2012-11,2012,11,51140.0
JNJ US,2012-12,2012,12,51140.0
JNJ US,2013-01,2013,1,51140.0
JNJ US,2013-02,2013,2,51140.0
JNJ US,2013-03,2013,3,51140.0
JNJ US,2013-04,2013,4,51140.0
JNJ US,2013-05,2013,5,51140.0
JNJ US,2013-06,2013,6,51140.0
JNJ US,2013-07,2013,7,51140.0
JNJ US,2013-08,2013,8,51140.0
JNJ US,2013-09,2013,9,51140.0
JNJ US,2013-10,2013,10,51140.0
JNJ US,2013-11,2013,11,51140.0
JNJ US,2013-12,2013,12,51140.0
JNJ US,2014-01,2014,1,51140.0
JNJ US,2014-02,2014,2,51140.0
JNJ US,2014-03,2014,3,51140.0
JNJ US,2014-04,2014,4,51140.0
JNJ US,2014-05,2014,5,51140.0
JNJ US,2014-06,2014,6,51140.0
JNJ US,2014-07,2014,7,51140.0
JNJ US,2014-08,2014,8,51140.0
JNJ US,2014-09,2014,9,51140.0
JNJ US,2014-10,2014,10,51140.0
JNJ US,2014-11,2014,11,51140.0
JNJ US,2014-12,2014,12,51140.0
JNJ US,2015-01,2015,1,51140.0
JNJ US,2015-02,2015,2,51140.0
JNJ US,2015-03,2015,3,51140.0
JNJ US,2015-04,2015,4,51140.0
JNJ US,2015-05,2015,5,51140.0
JNJ US,2015-06,2015,6,51140.0
JNJ US,2015-07,2015,7,51140.0
JNJ US,2015-08,2015,8,51140.0
JNJ US,2015-09,2015,9,51140.0
JNJ US,2015-10,2015,10,51140.0
JNJ US,2015-11,2015,11,51140.0
JNJ US,2015-12,2015,12,51140.0
JNJ US,2016-01,2016,1,51140.0
JNJ US,2016-02,2016,2,51140.0
JNJ US,2016-03,2016,3,51140.0
JNJ US,2016-04,2016,4,51140.0
JNJ US,2016-05,2016,5,51140.0
JNJ US,2016-06,2016,6,51140.0
JNJ US,2016-07,2016,7,51140.0
JNJ US,2016-08,2016,8,51140.0
JNJ US,2016-09,2016,9,51140.0
JNJ US,2016-10,2016,10,51140.0
JNJ US,2016-11,2016,11,51140.0
JNJ US,2016-12,2016,12,51140.0
JNJ US,2017-01,2017,1,51140.0
JNJ US,2017-02,2017,2,51140.0
JNJ US,2017-03,2017,3,51140.0
JNJ US,2017-04,2017,4,51140.0
JNJ US,2017-05,2017,5,51140.0
JNJ US,2017-06,2017,6,51140.0
JNJ US,2017-07,2017,7,51140.0
JNJ US,2017-08,2017,8,51140.0
JNJ US,2017-09,2017,9,51140.0
JNJ US,2017-10,2017,10,51140.0
JNJ US,2017-11,2017,11,51140.0
JNJ US,2017-12,2017,12,51140.0
JNJ US,2018-01,2018,1,51140.0
JNJ US,2018-02,2018,2,51140.0
JNJ US,2018-03,2018,3,51140.0
JNJ US,2018-04,2018,4,51140.0
JNJ US,2018-05,2018,5,51140.0
JNJ US,2018-06,2018,6,51140.0
JNJ US,2018-07,2018,7,51140.0
JNJ US,2018-08,2018,8,51140.0
JNJ US,2018-09,2018,9,51140.0
JNJ US,2018-10,2018,10,51140.0
JNJ US,2018-11,2018,11,51140.0
JNJ US,2018-12,2018,12,51140.0
JNJ US,2019-01,2019,1,51140.0
JNJ US,2019-02,2019,2,51140.0
JNJ US,2019-03,2019,3,51140.0
JNJ US,2019-04,2019,4,51140.0
JNJ US,2019-05,2019,5,51140.0
JNJ US,2019-06,2019,6,51140.0
JNJ US,2019-07,2019,7,51140.0
JNJ US,2019-08,2019,8,51140.0
JNJ US,2019-09,2019,9,51140.0
JNJ US,2019-10,2019,10,51140.0
JNJ US,2019-11,2019,11,51140.0
JNJ US,2019-12,2019,12,51140.0
JNJ US,2020-01,2020,1,51140.0
JNJ US,2020-02,2020,2,51140.0
JNJ US,2020-03,2020,3,51140.0
JNJ US,2020-04,2020,4,51140.0
JNJ US,2020-05,2020,5,51140.0
JNJ US,2020-06,2020,6,51140.0
JNJ US,2020-07,2020,7,51140.0
JNJ US,2020-08,2020,8,51140.0
JNJ US,2020-09,2020,9,51140.0
JNJ US,2020-10,2020,10,51140.0
JNJ US,2020-11,2020,11,51140.0
JNJ US,2020-12,2020,12,51140.0
JNJ US,2021-01,2021,1,51140.0
JNJ US,2021-02,2021,2,51140.0
JNJ US,2021-03,2021,3,51140.0
JNJ US,2021-04,2021,4,51140.0
JNJ US,2021-05,2021,5,51140.0
JNJ US,2021-06,2021,6,51140.0
JNJ US,2021-07,2021,7,51140.0
JNJ US,2021-08,2021,8,51140.0
JNJ US,2021-09,2021,9,51140.0
JNJ US,2021-10,2021,10,51140.0
JNJ US,2021-11,2021,11,51140.0
JNJ US,2021-12,2021,12,51140.0
JNJ US,2022-01,2022,1,51140.0
JNJ US,2022-02,2022,2,51140.0
JNJ US,2022-03,2022,3,51140.0
JNJ US,2022-04,2022,4,51140.0
JNJ US,2022-05,2022,5,51140.0
JNJ US,2022-06,2022,6,51140.0
JNJ US,2022-07,2022,7,51140.0
JNJ US,2022-08,2022,8,51140.0
JNJ US,2022-09,2022,9,51140.0
JNJ US,2022-10,2022,10,51140.0
JNJ US,2022-11,2022,11,51140.0
JNJ US,2022-12,2022,12,51140.0
JNJ US,2023-01,2023,1,51140.0
JNJ US,2023-02,2023,2,51140.0
JNJ US,2023-03,2023,3,51140.0
JNJ US,2023-04,2023,4,51140.0
JNJ US,2023-05,2023,5,51140.0
JNJ US,2023-06,2023,6,51140.0
JNJ US,2023-07,2023,7,51140.0
JNJ US,2023-08,2023,8,51140.0
JNJ US,2023-09,2023,9,51140.0
JNJ US,2023-10,2023,10,51140.0
JNJ US,2023-11,2023,11,51140.0
JNJ US,2023-12,2023,12,51140.0
JNJ US,2024-01,2024,1,51140.0
JNJ US,2024-02,2024,2,51140.0
JNJ US,2024-03,2024,3,51140.0
JNJ US,2024-04,2024,4,51140.0
JNJ US,2024-05,2024,5,51140.0
JNJ US,2024-06,2024,6,51140.0
JNJ US,2024-07,2024,7,51140.0
JNJ US,2024-08,2024,8,51140.0
JNJ US,2024-09,2024,9,51140.0
JNJ US,2024-10,2024,10,51140.0
JPM US,2001-01,2001,1,58370.0
JPM US,2001-02,2001,2,58370.0
JPM US,2001-03,2001,3,58370.0
JPM US,2001-04,2001,4,58370.0
JPM US,2001-05,2001,5,58370.0
JPM US,2001-06,2001,6,58370.0
JPM US,2001-07,2001,7,58370.0
JPM US,2001-08,2001,8,58370.0
JPM US,2001-09,2001,9,58370.0
JPM US,2001-10,2001,10,58370.0
JPM US,2001-11,2001,11,58370.0
JPM US,2001-12,2001,12,58370.0
JPM US,2002-01,2002,1,58370.0
JPM US,2002-02,2002,2,58370.0
JPM US,2002-03,2002,3,58370.0
JPM US,2002-04,2002,4,58370.0
JPM US,2002-05,2002,5,58370.0
JPM US,2002-06,2002,6,58370.0
JPM US,2002-07,2002,7,58370.0
JPM US,2002-08,2002,8,58370.0
JPM US,2002-09,2002,9,58370.0
JPM US,2002-10,2002,10,58370.0
JPM US,2002-11,2002,11,58370.0
JPM US,2002-12,2002,12,58370.0
JPM US,2003-01,2003,1,58370.0
JPM US,2003-02,2003,2,58370.0
JPM US,2003-03,2003,3,58370.0
JPM US,2003-04,2003,4,58370.0
JPM US,2003-05,2003,5,58370.0
JPM US,2003-06,2003,6,58370.0
JPM US,2003-07,2003,7,58370.0
JPM US,2003-08,2003,8,58370.0
JPM US,2003-09,2003,9,58370.0
JPM US,2003-10,2003,10,58370.0
JPM US,2003-11,2003,11,58370.0
JPM US,2003-12,2003,12,58370.0
JPM US,2004-01,2004,1,58370.0
JPM US,2004-02,2004,2,58370.0
JPM US,2004-03,2004,3,58370.0
JPM US,2004-04,2004,4,58370.0
JPM US,2004-05,2004,5,58370.0
JPM US,2004-06,2004,6,58370.0
JPM US,2004-07,2004,7,58370.0
JPM US,2004-08,2004,8,58370.0
JPM US,2004-09,2004,9,58370.0
JPM US,2004-10,2004,10,58370.0
JPM US,2004-11,2004,11,58370.0
JPM US,2004-12,2004,12,58370.0
JPM US,2005-01,2005,1,58370.0
JPM US,2005-02,2005,2,58370.0
JPM US,2005-03,2005,3,58370.0
JPM US,2005-04,2005,4,58370.0
JPM US,2005-05,2005,5,58370.0
JPM US,2005-06,2005,6,58370.0
JPM US,2005-07,2005,7,58370.0
JPM US,2005-08,2005,8,58370.0
JPM US,2005-09,2005,9,58370.0
JPM US,2005-10,2005,10,58370.0
JPM US,2005-11,2005,11,58370.0
JPM US,2005-12,2005,12,58370.0
JPM US,2006-01,2006,1,58370.0
JPM US,2006-02,2006,2,58370.0
JPM US,2006-03,2006,3,58370.0
JPM US,2006-04,2006,4,58370.0
JPM US,2006-05,2006,5,58370.0
JPM US,2006-06,2006,6,58370.0
JPM US,2006-07,2006,7,58370.0
JPM US,2006-08,2006,8,58370.0
JPM US,2006-09,2006,9,58370.0
JPM US,2006-10,2006,10,58370.0
JPM US,2006-11,2006,11,58370.0
JPM US,2006-12,2006,12,58370.0
JPM US,2007-01,2007,1,58370.0
JPM US,2007-02,2007,2,58370.0
JPM US,2007-03,2007,3,58370.0
JPM US,2007-04,2007,4,58370.0
JPM US,2007-05,2007,5,58370.0
JPM US,2007-06,2007,6,58370.0
JPM US,2007-07,2007,7,58370.0
JPM US,2007-08,2007,8,58370.0
JPM US,2007-09,2007,9,58370.0
JPM US,2007-10,2007,10,58370.0
JPM US,2007-11,2007,11,58370.0
JPM US,2007-12,2007,12,58370.0
JPM US,2008-01,2008,1,58370.0
JPM US,2008-02,2008,2,58370.0
JPM US,2008-03,2008,3,58370.0
JPM US,2008-04,2008,4,58370.0
JPM US,2008-05,2008,5,58370.0
JPM US,2008-06,2008,6,58370.0
JPM US,2008-07,2008,7,58370.0
JPM US,2008-08,2008,8,58370.0
JPM US,2008-09,2008,9,58370.0
JPM US,2008-10,2008,10,58370.0
JPM US,2008-11,2008,11,58370.0
JPM US,2008-12,2008,12,58370.0
JPM US,2009-01,2009,1,58370.0
JPM US,2009-02,2009,2,58370.0
JPM US,2009-03,2009,3,58370.0
JPM US,2009-04,2009,4,58370.0
JPM US,2009-05,2009,5,58370.0
JPM US,2009-06,2009,6,58370.0
JPM US,2009-07,2009,7,58370.0
JPM US,2009-08,2009,8,58370.0
JPM US,2009-09,2009,9,58370.0
JPM US,2009-10,2009,10,58370.0
JPM US,2009-11,2009,11,58370.0
JPM US,2009-12,2009,12,58370.0
JPM US,2010-01,2010,1,58370.0
JPM US,2010-02,2010,2,58370.0
JPM US,2010-03,2010,3,58370.0
JPM US,2010-04,2010,4,58370.0
JPM US,2010-05,2010,5,58370.0
JPM US,2010-06,2010,6,58370.0
JPM US,2010-07,2010,7,58370.0
JPM US,2010-08,2010,8,58370.0
JPM US,2010-09,2010,9,58370.0
JPM US,2010-10,2010,10,58370.0
JPM US,2010-11,2010,11,58370.0
JPM US,2010-12,2010,12,58370.0
JPM US,2011-01,2011,1,58370.0
JPM US,2011-02,2011,2,58370.0
JPM US,2011-03,2011,3,58370.0
JPM US,2011-04,2011,4,58370.0
JPM US,2011-05,2011,5,58370.0
JPM US,2011-06,2011,6,58370.0
JPM US,2011-07,2011,7,58370.0
JPM US,2011-08,2011,8,58370.0
JPM US,2011-09,2011,9,58370.0
JPM US,2011-10,2011,10,58370.0
JPM US,2011-11,2011,11,58370.0
JPM US,2011-12,2011,12,58370.0
JPM US,2012-01,2012,1,58370.0
JPM US,2012-02,2012,2,58370.0
JPM US,2012-03,2012,3,58370.0
JPM US,2012-04,2012,4,58370.0
JPM US,2012-05,2012,5,58370.0
JPM US,2012-06,2012,6,58370.0
JPM US,2012-07,2012,7,58370.0
JPM US,2012-08,2012,8,58370.0
JPM US,2012-09,2012,9,58370.0
JPM US,2012-10,2012,10,58370.0
JPM US,2012-11,2012,11,58370.0
JPM US,2012-12,2012,12,58370.0
JPM US,2013-01,2013,1,58370.0
JPM US,2013-02,2013,2,58370.0
JPM US,2013-03,2013,3,58370.0
JPM US,2013-04,2013,4,58370.0
JPM US,2013-05,2013,5,58370.0
JPM US,2013-06,2013,6,58370.0
JPM US,2013-07,2013,7,58370.0
JPM US,2013-08,2013,8,58370.0
JPM US,2013-09,2013,9,58370.0
JPM US,2013-10,2013,10,58370.0
JPM US,2013-11,2013,11,58370.0
JPM US,2013-12,2013,12,58370.0
JPM US,2014-01,2014,1,58370.0
JPM US,2014-02,2014,2,58370.0
JPM US,2014-03,2014,3,58370.0
JPM US,2014-04,2014,4,58370.0
JPM US,2014-05,2014,5,58370.0
JPM US,2014-06,2014,6,58370.0
JPM US,2014-07,2014,7,58370.0
JPM US,2014-08,2014,8,58370.0
JPM US,2014-09,2014,9,58370.0
JPM US,2014-10,2014,10,58370.0
JPM US,2014-11,2014,11,58370.0
JPM US,2014-12,2014,12,58370.0
JPM US,2015-01,2015,1,58370.0
JPM US,2015-02,2015,2,58370.0
JPM US,2015-03,2015,3,58370.0
JPM US,2015-04,2015,4,58370.0
JPM US,2015-05,2015,5,58370.0
JPM US,2015-06,2015,6,58370.0
JPM US,2015-07,2015,7,58370.0
JPM US,2015-08,2015,8,58370.0
JPM US,2015-09,2015,9,58370.0
JPM US,2015-10,2015,10,58370.0
JPM US,2015-11,2015,11,58370.0
JPM US,2015-12,2015,12,58370.0
JPM US,2016-01,2016,1,58370.0
JPM US,2016-02,2016,2,58370.0
JPM US,2016-03,2016,3,58370.0
JPM US,2016-04,2016,4,58370.0
JPM US,2016-05,2016,5,58370.0
JPM US,2016-06,2016,6,58370.0
JPM US,2016-07,2016,7,58370.0
JPM US,2016-08,2016,8,58370.0
JPM US,2016-09,2016,9,58370.0
JPM US,2016-10,2016,10,58370.0
JPM US,2016-11,2016,11,58370.0
JPM US,2016-12,2016,12,58370.0
JPM US,2017-01,2017,1,58370.0
JPM US,2017-02,2017,2,58370.0
JPM US,2017-03,2017,3,58370.0
JPM US,2017-04,2017,4,58370.0
JPM US,2017-05,2017,5,58370.0
JPM US,2017-06,2017,6,58370.0
JPM US,2017-07,2017,7,58370.0
JPM US,2017-08,2017,8,58370.0
JPM US,2017-09,2017,9,58370.0
JPM US,2017-10,2017,10,58370.0
JPM US,2017-11,2017,11,58370.0
JPM US,2017-12,2017,12,58370.0
JPM US,2018-01,2018,1,58370.0
JPM US,2018-02,2018,2,58370.0
JPM US,2018-03,2018,3,58370.0
JPM US,2018-04,2018,4,58370.0
JPM US,2018-05,2018,5,58370.0
JPM US,2018-06,2018,6,58370.0
JPM US,2018-07,2018,7,58370.0
JPM US,2018-08,2018,8,58370.0
JPM US,2018-09,2018,9,58370.0
JPM US,2018-10,2018,10,58370.0
JPM US,2018-11,2018,11,58370.0
JPM US,2018-12,2018,12,58370.0
JPM US,2019-01,2019,1,58370.0
JPM US,2019-02,2019,2,58370.0
JPM US,2019-03,2019,3,58370.0
JPM US,2019-04,2019,4,58370.0
JPM US,2019-05,2019,5,58370.0
JPM US,2019-06,2019,6,58370.0
JPM US,2019-07,2019,7,58370.0
JPM US,2019-08,2019,8,58370.0
JPM US,2019-09,2019,9,58370.0
JPM US,2019-10,2019,10,58370.0
JPM US,2019-11,2019,11,58370.0
JPM US,2019-12,2019,12,58370.0
JPM US,2020-01,2020,1,58370.0
JPM US,2020-02,2020,2,58370.0
JPM US,2020-03,2020,3,58370.0
JPM US,2020-04,2020,4,58370.0
JPM US,2020-05,2020,5,58370.0
JPM US,2020-06,2020,6,58370.0
JPM US,2020-07,2020,7,58370.0
JPM US,2020-08,2020,8,58370.0
JPM US,2020-09,2020,9,58370.0
JPM US,2020-10,2020,10,58370.0
JPM US,2020-11,2020,11,58370.0
JPM US,2020-12,2020,12,58370.0
JPM US,2021-01,2021,1,58370.0
JPM US,2021-02,2021,2,58370.0
JPM US,2021-03,2021,3,58370.0
JPM US,2021-04,2021,4,58370.0
JPM US,2021-05,2021,5,58370.0
JPM US,2021-06,2021,6,58370.0
JPM US,2021-07,2021,7,58370.0
JPM US,2021-08,2021,8,58370.0
JPM US,2021-09,2021,9,58370.0
JPM US,2021-10,2021,10,58370.0
JPM US,2021-11,2021,11,58370.0
JPM US,2021-12,2021,12,58370.0
JPM US,2022-01,2022,1,58370.0
JPM US,2022-02,2022,2,58370.0
JPM US,2022-03,2022,3,58370.0
JPM US,2022-04,2022,4,58370.0
JPM US,2022-05,2022,5,58370.0
JPM US,2022-06,2022,6,58370.0
JPM US,2022-07,2022,7,58370.0
JPM US,2022-08,2022,8,58370.0
JPM US,2022-09,2022,9,58370.0
JPM US,2022-10,2022,10,58370.0
JPM US,2022-11,2022,11,58370.0
JPM US,2022-12,2022,12,58370.0
JPM US,2023-01,2023,1,58370.0
JPM US,2023-02,2023,2,58370.0
JPM US,2023-03,2023,3,58370.0
JPM US,2023-04,2023,4,58370.0
JPM US,2023-05,2023,5,58370.0
JPM US,2023-06,2023,6,58370.0
JPM US,2023-07,2023,7,58370.0
JPM US,2023-08,2023,8,58370.0
JPM US,2023-09,2023,9,58370.0
JPM US,2023-10,2023,10,58370.0
JPM US,2023-11,2023,11,58370.0
JPM US,2023-12,2023,12,58370.0
JPM US,2024-01,2024,1,58370.0
JPM US,2024-02,2024,2,58370.0
JPM US,2024-03,2024,3,58370.0
JPM US,2024-04,2024,4,58370.0
JPM US,2024-05,2024,5,58370.0
JPM US,2024-06,2024,6,58370.0
JPM US,2024-07,2024,7,58370.0
JPM US,2024-08,2024,8,58370.0
JPM US,2024-09,2024,9,58370.0
JPM US,2024-10,2024,10,58370.0
KEY US,1998-07,1998,7,557540.0
KEY US,1998-08,1998,8,557540.0
KEY US,1998-09,1998,9,557540.0
KEY US,1998-10,1998,10,557540.0
KEY US,1998-11,1998,11,557540.0
KEY US,1998-12,1998,12,557540.0
KEY US,1999-01,1999,1,557540.0
KEY US,1999-02,1999,2,557540.0
KEY US,1999-03,1999,3,557540.0
KEY US,1999-04,1999,4,557540.0
KEY US,1999-05,1999,5,557540.0
KEY US,1999-06,1999,6,557540.0
KEY US,1999-07,1999,7,557540.0
KEY US,1999-08,1999,8,557540.0
KEY US,1999-09,1999,9,557540.0
KEY US,1999-10,1999,10,557540.0
KEY US,1999-11,1999,11,557540.0
KEY US,1999-12,1999,12,557540.0
KEY US,2000-01,2000,1,557540.0
KEY US,2000-02,2000,2,557540.0
KEY US,2000-03,2000,3,557540.0
KEY US,2000-04,2000,4,557540.0
KEY US,2000-05,2000,5,557540.0
KEY US,2000-06,2000,6,557540.0
KEY US,2000-07,2000,7,557540.0
KEY US,2000-08,2000,8,557540.0
KEY US,2000-09,2000,9,557540.0
KEY US,2000-10,2000,10,557540.0
KEY US,2000-11,2000,11,557540.0
KEY US,2000-12,2000,12,557540.0
KEY US,2001-01,2001,1,557540.0
KEY US,2001-02,2001,2,557540.0
KEY US,2001-03,2001,3,557540.0
KEY US,2001-04,2001,4,557540.0
KEY US,2001-05,2001,5,557540.0
KEY US,2001-06,2001,6,557540.0
KEY US,2001-07,2001,7,557540.0
KEY US,2001-08,2001,8,557540.0
KEY US,2001-09,2001,9,557540.0
KEY US,2001-10,2001,10,557540.0
KEY US,2001-11,2001,11,557540.0
KEY US,2001-12,2001,12,557540.0
KEY US,2002-01,2002,1,557540.0
KEY US,2002-02,2002,2,557540.0
KEY US,2002-03,2002,3,557540.0
KEY US,2002-04,2002,4,557540.0
KEY US,2002-05,2002,5,557540.0
KEY US,2002-06,2002,6,557540.0
KEY US,2002-07,2002,7,557540.0
KEY US,2002-08,2002,8,557540.0
KEY US,2002-09,2002,9,557540.0
KEY US,2002-10,2002,10,557540.0
KEY US,2002-11,2002,11,557540.0
KEY US,2002-12,2002,12,557540.0
KEY US,2003-01,2003,1,557540.0
KEY US,2003-02,2003,2,557540.0
KEY US,2003-03,2003,3,557540.0
KEY US,2003-04,2003,4,557540.0
KEY US,2003-05,2003,5,557540.0
KEY US,2003-06,2003,6,557540.0
KEY US,2003-07,2003,7,557540.0
KEY US,2003-08,2003,8,557540.0
KEY US,2003-09,2003,9,557540.0
KEY US,2003-10,2003,10,557540.0
KEY US,2003-11,2003,11,557540.0
KEY US,2003-12,2003,12,557540.0
KEY US,2004-01,2004,1,557540.0
KEY US,2004-02,2004,2,557540.0
KEY US,2004-03,2004,3,557540.0
KEY US,2004-04,2004,4,557540.0
KEY US,2004-05,2004,5,557540.0
KEY US,2004-06,2004,6,557540.0
KEY US,2004-07,2004,7,557540.0
KEY US,2004-08,2004,8,557540.0
KEY US,2004-09,2004,9,557540.0
KEY US,2004-10,2004,10,557540.0
KEY US,2004-11,2004,11,557540.0
KEY US,2004-12,2004,12,557540.0
KEY US,2005-01,2005,1,557540.0
KEY US,2005-02,2005,2,557540.0
KEY US,2005-03,2005,3,557540.0
KEY US,2005-04,2005,4,557540.0
KEY US,2005-05,2005,5,557540.0
KEY US,2005-06,2005,6,557540.0
KEY US,2005-07,2005,7,557540.0
KEY US,2005-08,2005,8,557540.0
KEY US,2005-09,2005,9,557540.0
KEY US,2005-10,2005,10,557540.0
KEY US,2005-11,2005,11,557540.0
KEY US,2005-12,2005,12,557540.0
KEY US,2006-01,2006,1,557540.0
KEY US,2006-02,2006,2,557540.0
KEY US,2006-03,2006,3,557540.0
KEY US,2006-04,2006,4,557540.0
KEY US,2006-05,2006,5,557540.0
KEY US,2006-06,2006,6,557540.0
KEY US,2006-07,2006,7,557540.0
KEY US,2006-08,2006,8,557540.0
KEY US,2006-09,2006,9,557540.0
KEY US,2006-10,2006,10,557540.0
KEY US,2006-11,2006,11,557540.0
KEY US,2006-12,2006,12,557540.0
KEY US,2007-01,2007,1,557540.0
KEY US,2007-02,2007,2,557540.0
KEY US,2007-03,2007,3,557540.0
KEY US,2007-04,2007,4,557540.0
KEY US,2007-05,2007,5,557540.0
KEY US,2007-06,2007,6,557540.0
KEY US,2007-07,2007,7,557540.0
KEY US,2007-08,2007,8,557540.0
KEY US,2007-09,2007,9,557540.0
KEY US,2007-10,2007,10,557540.0
KEY US,2007-11,2007,11,557540.0
KEY US,2007-12,2007,12,557540.0
KEY US,2008-01,2008,1,557540.0
KEY US,2008-02,2008,2,557540.0
KEY US,2008-03,2008,3,557540.0
KEY US,2008-04,2008,4,557540.0
KEY US,2008-05,2008,5,557540.0
KEY US,2008-06,2008,6,557540.0
KEY US,2008-07,2008,7,557540.0
KEY US,2008-08,2008,8,557540.0
KEY US,2008-09,2008,9,557540.0
KEY US,2008-10,2008,10,557540.0
KEY US,2008-11,2008,11,557540.0
KEY US,2008-12,2008,12,557540.0
KEY US,2009-01,2009,1,557540.0
KEY US,2009-02,2009,2,557540.0
KEY US,2009-03,2009,3,557540.0
KEY US,2009-04,2009,4,557540.0
KEY US,2009-05,2009,5,557540.0
KEY US,2009-06,2009,6,557540.0
KEY US,2009-07,2009,7,557540.0
KEY US,2009-08,2009,8,557540.0
KEY US,2009-09,2009,9,557540.0
KEY US,2009-10,2009,10,557540.0
KEY US,2009-11,2009,11,557540.0
KEY US,2009-12,2009,12,557540.0
KEY US,2010-01,2010,1,557540.0
KEY US,2010-02,2010,2,557540.0
KEY US,2010-03,2010,3,557540.0
KEY US,2010-04,2010,4,557540.0
KEY US,2010-05,2010,5,557540.0
KEY US,2010-06,2010,6,557540.0
KEY US,2010-07,2010,7,557540.0
KEY US,2010-08,2010,8,557540.0
KEY US,2010-09,2010,9,557540.0
KEY US,2010-10,2010,10,557540.0
KEY US,2010-11,2010,11,557540.0
KEY US,2010-12,2010,12,557540.0
KEY US,2011-01,2011,1,557540.0
KEY US,2011-02,2011,2,557540.0
KEY US,2011-03,2011,3,557540.0
KEY US,2011-04,2011,4,557540.0
KEY US,2011-05,2011,5,557540.0
KEY US,2011-06,2011,6,557540.0
KEY US,2011-07,2011,7,557540.0
KEY US,2011-08,2011,8,557540.0
KEY US,2011-09,2011,9,557540.0
KEY US,2011-10,2011,10,557540.0
KEY US,2011-11,2011,11,557540.0
KEY US,2011-12,2011,12,557540.0
KEY US,2012-01,2012,1,557540.0
KEY US,2012-02,2012,2,557540.0
KEY US,2012-03,2012,3,557540.0
KEY US,2012-04,2012,4,557540.0
KEY US,2012-05,2012,5,557540.0
KEY US,2012-06,2012,6,557540.0
KEY US,2012-07,2012,7,557540.0
KEY US,2012-08,2012,8,557540.0
KEY US,2012-09,2012,9,557540.0
KEY US,2012-10,2012,10,557540.0
KEY US,2012-11,2012,11,557540.0
KEY US,2012-12,2012,12,557540.0
KEY US,2013-01,2013,1,557540.0
KEY US,2013-02,2013,2,557540.0
KEY US,2013-03,2013,3,557540.0
KEY US,2013-04,2013,4,557540.0
KEY US,2013-05,2013,5,557540.0
KEY US,2013-06,2013,6,557540.0
KEY US,2013-07,2013,7,557540.0
KEY US,2013-08,2013,8,557540.0
KEY US,2013-09,2013,9,557540.0
KEY US,2013-10,2013,10,557540.0
KEY US,2013-11,2013,11,557540.0
KEY US,2013-12,2013,12,557540.0
KEY US,2014-01,2014,1,557540.0
KEY US,2014-02,2014,2,557540.0
KEY US,2014-03,2014,3,557540.0
KEY US,2014-04,2014,4,557540.0
KEY US,2014-05,2014,5,557540.0
KEY US,2014-06,2014,6,557540.0
KEY US,2014-07,2014,7,557540.0
KEY US,2014-08,2014,8,557540.0
KEY US,2014-09,2014,9,557540.0
KEY US,2014-10,2014,10,557540.0
KEY US,2014-11,2014,11,557540.0
KEY US,2014-12,2014,12,557540.0
KEY US,2015-01,2015,1,557540.0
KEY US,2015-02,2015,2,557540.0
KEY US,2015-03,2015,3,557540.0
KEY US,2015-04,2015,4,557540.0
KEY US,2015-05,2015,5,557540.0
KEY US,2015-06,2015,6,557540.0
KEY US,2015-07,2015,7,557540.0
KEY US,2015-08,2015,8,557540.0
KEY US,2015-09,2015,9,557540.0
KEY US,2015-10,2015,10,557540.0
KEY US,2015-11,2015,11,557540.0
KEY US,2015-12,2015,12,557540.0
KEY US,2016-01,2016,1,557540.0
KEY US,2016-02,2016,2,557540.0
KEY US,2016-03,2016,3,557540.0
KEY US,2016-04,2016,4,557540.0
KEY US,2016-05,2016,5,557540.0
KEY US,2016-06,2016,6,557540.0
KEY US,2016-07,2016,7,557540.0
KEY US,2016-08,2016,8,557540.0
KEY US,2016-09,2016,9,557540.0
KEY US,2016-10,2016,10,557540.0
KEY US,2016-11,2016,11,557540.0
KEY US,2016-12,2016,12,557540.0
KEY US,2017-01,2017,1,557540.0
KEY US,2017-02,2017,2,557540.0
KEY US,2017-03,2017,3,557540.0
KEY US,2017-04,2017,4,557540.0
KEY US,2017-05,2017,5,557540.0
KEY US,2017-06,2017,6,557540.0
KEY US,2017-07,2017,7,557540.0
KEY US,2017-08,2017,8,557540.0
KEY US,2017-09,2017,9,557540.0
KEY US,2017-10,2017,10,557540.0
KEY US,2017-11,2017,11,557540.0
KEY US,2017-12,2017,12,557540.0
KEY US,2018-01,2018,1,557540.0
KEY US,2018-02,2018,2,557540.0
KEY US,2018-03,2018,3,557540.0
KEY US,2018-04,2018,4,557540.0
KEY US,2018-05,2018,5,557540.0
KEY US,2018-06,2018,6,557540.0
KEY US,2018-07,2018,7,557540.0
KEY US,2018-08,2018,8,557540.0
KEY US,2018-09,2018,9,557540.0
KEY US,2018-10,2018,10,557540.0
KEY US,2018-11,2018,11,557540.0
KEY US,2018-12,2018,12,557540.0
KEY US,2019-01,2019,1,557540.0
KEY US,2019-02,2019,2,557540.0
KEY US,2019-03,2019,3,557540.0
KEY US,2019-04,2019,4,557540.0
KEY US,2019-05,2019,5,557540.0
KEY US,2019-06,2019,6,557540.0
KEY US,2019-07,2019,7,557540.0
KEY US,2019-08,2019,8,557540.0
KEY US,2019-09,2019,9,557540.0
KEY US,2019-10,2019,10,557540.0
KEY US,2019-11,2019,11,557540.0
KEY US,2019-12,2019,12,557540.0
KEY US,2020-01,2020,1,557540.0
KEY US,2020-02,2020,2,557540.0
KEY US,2020-03,2020,3,557540.0
KEY US,2020-04,2020,4,557540.0
KEY US,2020-05,2020,5,557540.0
KEY US,2020-06,2020,6,557540.0
KEY US,2020-07,2020,7,557540.0
KEY US,2020-08,2020,8,557540.0
KEY US,2020-09,2020,9,557540.0
KEY US,2020-10,2020,10,557540.0
KEY US,2020-11,2020,11,557540.0
KEY US,2020-12,2020,12,557540.0
KEY US,2021-01,2021,1,557540.0
KEY US,2021-02,2021,2,557540.0
KEY US,2021-03,2021,3,557540.0
KEY US,2021-04,2021,4,557540.0
KEY US,2021-05,2021,5,557540.0
KEY US,2021-06,2021,6,557540.0
KEY US,2021-07,2021,7,557540.0
KEY US,2021-08,2021,8,557540.0
KEY US,2021-09,2021,9,557540.0
KEY US,2021-10,2021,10,557540.0
KEY US,2021-11,2021,11,557540.0
KEY US,2021-12,2021,12,557540.0
KEY US,2022-01,2022,1,557540.0
KEY US,2022-02,2022,2,557540.0
KEY US,2022-03,2022,3,557540.0
KEY US,2022-04,2022,4,557540.0
KEY US,2022-05,2022,5,557540.0
KEY US,2022-06,2022,6,557540.0
KEY US,2022-07,2022,7,557540.0
KEY US,2022-08,2022,8,557540.0
KEY US,2022-09,2022,9,557540.0
KEY US,2022-10,2022,10,557540.0
KEY US,2022-11,2022,11,557540.0
KEY US,2022-12,2022,12,557540.0
KEY US,2023-01,2023,1,557540.0
KEY US,2023-02,2023,2,557540.0
KEY US,2023-03,2023,3,557540.0
KEY US,2023-04,2023,4,557540.0
KEY US,2023-05,2023,5,557540.0
KEY US,2023-06,2023,6,557540.0
KEY US,2023-07,2023,7,557540.0
KEY US,2023-08,2023,8,557540.0
KEY US,2023-09,2023,9,557540.0
KEY US,2023-10,2023,10,557540.0
KEY US,2023-11,2023,11,557540.0
KEY US,2023-12,2023,12,557540.0
KEY US,2024-01,2024,1,557540.0
KEY US,2024-02,2024,2,557540.0
KEY US,2024-03,2024,3,557540.0
KEY US,2024-04,2024,4,557540.0
KEY US,2024-05,2024,5,557540.0
KEY US,2024-06,2024,6,557540.0
KEY US,2024-07,2024,7,557540.0
KEY US,2024-08,2024,8,557540.0
KEY US,2024-09,2024,9,557540.0
KEY US,2024-10,2024,10,557540.0
KHC US,2014-01,2014,1,325630000.0
KHC US,2014-02,2014,2,325630000.0
KHC US,2014-03,2014,3,325630000.0
KHC US,2014-04,2014,4,325630000.0
KHC US,2014-05,2014,5,325630000.0
KHC US,2014-06,2014,6,325630000.0
KHC US,2014-07,2014,7,325630000.0
KHC US,2014-08,2014,8,325630000.0
KHC US,2014-09,2014,9,325630000.0
KHC US,2014-10,2014,10,325630000.0
KHC US,2014-11,2014,11,325630000.0
KHC US,2014-12,2014,12,325630000.0
KHC US,2015-01,2015,1,325630000.0
KHC US,2015-02,2015,2,325630000.0
KHC US,2015-03,2015,3,325630000.0
KHC US,2015-04,2015,4,325630000.0
KHC US,2015-05,2015,5,325630000.0
KHC US,2015-06,2015,6,325630000.0
KHC US,2015-07,2015,7,325630000.0
KHC US,2015-08,2015,8,325630000.0
KHC US,2015-09,2015,9,325630000.0
KHC US,2015-10,2015,10,325630000.0
KHC US,2015-11,2015,11,325630000.0
KHC US,2015-12,2015,12,325630000.0
KHC US,2016-01,2016,1,325630000.0
KHC US,2016-02,2016,2,325630000.0
KHC US,2016-03,2016,3,325630000.0
KHC US,2016-04,2016,4,325630000.0
KHC US,2016-05,2016,5,325630000.0
KHC US,2016-06,2016,6,325630000.0
KHC US,2016-07,2016,7,325630000.0
KHC US,2016-08,2016,8,325630000.0
KHC US,2016-09,2016,9,325630000.0
KHC US,2016-10,2016,10,325630000.0
KHC US,2016-11,2016,11,325630000.0
KHC US,2016-12,2016,12,325630000.0
KHC US,2017-01,2017,1,325630000.0
KHC US,2017-02,2017,2,325630000.0
KHC US,2017-03,2017,3,325630000.0
KHC US,2017-04,2017,4,325630000.0
KHC US,2017-05,2017,5,325630000.0
KHC US,2017-06,2017,6,325630000.0
KHC US,2017-07,2017,7,325630000.0
KHC US,2017-08,2017,8,325630000.0
KHC US,2017-09,2017,9,325630000.0
KHC US,2017-10,2017,10,325630000.0
KHC US,2017-11,2017,11,325630000.0
KHC US,2017-12,2017,12,325630000.0
KHC US,2018-01,2018,1,325630000.0
KHC US,2018-02,2018,2,325630000.0
KHC US,2018-03,2018,3,325630000.0
KHC US,2018-04,2018,4,325630000.0
KHC US,2018-05,2018,5,325630000.0
KHC US,2018-06,2018,6,325630000.0
KHC US,2018-07,2018,7,325630000.0
KHC US,2018-08,2018,8,325630000.0
KHC US,2018-09,2018,9,325630000.0
KHC US,2018-10,2018,10,325630000.0
KHC US,2018-11,2018,11,325630000.0
KHC US,2018-12,2018,12,325630000.0
KHC US,2019-01,2019,1,325630000.0
KHC US,2019-02,2019,2,325630000.0
KHC US,2019-03,2019,3,325630000.0
KHC US,2019-04,2019,4,325630000.0
KHC US,2019-05,2019,5,325630000.0
KHC US,2019-06,2019,6,325630000.0
KHC US,2019-07,2019,7,325630000.0
KHC US,2019-08,2019,8,325630000.0
KHC US,2019-09,2019,9,325630000.0
KHC US,2019-10,2019,10,325630000.0
KHC US,2019-11,2019,11,325630000.0
KHC US,2019-12,2019,12,325630000.0
KHC US,2020-01,2020,1,325630000.0
KHC US,2020-02,2020,2,325630000.0
KHC US,2020-03,2020,3,325630000.0
KHC US,2020-04,2020,4,325630000.0
KHC US,2020-05,2020,5,325630000.0
KHC US,2020-06,2020,6,325630000.0
KHC US,2020-07,2020,7,325630000.0
KHC US,2020-08,2020,8,325630000.0
KHC US,2020-09,2020,9,325630000.0
KHC US,2020-10,2020,10,325630000.0
KHC US,2020-11,2020,11,325630000.0
KHC US,2020-12,2020,12,325630000.0
KHC US,2021-01,2021,1,325630000.0
KHC US,2021-02,2021,2,325630000.0
KHC US,2021-03,2021,3,325630000.0
KHC US,2021-04,2021,4,325630000.0
KHC US,2021-05,2021,5,325630000.0
KHC US,2021-06,2021,6,325630000.0
KHC US,2021-07,2021,7,325630000.0
KHC US,2021-08,2021,8,325630000.0
KHC US,2021-09,2021,9,325630000.0
KHC US,2021-10,2021,10,325630000.0
KHC US,2021-11,2021,11,325630000.0
KHC US,2021-12,2021,12,325630000.0
KHC US,2022-01,2022,1,325630000.0
KHC US,2022-02,2022,2,325630000.0
KHC US,2022-03,2022,3,325630000.0
KHC US,2022-04,2022,4,325630000.0
KHC US,2022-05,2022,5,325630000.0
KHC US,2022-06,2022,6,325630000.0
KHC US,2022-07,2022,7,325630000.0
KHC US,2022-08,2022,8,325630000.0
KHC US,2022-09,2022,9,325630000.0
KHC US,2022-10,2022,10,325630000.0
KHC US,2022-11,2022,11,325630000.0
KHC US,2022-12,2022,12,325630000.0
KHC US,2023-01,2023,1,325630000.0
KHC US,2023-02,2023,2,325630000.0
KHC US,2023-03,2023,3,325630000.0
KHC US,2023-04,2023,4,325630000.0
KHC US,2023-05,2023,5,325630000.0
KHC US,2023-06,2023,6,325630000.0
KHC US,2023-07,2023,7,325630000.0
KHC US,2023-08,2023,8,325630000.0
KHC US,2023-09,2023,9,325630000.0
KHC US,2023-10,2023,10,325630000.0
KHC US,2023-11,2023,11,325630000.0
KHC US,2023-12,2023,12,325630000.0
KHC US,2024-01,2024,1,325630000.0
KHC US,2024-02,2024,2,325630000.0
KHC US,2024-03,2024,3,325630000.0
KHC US,2024-04,2024,4,325630000.0
KHC US,2024-05,2024,5,325630000.0
KHC US,2024-06,2024,6,325630000.0
KHC US,2024-07,2024,7,325630000.0
KHC US,2024-08,2024,8,325630000.0
KHC US,2024-09,2024,9,325630000.0
KHC US,2024-10,2024,10,325630000.0
KO,1998-04,1998,4,400000000.0
KO,1998-05,1998,5,400000000.0
KO,1998-06,1998,6,400000000.0
KO,1998-07,1998,7,396150000.0
KO,1998-08,1998,8,396150000.0
KO,1998-09,1998,9,396150000.0
KO,1998-10,1998,10,300000000.0
KO,1998-11,1998,11,300000000.0
KO,1998-12,1998,12,300000000.0
KO,1999-01,1999,1,300000000.0
KO,1999-02,1999,2,300000000.0
KO,1999-03,1999,3,300000000.0
KO,1999-04,1999,4,396150000.0
KO,1999-05,1999,5,396150000.0
KO,1999-06,1999,6,396150000.0
KO,1999-07,1999,7,396150000.0
KO,1999-08,1999,8,396150000.0
KO,1999-09,1999,9,396150000.0
KO,1999-10,1999,10,397440000.0
KO,1999-11,1999,11,397440000.0
KO,1999-12,1999,12,397440000.0
KO,2000-01,2000,1,396150000.0
KO,2000-02,2000,2,396150000.0
KO,2000-03,2000,3,396150000.0
KO,2000-04,2000,4,0.0
KO,2000-05,2000,5,0.0
KO,2000-06,2000,6,0.0
KO,2000-07,2000,7,394870000.0
KO,2000-08,2000,8,394870000.0
KO,2000-09,2000,9,394870000.0
KO,2000-10,2000,10,394870000.0
KO,2000-11,2000,11,394870000.0
KO,2000-12,2000,12,394870000.0
KO,2001-01,2001,1,397440000.0
KO,2001-02,2001,2,397440000.0
KO,2001-03,2001,3,397440000.0
KO,2001-04,2001,4,398720000.0
KO,2001-05,2001,5,398720000.0
KO,2001-06,2001,6,398720000.0
KO,2001-07,2001,7,398720000.0
KO,2001-08,2001,8,398720000.0
KO,2001-09,2001,9,398720000.0
KO,2001-10,2001,10,397440000.0
KO,2001-11,2001,11,397440000.0
KO,2001-12,2001,12,397440000.0
KO,2002-01,2002,1,396150000.0
KO,2002-02,2002,2,396150000.0
KO,2002-03,2002,3,396150000.0
KO,2002-04,2002,4,396150000.0
KO,2002-05,2002,5,396150000.0
KO,2002-06,2002,6,396150000.0
KO,2002-07,2002,7,396150000.0
KO,2002-08,2002,8,396150000.0
KO,2002-09,2002,9,396150000.0
KO,2002-10,2002,10,396150000.0
KO,2002-11,2002,11,396150000.0
KO,2002-12,2002,12,396150000.0
KO,2003-01,2003,1,397440000.0
KO,2003-02,2003,2,397440000.0
KO,2003-03,2003,3,397440000.0
KO,2003-04,2003,4,397440000.0
KO,2003-05,2003,5,397440000.0
KO,2003-06,2003,6,397440000.0
KO,2003-07,2003,7,397440000.0
KO,2003-08,2003,8,397440000.0
KO,2003-09,2003,9,397440000.0
KO,2003-10,2003,10,394870000.0
KO,2003-11,2003,11,394870000.0
KO,2003-12,2003,12,394870000.0
KO,2004-01,2004,1,394870000.0
KO,2004-02,2004,2,394870000.0
KO,2004-03,2004,3,394870000.0
KO,2004-04,2004,4,394870000.0
KO,2004-05,2004,5,394870000.0
KO,2004-06,2004,6,394870000.0
KO,2004-07,2004,7,393590000.0
KO,2004-08,2004,8,393590000.0
KO,2004-09,2004,9,393590000.0
KO,2004-10,2004,10,393590000.0
KO,2004-11,2004,11,393590000.0
KO,2004-12,2004,12,393590000.0
KO,2005-01,2005,1,392310000.0
KO,2005-02,2005,2,392310000.0
KO,2005-03,2005,3,392310000.0
KO,2005-04,2005,4,393590000.0
KO,2005-05,2005,5,393590000.0
KO,2005-06,2005,6,393590000.0
KO,2005-07,2005,7,393590000.0
KO,2005-08,2005,8,393590000.0
KO,2005-09,2005,9,393590000.0
KO,2005-10,2005,10,393590000.0
KO,2005-11,2005,11,393590000.0
KO,2005-12,2005,12,393590000.0
KO,2006-01,2006,1,392310000.0
KO,2006-02,2006,2,392310000.0
KO,2006-03,2006,3,392310000.0
KO,2006-04,2006,4,393590000.0
KO,2006-05,2006,5,393590000.0
KO,2006-06,2006,6,393590000.0
KO,2006-07,2006,7,393590000.0
KO,2006-08,2006,8,393590000.0
KO,2006-09,2006,9,393590000.0
KO,2006-10,2006,10,393590000.0
KO,2006-11,2006,11,393590000.0
KO,2006-12,2006,12,393590000.0
KO,2007-01,2007,1,392310000.0
KO,2007-02,2007,2,392310000.0
KO,2007-03,2007,3,392310000.0
KO,2007-04,2007,4,393590000.0
KO,2007-05,2007,5,393590000.0
KO,2007-06,2007,6,393590000.0
KO,2007-07,2007,7,393590000.0
KO,2007-08,2007,8,393590000.0
KO,2007-09,2007,9,393590000.0
KO,2007-10,2007,10,393590000.0
KO,2007-11,2007,11,393590000.0
KO,2007-12,2007,12,393590000.0
KO,2008-01,2008,1,393590000.0
KO,2008-02,2008,2,393590000.0
KO,2008-03,2008,3,393590000.0
KO,2008-04,2008,4,393590000.0
KO,2008-05,2008,5,393590000.0
KO,2008-06,2008,6,393590000.0
KO,2008-07,2008,7,393590000.0
KO,2008-08,2008,8,393590000.0
KO,2008-09,2008,9,393590000.0
KO,2008-10,2008,10,392310000.0
KO,2008-11,2008,11,392310000.0
KO,2008-12,2008,12,392310000.0
KO,2009-01,2009,1,392310000.0
KO,2009-02,2009,2,392310000.0
KO,2009-03,2009,3,392310000.0
KO,2009-04,2009,4,393590000.0
KO,2009-05,2009,5,393590000.0
KO,2009-06,2009,6,393590000.0
KO,2009-07,2009,7,393590000.0
KO,2009-08,2009,8,393590000.0
KO,2009-09,2009,9,393590000.0
KO,2009-10,2009,10,394870000.0
KO,2009-11,2009,11,394870000.0
KO,2009-12,2009,12,394870000.0
KO,2010-01,2010,1,392310000.0
KO,2010-02,2010,2,392310000.0
KO,2010-03,2010,3,392310000.0
KO,2010-04,2010,4,393590000.0
KO,2010-05,2010,5,393590000.0
KO,2010-06,2010,6,393590000.0
KO,2010-07,2010,7,393590000.0
KO,2010-08,2010,8,393590000.0
KO,2010-09,2010,9,393590000.0
KO,2010-10,2010,10,393590000.0
KO,2010-11,2010,11,393590000.0
KO,2010-12,2010,12,393590000.0
KO,2011-01,2011,1,393590000.0
KO,2011-02,2011,2,393590000.0
KO,2011-03,2011,3,393590000.0
KO,2011-04,2011,4,392310000.0
KO,2011-05,2011,5,392310000.0
KO,2011-06,2011,6,392310000.0
KO,2011-07,2011,7,392310000.0
KO,2011-08,2011,8,392310000.0
KO,2011-09,2011,9,392310000.0
KO,2011-10,2011,10,393590000.0
KO,2011-11,2011,11,393590000.0
KO,2011-12,2011,12,393590000.0
KO,2012-01,2012,1,392310000.0
KO,2012-02,2012,2,392310000.0
KO,2012-03,2012,3,392310000.0
KO,2012-04,2012,4,392310000.0
KO,2012-05,2012,5,392310000.0
KO,2012-06,2012,6,392310000.0
KO,2012-07,2012,7,392310000.0
KO,2012-08,2012,8,392310000.0
KO,2012-09,2012,9,392310000.0
KO,2012-10,2012,10,393590000.0
KO,2012-11,2012,11,393590000.0
KO,2012-12,2012,12,393590000.0
KO,2013-01,2013,1,393590000.0
KO,2013-02,2013,2,393590000.0
KO,2013-03,2013,3,393590000.0
KO,2013-04,2013,4,393590000.0
KO,2013-05,2013,5,393590000.0
KO,2013-06,2013,6,393590000.0
KO,2013-07,2013,7,393590000.0
KO,2013-08,2013,8,393590000.0
KO,2013-09,2013,9,393590000.0
KO,2013-10,2013,10,393590000.0
KO,2013-11,2013,11,393590000.0
KO,2013-12,2013,12,393590000.0
KO,2014-01,2014,1,392310000.0
KO,2014-02,2014,2,392310000.0
KO,2014-03,2014,3,392310000.0
KO,2014-04,2014,4,393590000.0
KO,2014-05,2014,5,393590000.0
KO,2014-06,2014,6,393590000.0
KO,2014-07,2014,7,393590000.0
KO,2014-08,2014,8,393590000.0
KO,2014-09,2014,9,393590000.0
KO,2014-10,2014,10,393590000.0
KO,2014-11,2014,11,393590000.0
KO,2014-12,2014,12,393590000.0
KO,2015-01,2015,1,392310000.0
KO,2015-02,2015,2,392310000.0
KO,2015-03,2015,3,392310000.0
KO,2015-04,2015,4,393590000.0
KO,2015-05,2015,5,393590000.0
KO,2015-06,2015,6,393590000.0
KO,2015-07,2015,7,393590000.0
KO,2015-08,2015,8,393590000.0
KO,2015-09,2015,9,393590000.0
KO,2015-10,2015,10,393590000.0
KO,2015-11,2015,11,393590000.0
KO,2015-12,2015,12,393590000.0
KO,2016-01,2016,1,393590000.0
KO,2016-02,2016,2,393590000.0
KO,2016-03,2016,3,393590000.0
KO,2016-04,2016,4,393590000.0
KO,2016-05,2016,5,393590000.0
KO,2016-06,2016,6,393590000.0
KO,2016-07,2016,7,393590000.0
KO,2016-08,2016,8,393590000.0
KO,2016-09,2016,9,393590000.0
KO,2016-10,2016,10,393590000.0
KO,2016-11,2016,11,393590000.0
KO,2016-12,2016,12,393590000.0
KO,2017-01,2017,1,392310000.0
KO,2017-02,2017,2,392310000.0
KO,2017-03,2017,3,392310000.0
KO,2017-04,2017,4,393590000.0
KO,2017-05,2017,5,393590000.0
KO,2017-06,2017,6,393590000.0
KO,2017-07,2017,7,393590000.0
KO,2017-08,2017,8,393590000.0
KO,2017-09,2017,9,393590000.0
KO,2017-10,2017,10,393590000.0
KO,2017-11,2017,11,393590000.0
KO,2017-12,2017,12,393590000.0
KO,2018-01,2018,1,392310000.0
KO,2018-02,2018,2,392310000.0
KO,2018-03,2018,3,392310000.0
KO,2018-04,2018,4,392310000.0
KO,2018-05,2018,5,392310000.0
KO,2018-06,2018,6,392310000.0
KO,2018-07,2018,7,393590000.0
KO,2018-08,2018,8,393590000.0
KO,2018-09,2018,9,393590000.0
KO,2018-10,2018,10,393590000.0
KO,2018-11,2018,11,393590000.0
KO,2018-12,2018,12,393590000.0
KO,2019-01,2019,1,393590000.0
KO,2019-02,2019,2,393590000.0
KO,2019-03,2019,3,393590000.0
KO,2019-04,2019,4,393590000.0
KO,2019-05,2019,5,393590000.0
KO,2019-06,2019,6,393590000.0
KO,2019-07,2019,7,393590000.0
KO,2019-08,2019,8,393590000.0
KO,2019-09,2019,9,393590000.0
KO,2019-10,2019,10,393590000.0
KO,2019-11,2019,11,393590000.0
KO,2019-12,2019,12,393590000.0
KO,2020-01,2020,1,391030000.0
KO,2020-01,2020,1,391030000.0
KO,2020-02,2020,2,391030000.0
KO,2020-03,2020,3,391030000.0
KO,2020-04,2020,4,392310000.0
KO,2020-04,2020,4,392310000.0
KO,2020-05,2020,5,392310000.0
KO,2020-06,2020,6,392310000.0
KO,2020-07,2020,7,392310000.0
KO,2020-07,2020,7,392310000.0
KO,2020-08,2020,8,392310000.0
KO,2020-09,2020,9,392310000.0
KO,2020-10,2020,10,392310000.0
KO,2020-10,2020,10,392310000.0
KO,2020-11,2020,11,392310000.0
KO,2020-12,2020,12,392310000.0
KO,2021-01,2021,1,392310000.0
KO,2021-02,2021,2,392310000.0
KO,2021-03,2021,3,392310000.0
KO,2021-04,2021,4,393590000.0
KO,2021-05,2021,5,393590000.0
KO,2021-06,2021,6,393590000.0
KO,2021-07,2021,7,393590000.0
KO,2021-08,2021,8,393590000.0
KO,2021-09,2021,9,393590000.0
KO,2021-10,2021,10,393590000.0
KO,2021-11,2021,11,393590000.0
KO,2021-12,2021,12,393590000.0
KO,2022-01,2022,1,393590000.0
KO,2022-02,2022,2,393590000.0
KO,2022-03,2022,3,393590000.0
KO,2022-04,2022,4,393590000.0
KO,2022-05,2022,5,393590000.0
KO,2022-06,2022,6,393590000.0
KO,2022-07,2022,7,393590000.0
KO,2022-08,2022,8,393590000.0
KO,2022-09,2022,9,393590000.0
KO,2022-10,2022,10,392310000.0
KO,2022-11,2022,11,392310000.0
KO,2022-12,2022,12,392310000.0
KO,2023-01,2023,1,392310000.0
KO,2023-02,2023,2,392310000.0
KO,2023-03,2023,3,392310000.0
KO,2023-04,2023,4,392310000.0
KO,2023-05,2023,5,392310000.0
KO,2023-06,2023,6,392310000.0
KO,2023-07,2023,7,393590000.0
KO,2023-08,2023,8,393590000.0
KO,2023-09,2023,9,393590000.0
KO,2023-10,2023,10,392310000.0
KO,2023-11,2023,11,392310000.0
KO,2023-12,2023,12,392310000.0
KO,2024-01,2024,1,392310000.0
KO,2024-02,2024,2,392310000.0
KO,2024-03,2024,3,392310000.0
KO,2024-04,2024,4,392310000.0
KO,2024-05,2024,5,392310000.0
KO,2024-06,2024,6,392310000.0
KO,2024-07,2024,7,392310000.0
KO,2024-08,2024,8,392310000.0
KO,2024-09,2024,9,392310000.0
KO,2024-10,2024,10,391030000.0
KR US,1999-01,1999,1,50000000.0
KR US,1999-02,1999,2,50000000.0
KR US,1999-03,1999,3,50000000.0
KR US,1999-04,1999,4,50000000.0
KR US,1999-05,1999,5,50000000.0
KR US,1999-06,1999,6,50000000.0
KR US,1999-07,1999,7,50000000.0
KR US,1999-08,1999,8,50000000.0
KR US,1999-09,1999,9,50000000.0
KR US,1999-10,1999,10,50000000.0
KR US,1999-11,1999,11,50000000.0
KR US,1999-12,1999,12,50000000.0
KR US,2000-01,2000,1,50000000.0
KR US,2000-02,2000,2,50000000.0
KR US,2000-03,2000,3,50000000.0
KR US,2000-04,2000,4,50000000.0
KR US,2000-05,2000,5,50000000.0
KR US,2000-06,2000,6,50000000.0
KR US,2000-07,2000,7,50000000.0
KR US,2000-08,2000,8,50000000.0
KR US,2000-09,2000,9,50000000.0
KR US,2000-10,2000,10,50000000.0
KR US,2000-11,2000,11,50000000.0
KR US,2000-12,2000,12,50000000.0
KR US,2001-01,2001,1,50000000.0
KR US,2001-02,2001,2,50000000.0
KR US,2001-03,2001,3,50000000.0
KR US,2001-04,2001,4,50000000.0
KR US,2001-05,2001,5,50000000.0
KR US,2001-06,2001,6,50000000.0
KR US,2001-07,2001,7,50000000.0
KR US,2001-08,2001,8,50000000.0
KR US,2001-09,2001,9,50000000.0
KR US,2001-10,2001,10,50000000.0
KR US,2001-11,2001,11,50000000.0
KR US,2001-12,2001,12,50000000.0
KR US,2002-01,2002,1,50000000.0
KR US,2002-02,2002,2,50000000.0
KR US,2002-03,2002,3,50000000.0
KR US,2002-04,2002,4,50000000.0
KR US,2002-05,2002,5,50000000.0
KR US,2002-06,2002,6,50000000.0
KR US,2002-07,2002,7,50000000.0
KR US,2002-08,2002,8,50000000.0
KR US,2002-09,2002,9,50000000.0
KR US,2002-10,2002,10,50000000.0
KR US,2002-11,2002,11,50000000.0
KR US,2002-12,2002,12,50000000.0
KR US,2003-01,2003,1,50000000.0
KR US,2003-02,2003,2,50000000.0
KR US,2003-03,2003,3,50000000.0
KR US,2003-04,2003,4,50000000.0
KR US,2003-05,2003,5,50000000.0
KR US,2003-06,2003,6,50000000.0
KR US,2003-07,2003,7,50000000.0
KR US,2003-08,2003,8,50000000.0
KR US,2003-09,2003,9,50000000.0
KR US,2003-10,2003,10,50000000.0
KR US,2003-11,2003,11,50000000.0
KR US,2003-12,2003,12,50000000.0
KR US,2004-01,2004,1,50000000.0
KR US,2004-02,2004,2,50000000.0
KR US,2004-03,2004,3,50000000.0
KR US,2004-04,2004,4,50000000.0
KR US,2004-05,2004,5,50000000.0
KR US,2004-06,2004,6,50000000.0
KR US,2004-07,2004,7,50000000.0
KR US,2004-08,2004,8,50000000.0
KR US,2004-09,2004,9,50000000.0
KR US,2004-10,2004,10,50000000.0
KR US,2004-11,2004,11,50000000.0
KR US,2004-12,2004,12,50000000.0
KR US,2005-01,2005,1,50000000.0
KR US,2005-02,2005,2,50000000.0
KR US,2005-03,2005,3,50000000.0
KR US,2005-04,2005,4,50000000.0
KR US,2005-05,2005,5,50000000.0
KR US,2005-06,2005,6,50000000.0
KR US,2005-07,2005,7,50000000.0
KR US,2005-08,2005,8,50000000.0
KR US,2005-09,2005,9,50000000.0
KR US,2005-10,2005,10,50000000.0
KR US,2005-11,2005,11,50000000.0
KR US,2005-12,2005,12,50000000.0
KR US,2006-01,2006,1,50000000.0
KR US,2006-02,2006,2,50000000.0
KR US,2006-03,2006,3,50000000.0
KR US,2006-04,2006,4,50000000.0
KR US,2006-05,2006,5,50000000.0
KR US,2006-06,2006,6,50000000.0
KR US,2006-07,2006,7,50000000.0
KR US,2006-08,2006,8,50000000.0
KR US,2006-09,2006,9,50000000.0
KR US,2006-10,2006,10,50000000.0
KR US,2006-11,2006,11,50000000.0
KR US,2006-12,2006,12,50000000.0
KR US,2007-01,2007,1,50000000.0
KR US,2007-02,2007,2,50000000.0
KR US,2007-03,2007,3,50000000.0
KR US,2007-04,2007,4,50000000.0
KR US,2007-05,2007,5,50000000.0
KR US,2007-06,2007,6,50000000.0
KR US,2007-07,2007,7,50000000.0
KR US,2007-08,2007,8,50000000.0
KR US,2007-09,2007,9,50000000.0
KR US,2007-10,2007,10,50000000.0
KR US,2007-11,2007,11,50000000.0
KR US,2007-12,2007,12,50000000.0
KR US,2008-01,2008,1,50000000.0
KR US,2008-02,2008,2,50000000.0
KR US,2008-03,2008,3,50000000.0
KR US,2008-04,2008,4,50000000.0
KR US,2008-05,2008,5,50000000.0
KR US,2008-06,2008,6,50000000.0
KR US,2008-07,2008,7,50000000.0
KR US,2008-08,2008,8,50000000.0
KR US,2008-09,2008,9,50000000.0
KR US,2008-10,2008,10,50000000.0
KR US,2008-11,2008,11,50000000.0
KR US,2008-12,2008,12,50000000.0
KR US,2009-01,2009,1,50000000.0
KR US,2009-02,2009,2,50000000.0
KR US,2009-03,2009,3,50000000.0
KR US,2009-04,2009,4,50000000.0
KR US,2009-05,2009,5,50000000.0
KR US,2009-06,2009,6,50000000.0
KR US,2009-07,2009,7,50000000.0
KR US,2009-08,2009,8,50000000.0
KR US,2009-09,2009,9,50000000.0
KR US,2009-10,2009,10,50000000.0
KR US,2009-11,2009,11,50000000.0
KR US,2009-12,2009,12,50000000.0
KR US,2010-01,2010,1,50000000.0
KR US,2010-02,2010,2,50000000.0
KR US,2010-03,2010,3,50000000.0
KR US,2010-04,2010,4,50000000.0
KR US,2010-05,2010,5,50000000.0
KR US,2010-06,2010,6,50000000.0
KR US,2010-07,2010,7,50000000.0
KR US,2010-08,2010,8,50000000.0
KR US,2010-09,2010,9,50000000.0
KR US,2010-10,2010,10,50000000.0
KR US,2010-11,2010,11,50000000.0
KR US,2010-12,2010,12,50000000.0
KR US,2011-01,2011,1,50000000.0
KR US,2011-02,2011,2,50000000.0
KR US,2011-03,2011,3,50000000.0
KR US,2011-04,2011,4,50000000.0
KR US,2011-05,2011,5,50000000.0
KR US,2011-06,2011,6,50000000.0
KR US,2011-07,2011,7,50000000.0
KR US,2011-08,2011,8,50000000.0
KR US,2011-09,2011,9,50000000.0
KR US,2011-10,2011,10,50000000.0
KR US,2011-11,2011,11,50000000.0
KR US,2011-12,2011,12,50000000.0
KR US,2012-01,2012,1,50000000.0
KR US,2012-02,2012,2,50000000.0
KR US,2012-03,2012,3,50000000.0
KR US,2012-04,2012,4,50000000.0
KR US,2012-05,2012,5,50000000.0
KR US,2012-06,2012,6,50000000.0
KR US,2012-07,2012,7,50000000.0
KR US,2012-08,2012,8,50000000.0
KR US,2012-09,2012,9,50000000.0
KR US,2012-10,2012,10,50000000.0
KR US,2012-11,2012,11,50000000.0
KR US,2012-12,2012,12,50000000.0
KR US,2013-01,2013,1,50000000.0
KR US,2013-02,2013,2,50000000.0
KR US,2013-03,2013,3,50000000.0
KR US,2013-04,2013,4,50000000.0
KR US,2013-05,2013,5,50000000.0
KR US,2013-06,2013,6,50000000.0
KR US,2013-07,2013,7,50000000.0
KR US,2013-08,2013,8,50000000.0
KR US,2013-09,2013,9,50000000.0
KR US,2013-10,2013,10,50000000.0
KR US,2013-11,2013,11,50000000.0
KR US,2013-12,2013,12,50000000.0
KR US,2014-01,2014,1,50000000.0
KR US,2014-02,2014,2,50000000.0
KR US,2014-03,2014,3,50000000.0
KR US,2014-04,2014,4,50000000.0
KR US,2014-05,2014,5,50000000.0
KR US,2014-06,2014,6,50000000.0
KR US,2014-07,2014,7,50000000.0
KR US,2014-08,2014,8,50000000.0
KR US,2014-09,2014,9,50000000.0
KR US,2014-10,2014,10,50000000.0
KR US,2014-11,2014,11,50000000.0
KR US,2014-12,2014,12,50000000.0
KR US,2015-01,2015,1,50000000.0
KR US,2015-02,2015,2,50000000.0
KR US,2015-03,2015,3,50000000.0
KR US,2015-04,2015,4,50000000.0
KR US,2015-05,2015,5,50000000.0
KR US,2015-06,2015,6,50000000.0
KR US,2015-07,2015,7,50000000.0
KR US,2015-08,2015,8,50000000.0
KR US,2015-09,2015,9,50000000.0
KR US,2015-10,2015,10,50000000.0
KR US,2015-11,2015,11,50000000.0
KR US,2015-12,2015,12,50000000.0
KR US,2016-01,2016,1,50000000.0
KR US,2016-02,2016,2,50000000.0
KR US,2016-03,2016,3,50000000.0
KR US,2016-04,2016,4,50000000.0
KR US,2016-05,2016,5,50000000.0
KR US,2016-06,2016,6,50000000.0
KR US,2016-07,2016,7,50000000.0
KR US,2016-08,2016,8,50000000.0
KR US,2016-09,2016,9,50000000.0
KR US,2016-10,2016,10,50000000.0
KR US,2016-11,2016,11,50000000.0
KR US,2016-12,2016,12,50000000.0
KR US,2017-01,2017,1,50000000.0
KR US,2017-02,2017,2,50000000.0
KR US,2017-03,2017,3,50000000.0
KR US,2017-04,2017,4,50000000.0
KR US,2017-05,2017,5,50000000.0
KR US,2017-06,2017,6,50000000.0
KR US,2017-07,2017,7,50000000.0
KR US,2017-08,2017,8,50000000.0
KR US,2017-09,2017,9,50000000.0
KR US,2017-10,2017,10,50000000.0
KR US,2017-11,2017,11,50000000.0
KR US,2017-12,2017,12,50000000.0
KR US,2018-01,2018,1,50000000.0
KR US,2018-02,2018,2,50000000.0
KR US,2018-03,2018,3,50000000.0
KR US,2018-04,2018,4,50000000.0
KR US,2018-05,2018,5,50000000.0
KR US,2018-06,2018,6,50000000.0
KR US,2018-07,2018,7,50000000.0
KR US,2018-08,2018,8,50000000.0
KR US,2018-09,2018,9,50000000.0
KR US,2018-10,2018,10,50000000.0
KR US,2018-11,2018,11,50000000.0
KR US,2018-12,2018,12,50000000.0
KR US,2019-01,2019,1,50000000.0
KR US,2019-02,2019,2,50000000.0
KR US,2019-03,2019,3,50000000.0
KR US,2019-04,2019,4,50000000.0
KR US,2019-05,2019,5,50000000.0
KR US,2019-06,2019,6,50000000.0
KR US,2019-07,2019,7,50000000.0
KR US,2019-08,2019,8,50000000.0
KR US,2019-09,2019,9,50000000.0
KR US,2019-10,2019,10,50000000.0
KR US,2019-11,2019,11,50000000.0
KR US,2019-12,2019,12,50000000.0
KR US,2020-01,2020,1,50000000.0
KR US,2020-02,2020,2,50000000.0
KR US,2020-03,2020,3,50000000.0
KR US,2020-04,2020,4,50000000.0
KR US,2020-05,2020,5,50000000.0
KR US,2020-06,2020,6,50000000.0
KR US,2020-07,2020,7,50000000.0
KR US,2020-08,2020,8,50000000.0
KR US,2020-09,2020,9,50000000.0
KR US,2020-10,2020,10,50000000.0
KR US,2020-11,2020,11,50000000.0
KR US,2020-12,2020,12,50000000.0
KR US,2021-01,2021,1,50000000.0
KR US,2021-02,2021,2,50000000.0
KR US,2021-03,2021,3,50000000.0
KR US,2021-04,2021,4,50000000.0
KR US,2021-05,2021,5,50000000.0
KR US,2021-06,2021,6,50000000.0
KR US,2021-07,2021,7,50000000.0
KR US,2021-08,2021,8,50000000.0
KR US,2021-09,2021,9,50000000.0
KR US,2021-10,2021,10,50000000.0
KR US,2021-11,2021,11,50000000.0
KR US,2021-12,2021,12,50000000.0
KR US,2022-01,2022,1,50000000.0
KR US,2022-02,2022,2,50000000.0
KR US,2022-03,2022,3,50000000.0
KR US,2022-04,2022,4,50000000.0
KR US,2022-05,2022,5,50000000.0
KR US,2022-06,2022,6,50000000.0
KR US,2022-07,2022,7,50000000.0
KR US,2022-08,2022,8,50000000.0
KR US,2022-09,2022,9,50000000.0
KR US,2022-10,2022,10,50000000.0
KR US,2022-11,2022,11,50000000.0
KR US,2022-12,2022,12,50000000.0
KR US,2023-01,2023,1,50000000.0
KR US,2023-02,2023,2,50000000.0
KR US,2023-03,2023,3,50000000.0
KR US,2023-04,2023,4,50000000.0
KR US,2023-05,2023,5,50000000.0
KR US,2023-06,2023,6,50000000.0
KR US,2023-07,2023,7,50000000.0
KR US,2023-08,2023,8,50000000.0
KR US,2023-09,2023,9,50000000.0
KR US,2023-10,2023,10,50000000.0
KR US,2023-11,2023,11,50000000.0
KR US,2023-12,2023,12,50000000.0
KR US,2024-01,2024,1,50000000.0
KR US,2024-02,2024,2,50000000.0
KR US,2024-03,2024,3,50000000.0
KR US,2024-04,2024,4,50000000.0
KR US,2024-05,2024,5,50000000.0
KR US,2024-06,2024,6,50000000.0
KR US,2024-07,2024,7,50000000.0
KR US,2024-08,2024,8,50000000.0
KR US,2024-09,2024,9,50000000.0
KR US,2024-10,2024,10,50000000.0
LAMR US,2001-10,2001,10,64989.99999999999
LAMR US,2001-11,2001,11,64989.99999999999
LAMR US,2001-12,2001,12,64989.99999999999
LAMR US,2002-01,2002,1,64989.99999999999
LAMR US,2002-02,2002,2,64989.99999999999
LAMR US,2002-03,2002,3,64989.99999999999
LAMR US,2002-04,2002,4,64989.99999999999
LAMR US,2002-05,2002,5,64989.99999999999
LAMR US,2002-06,2002,6,64989.99999999999
LAMR US,2002-07,2002,7,64989.99999999999
LAMR US,2002-08,2002,8,64989.99999999999
LAMR US,2002-09,2002,9,64989.99999999999
LAMR US,2002-10,2002,10,64989.99999999999
LAMR US,2002-11,2002,11,64989.99999999999
LAMR US,2002-12,2002,12,64989.99999999999
LAMR US,2003-01,2003,1,64989.99999999999
LAMR US,2003-02,2003,2,64989.99999999999
LAMR US,2003-03,2003,3,64989.99999999999
LAMR US,2003-04,2003,4,64989.99999999999
LAMR US,2003-05,2003,5,64989.99999999999
LAMR US,2003-06,2003,6,64989.99999999999
LAMR US,2003-07,2003,7,64989.99999999999
LAMR US,2003-08,2003,8,64989.99999999999
LAMR US,2003-09,2003,9,64989.99999999999
LAMR US,2003-10,2003,10,64989.99999999999
LAMR US,2003-11,2003,11,64989.99999999999
LAMR US,2003-12,2003,12,64989.99999999999
LAMR US,2004-01,2004,1,64989.99999999999
LAMR US,2004-02,2004,2,64989.99999999999
LAMR US,2004-03,2004,3,64989.99999999999
LAMR US,2004-04,2004,4,64989.99999999999
LAMR US,2004-05,2004,5,64989.99999999999
LAMR US,2004-06,2004,6,64989.99999999999
LAMR US,2004-07,2004,7,64989.99999999999
LAMR US,2004-08,2004,8,64989.99999999999
LAMR US,2004-09,2004,9,64989.99999999999
LAMR US,2004-10,2004,10,64989.99999999999
LAMR US,2004-11,2004,11,64989.99999999999
LAMR US,2004-12,2004,12,64989.99999999999
LAMR US,2005-01,2005,1,64989.99999999999
LAMR US,2005-02,2005,2,64989.99999999999
LAMR US,2005-03,2005,3,64989.99999999999
LAMR US,2005-04,2005,4,64989.99999999999
LAMR US,2005-05,2005,5,64989.99999999999
LAMR US,2005-06,2005,6,64989.99999999999
LAMR US,2005-07,2005,7,64989.99999999999
LAMR US,2005-08,2005,8,64989.99999999999
LAMR US,2005-09,2005,9,64989.99999999999
LAMR US,2005-10,2005,10,64989.99999999999
LAMR US,2005-11,2005,11,64989.99999999999
LAMR US,2005-12,2005,12,64989.99999999999
LAMR US,2006-01,2006,1,64989.99999999999
LAMR US,2006-02,2006,2,64989.99999999999
LAMR US,2006-03,2006,3,64989.99999999999
LAMR US,2006-04,2006,4,64989.99999999999
LAMR US,2006-05,2006,5,64989.99999999999
LAMR US,2006-06,2006,6,64989.99999999999
LAMR US,2006-07,2006,7,64989.99999999999
LAMR US,2006-08,2006,8,64989.99999999999
LAMR US,2006-09,2006,9,64989.99999999999
LAMR US,2006-10,2006,10,64989.99999999999
LAMR US,2006-11,2006,11,64989.99999999999
LAMR US,2006-12,2006,12,64989.99999999999
LAMR US,2007-01,2007,1,64989.99999999999
LAMR US,2007-02,2007,2,64989.99999999999
LAMR US,2007-03,2007,3,64989.99999999999
LAMR US,2007-04,2007,4,64989.99999999999
LAMR US,2007-05,2007,5,64989.99999999999
LAMR US,2007-06,2007,6,64989.99999999999
LAMR US,2007-07,2007,7,64989.99999999999
LAMR US,2007-08,2007,8,64989.99999999999
LAMR US,2007-09,2007,9,64989.99999999999
LAMR US,2007-10,2007,10,64989.99999999999
LAMR US,2007-11,2007,11,64989.99999999999
LAMR US,2007-12,2007,12,64989.99999999999
LAMR US,2008-01,2008,1,64989.99999999999
LAMR US,2008-02,2008,2,64989.99999999999
LAMR US,2008-03,2008,3,64989.99999999999
LAMR US,2008-04,2008,4,64989.99999999999
LAMR US,2008-05,2008,5,64989.99999999999
LAMR US,2008-06,2008,6,64989.99999999999
LAMR US,2008-07,2008,7,64989.99999999999
LAMR US,2008-08,2008,8,64989.99999999999
LAMR US,2008-09,2008,9,64989.99999999999
LAMR US,2008-10,2008,10,64989.99999999999
LAMR US,2008-11,2008,11,64989.99999999999
LAMR US,2008-12,2008,12,64989.99999999999
LAMR US,2009-01,2009,1,64989.99999999999
LAMR US,2009-02,2009,2,64989.99999999999
LAMR US,2009-03,2009,3,64989.99999999999
LAMR US,2009-04,2009,4,64989.99999999999
LAMR US,2009-05,2009,5,64989.99999999999
LAMR US,2009-06,2009,6,64989.99999999999
LAMR US,2009-07,2009,7,64989.99999999999
LAMR US,2009-08,2009,8,64989.99999999999
LAMR US,2009-09,2009,9,64989.99999999999
LAMR US,2009-10,2009,10,64989.99999999999
LAMR US,2009-11,2009,11,64989.99999999999
LAMR US,2009-12,2009,12,64989.99999999999
LAMR US,2010-01,2010,1,64989.99999999999
LAMR US,2010-02,2010,2,64989.99999999999
LAMR US,2010-03,2010,3,64989.99999999999
LAMR US,2010-04,2010,4,64989.99999999999
LAMR US,2010-05,2010,5,64989.99999999999
LAMR US,2010-06,2010,6,64989.99999999999
LAMR US,2010-07,2010,7,64989.99999999999
LAMR US,2010-08,2010,8,64989.99999999999
LAMR US,2010-09,2010,9,64989.99999999999
LAMR US,2010-10,2010,10,64989.99999999999
LAMR US,2010-11,2010,11,64989.99999999999
LAMR US,2010-12,2010,12,64989.99999999999
LAMR US,2011-01,2011,1,64989.99999999999
LAMR US,2011-02,2011,2,64989.99999999999
LAMR US,2011-03,2011,3,64989.99999999999
LAMR US,2011-04,2011,4,64989.99999999999
LAMR US,2011-05,2011,5,64989.99999999999
LAMR US,2011-06,2011,6,64989.99999999999
LAMR US,2011-07,2011,7,64989.99999999999
LAMR US,2011-08,2011,8,64989.99999999999
LAMR US,2011-09,2011,9,64989.99999999999
LAMR US,2011-10,2011,10,64989.99999999999
LAMR US,2011-11,2011,11,64989.99999999999
LAMR US,2011-12,2011,12,64989.99999999999
LAMR US,2012-01,2012,1,64989.99999999999
LAMR US,2012-02,2012,2,64989.99999999999
LAMR US,2012-03,2012,3,64989.99999999999
LAMR US,2012-04,2012,4,64989.99999999999
LAMR US,2012-05,2012,5,64989.99999999999
LAMR US,2012-06,2012,6,64989.99999999999
LAMR US,2012-07,2012,7,64989.99999999999
LAMR US,2012-08,2012,8,64989.99999999999
LAMR US,2012-09,2012,9,64989.99999999999
LAMR US,2012-10,2012,10,64989.99999999999
LAMR US,2012-11,2012,11,64989.99999999999
LAMR US,2012-12,2012,12,64989.99999999999
LAMR US,2013-01,2013,1,64989.99999999999
LAMR US,2013-02,2013,2,64989.99999999999
LAMR US,2013-03,2013,3,64989.99999999999
LAMR US,2013-04,2013,4,64989.99999999999
LAMR US,2013-05,2013,5,64989.99999999999
LAMR US,2013-06,2013,6,64989.99999999999
LAMR US,2013-07,2013,7,64989.99999999999
LAMR US,2013-08,2013,8,64989.99999999999
LAMR US,2013-09,2013,9,64989.99999999999
LAMR US,2013-10,2013,10,64989.99999999999
LAMR US,2013-11,2013,11,64989.99999999999
LAMR US,2013-12,2013,12,64989.99999999999
LAMR US,2014-01,2014,1,64989.99999999999
LAMR US,2014-02,2014,2,64989.99999999999
LAMR US,2014-03,2014,3,64989.99999999999
LAMR US,2014-04,2014,4,64989.99999999999
LAMR US,2014-05,2014,5,64989.99999999999
LAMR US,2014-06,2014,6,64989.99999999999
LAMR US,2014-07,2014,7,64989.99999999999
LAMR US,2014-08,2014,8,64989.99999999999
LAMR US,2014-09,2014,9,64989.99999999999
LAMR US,2014-10,2014,10,64989.99999999999
LAMR US,2014-11,2014,11,64989.99999999999
LAMR US,2014-12,2014,12,64989.99999999999
LAMR US,2015-01,2015,1,64989.99999999999
LAMR US,2015-02,2015,2,64989.99999999999
LAMR US,2015-03,2015,3,64989.99999999999
LAMR US,2015-04,2015,4,64989.99999999999
LAMR US,2015-05,2015,5,64989.99999999999
LAMR US,2015-06,2015,6,64989.99999999999
LAMR US,2015-07,2015,7,64989.99999999999
LAMR US,2015-08,2015,8,64989.99999999999
LAMR US,2015-09,2015,9,64989.99999999999
LAMR US,2015-10,2015,10,64989.99999999999
LAMR US,2015-11,2015,11,64989.99999999999
LAMR US,2015-12,2015,12,64989.99999999999
LAMR US,2016-01,2016,1,64989.99999999999
LAMR US,2016-02,2016,2,64989.99999999999
LAMR US,2016-03,2016,3,64989.99999999999
LAMR US,2016-04,2016,4,64989.99999999999
LAMR US,2016-05,2016,5,64989.99999999999
LAMR US,2016-06,2016,6,64989.99999999999
LAMR US,2016-07,2016,7,64989.99999999999
LAMR US,2016-08,2016,8,64989.99999999999
LAMR US,2016-09,2016,9,64989.99999999999
LAMR US,2016-10,2016,10,64989.99999999999
LAMR US,2016-11,2016,11,64989.99999999999
LAMR US,2016-12,2016,12,64989.99999999999
LAMR US,2017-01,2017,1,64989.99999999999
LAMR US,2017-02,2017,2,64989.99999999999
LAMR US,2017-03,2017,3,64989.99999999999
LAMR US,2017-04,2017,4,64989.99999999999
LAMR US,2017-05,2017,5,64989.99999999999
LAMR US,2017-06,2017,6,64989.99999999999
LAMR US,2017-07,2017,7,64989.99999999999
LAMR US,2017-08,2017,8,64989.99999999999
LAMR US,2017-09,2017,9,64989.99999999999
LAMR US,2017-10,2017,10,64989.99999999999
LAMR US,2017-11,2017,11,64989.99999999999
LAMR US,2017-12,2017,12,64989.99999999999
LAMR US,2018-01,2018,1,64989.99999999999
LAMR US,2018-02,2018,2,64989.99999999999
LAMR US,2018-03,2018,3,64989.99999999999
LAMR US,2018-04,2018,4,64989.99999999999
LAMR US,2018-05,2018,5,64989.99999999999
LAMR US,2018-06,2018,6,64989.99999999999
LAMR US,2018-07,2018,7,64989.99999999999
LAMR US,2018-08,2018,8,64989.99999999999
LAMR US,2018-09,2018,9,64989.99999999999
LAMR US,2018-10,2018,10,64989.99999999999
LAMR US,2018-11,2018,11,64989.99999999999
LAMR US,2018-12,2018,12,64989.99999999999
LAMR US,2019-01,2019,1,64989.99999999999
LAMR US,2019-02,2019,2,64989.99999999999
LAMR US,2019-03,2019,3,64989.99999999999
LAMR US,2019-04,2019,4,64989.99999999999
LAMR US,2019-05,2019,5,64989.99999999999
LAMR US,2019-06,2019,6,64989.99999999999
LAMR US,2019-07,2019,7,64989.99999999999
LAMR US,2019-08,2019,8,64989.99999999999
LAMR US,2019-09,2019,9,64989.99999999999
LAMR US,2019-10,2019,10,64989.99999999999
LAMR US,2019-11,2019,11,64989.99999999999
LAMR US,2019-12,2019,12,64989.99999999999
LAMR US,2020-01,2020,1,64989.99999999999
LAMR US,2020-02,2020,2,64989.99999999999
LAMR US,2020-03,2020,3,64989.99999999999
LAMR US,2020-04,2020,4,64989.99999999999
LAMR US,2020-05,2020,5,64989.99999999999
LAMR US,2020-06,2020,6,64989.99999999999
LAMR US,2020-07,2020,7,64989.99999999999
LAMR US,2020-08,2020,8,64989.99999999999
LAMR US,2020-09,2020,9,64989.99999999999
LAMR US,2020-10,2020,10,64989.99999999999
LAMR US,2020-11,2020,11,64989.99999999999
LAMR US,2020-12,2020,12,64989.99999999999
LAMR US,2021-01,2021,1,64989.99999999999
LAMR US,2021-02,2021,2,64989.99999999999
LAMR US,2021-03,2021,3,64989.99999999999
LAMR US,2021-04,2021,4,64989.99999999999
LAMR US,2021-05,2021,5,64989.99999999999
LAMR US,2021-06,2021,6,64989.99999999999
LAMR US,2021-07,2021,7,64989.99999999999
LAMR US,2021-08,2021,8,64989.99999999999
LAMR US,2021-09,2021,9,64989.99999999999
LAMR US,2021-10,2021,10,64989.99999999999
LAMR US,2021-11,2021,11,64989.99999999999
LAMR US,2021-12,2021,12,64989.99999999999
LAMR US,2022-01,2022,1,64989.99999999999
LAMR US,2022-02,2022,2,64989.99999999999
LAMR US,2022-03,2022,3,64989.99999999999
LAMR US,2022-04,2022,4,64989.99999999999
LAMR US,2022-05,2022,5,64989.99999999999
LAMR US,2022-06,2022,6,64989.99999999999
LAMR US,2022-07,2022,7,64989.99999999999
LAMR US,2022-08,2022,8,64989.99999999999
LAMR US,2022-09,2022,9,64989.99999999999
LAMR US,2022-10,2022,10,64989.99999999999
LAMR US,2022-11,2022,11,64989.99999999999
LAMR US,2022-12,2022,12,64989.99999999999
LAMR US,2023-01,2023,1,64989.99999999999
LAMR US,2023-02,2023,2,64989.99999999999
LAMR US,2023-03,2023,3,64989.99999999999
LAMR US,2023-04,2023,4,64989.99999999999
LAMR US,2023-05,2023,5,64989.99999999999
LAMR US,2023-06,2023,6,64989.99999999999
LAMR US,2023-07,2023,7,64989.99999999999
LAMR US,2023-08,2023,8,64989.99999999999
LAMR US,2023-09,2023,9,64989.99999999999
LAMR US,2023-10,2023,10,64989.99999999999
LAMR US,2023-11,2023,11,64989.99999999999
LAMR US,2023-12,2023,12,64989.99999999999
LAMR US,2024-01,2024,1,64989.99999999999
LAMR US,2024-02,2024,2,64989.99999999999
LAMR US,2024-03,2024,3,64989.99999999999
LAMR US,2024-04,2024,4,64989.99999999999
LAMR US,2024-05,2024,5,64989.99999999999
LAMR US,2024-06,2024,6,64989.99999999999
LAMR US,2024-07,2024,7,64989.99999999999
LAMR US,2024-08,2024,8,64989.99999999999
LAMR US,2024-09,2024,9,64989.99999999999
LAMR US,2024-10,2024,10,64989.99999999999
LEN/B US,2022-07,2022,7,152570.0
LEN/B US,2022-08,2022,8,152570.0
LEN/B US,2022-09,2022,9,152570.0
LEN/B US,2022-10,2022,10,152570.0
LEN/B US,2022-11,2022,11,152570.0
LEN/B US,2022-12,2022,12,152570.0
LEN/B US,2023-01,2023,1,152570.0
LEN/B US,2023-02,2023,2,152570.0
LEN/B US,2023-03,2023,3,152570.0
LEN/B US,2023-04,2023,4,152570.0
LEN/B US,2023-05,2023,5,152570.0
LEN/B US,2023-06,2023,6,152570.0
LEN/B US,2023-07,2023,7,152570.0
LEN/B US,2023-08,2023,8,152570.0
LEN/B US,2023-09,2023,9,152570.0
LEN/B US,2023-10,2023,10,152570.0
LILA US,2015-10,2015,10,500000.0
LILA US,2015-11,2015,11,500000.0
LILA US,2015-12,2015,12,500000.0
LILA US,2016-01,2016,1,500000.0
LILA US,2016-02,2016,2,500000.0
LILA US,2016-03,2016,3,500000.0
LILA US,2016-04,2016,4,500000.0
LILA US,2016-05,2016,5,500000.0
LILA US,2016-06,2016,6,500000.0
LILA US,2016-07,2016,7,2720000.0
LILA US,2016-08,2016,8,2720000.0
LILA US,2016-09,2016,9,2720000.0
LILA US,2016-10,2016,10,2720000.0
LILA US,2016-11,2016,11,2720000.0
LILA US,2016-12,2016,12,2720000.0
LILA US,2017-01,2017,1,2720000.0
LILA US,2017-02,2017,2,2720000.0
LILA US,2017-03,2017,3,2720000.0
LILA US,2017-04,2017,4,2720000.0
LILA US,2017-05,2017,5,2720000.0
LILA US,2017-06,2017,6,2720000.0
LILA US,2017-07,2017,7,2720000.0
LILA US,2017-08,2017,8,2720000.0
LILA US,2017-09,2017,9,2720000.0
LILA US,2017-10,2017,10,2720000.0
LILA US,2017-11,2017,11,2720000.0
LILA US,2017-12,2017,12,2720000.0
LILA US,2018-01,2018,1,2720000.0
LILA US,2018-02,2018,2,2720000.0
LILA US,2018-03,2018,3,2720000.0
LILA US,2018-04,2018,4,2720000.0
LILA US,2018-05,2018,5,2720000.0
LILA US,2018-06,2018,6,2720000.0
LILA US,2018-07,2018,7,2720000.0
LILA US,2018-08,2018,8,2720000.0
LILA US,2018-09,2018,9,2720000.0
LILA US,2018-10,2018,10,2720000.0
LILA US,2018-11,2018,11,2720000.0
LILA US,2018-12,2018,12,2720000.0
LILA US,2019-01,2019,1,2720000.0
LILA US,2019-02,2019,2,2720000.0
LILA US,2019-03,2019,3,2720000.0
LILA US,2019-04,2019,4,2720000.0
LILA US,2019-05,2019,5,2720000.0
LILA US,2019-06,2019,6,2720000.0
LILA US,2019-07,2019,7,2720000.0
LILA US,2019-08,2019,8,2720000.0
LILA US,2019-09,2019,9,2720000.0
LILA US,2019-10,2019,10,2650000.0
LILA US,2019-11,2019,11,2650000.0
LILA US,2019-12,2019,12,2650000.0
LILA US,2020-01,2020,1,2720000.0
LILA US,2020-02,2020,2,2720000.0
LILA US,2020-03,2020,3,2720000.0
LILA US,2020-04,2020,4,2580000.0
LILA US,2020-05,2020,5,2580000.0
LILA US,2020-06,2020,6,2580000.0
LILA US,2020-07,2020,7,2570000.0
LILA US,2020-08,2020,8,2570000.0
LILA US,2020-09,2020,9,2570000.0
LILA US,2020-10,2020,10,2570000.0
LILA US,2020-11,2020,11,2570000.0
LILA US,2020-12,2020,12,2570000.0
LILA US,2021-01,2021,1,2570000.0
LILA US,2021-02,2021,2,2570000.0
LILA US,2021-03,2021,3,2570000.0
LILA US,2021-04,2021,4,2580000.0
LILA US,2021-05,2021,5,2580000.0
LILA US,2021-06,2021,6,2580000.0
LILA US,2021-07,2021,7,2580000.0
LILA US,2021-08,2021,8,2580000.0
LILA US,2021-09,2021,9,2580000.0
LILA US,2021-10,2021,10,2570000.0
LILA US,2021-11,2021,11,2570000.0
LILA US,2021-12,2021,12,2570000.0
LILA US,2022-01,2022,1,2580000.0
LILA US,2022-02,2022,2,2580000.0
LILA US,2022-03,2022,3,2580000.0
LILA US,2022-04,2022,4,2570000.0
LILA US,2022-05,2022,5,2570000.0
LILA US,2022-06,2022,6,2570000.0
LILA US,2022-07,2022,7,2580000.0
LILA US,2022-08,2022,8,2580000.0
LILA US,2022-09,2022,9,2580000.0
LILA US,2022-10,2022,10,2580000.0
LILA US,2022-11,2022,11,2580000.0
LILA US,2022-12,2022,12,2580000.0
LILA US,2023-01,2023,1,2570000.0
LILA US,2023-02,2023,2,2570000.0
LILA US,2023-03,2023,3,2570000.0
LILA US,2023-04,2023,4,2570000.0
LILA US,2023-05,2023,5,2570000.0
LILA US,2023-06,2023,6,2570000.0
LILA US,2023-07,2023,7,2570000.0
LILA US,2023-08,2023,8,2570000.0
LILA US,2023-09,2023,9,2570000.0
LILA US,2023-10,2023,10,2570000.0
LILA US,2023-11,2023,11,2570000.0
LILA US,2023-12,2023,12,2570000.0
LILA US,2024-01,2024,1,2580000.0
LILA US,2024-02,2024,2,2580000.0
LILA US,2024-03,2024,3,2580000.0
LILA US,2024-04,2024,4,2580000.0
LILA US,2024-05,2024,5,2580000.0
LILA US,2024-06,2024,6,2580000.0
LILA US,2024-07,2024,7,2570000.0
LILA US,2024-08,2024,8,2570000.0
LILA US,2024-09,2024,9,2570000.0
LILA US,2024-10,2024,10,2570000.0
LILAK US,2015-10,2015,10,1280000.0
LILAK US,2015-11,2015,11,1280000.0
LILAK US,2015-12,2015,12,1280000.0
LILAK US,2016-01,2016,1,1280000.0
LILAK US,2016-02,2016,2,1280000.0
LILAK US,2016-03,2016,3,1280000.0
LILAK US,2016-04,2016,4,1280000.0
LILAK US,2016-05,2016,5,1280000.0
LILAK US,2016-06,2016,6,1280000.0
LILAK US,2016-07,2016,7,1280000.0
LILAK US,2016-08,2016,8,1280000.0
LILAK US,2016-09,2016,9,1280000.0
LILAK US,2016-10,2016,10,1280000.0
LILAK US,2016-11,2016,11,1280000.0
LILAK US,2016-12,2016,12,1280000.0
LILAK US,2017-01,2017,1,1280000.0
LILAK US,2017-02,2017,2,1280000.0
LILAK US,2017-03,2017,3,1280000.0
LILAK US,2017-04,2017,4,1280000.0
LILAK US,2017-05,2017,5,1280000.0
LILAK US,2017-06,2017,6,1280000.0
LILAK US,2017-07,2017,7,1280000.0
LILAK US,2017-08,2017,8,1280000.0
LILAK US,2017-09,2017,9,1280000.0
LILAK US,2017-10,2017,10,1280000.0
LILAK US,2017-11,2017,11,1280000.0
LILAK US,2017-12,2017,12,1280000.0
LILAK US,2018-01,2018,1,1280000.0
LILAK US,2018-02,2018,2,1280000.0
LILAK US,2018-03,2018,3,1280000.0
LILAK US,2018-04,2018,4,1280000.0
LILAK US,2018-05,2018,5,1280000.0
LILAK US,2018-06,2018,6,1280000.0
LILAK US,2018-07,2018,7,1280000.0
LILAK US,2018-08,2018,8,1280000.0
LILAK US,2018-09,2018,9,1280000.0
LILAK US,2018-10,2018,10,1280000.0
LILAK US,2018-11,2018,11,1280000.0
LILAK US,2018-12,2018,12,1280000.0
LILAK US,2019-01,2019,1,1280000.0
LILAK US,2019-02,2019,2,1280000.0
LILAK US,2019-03,2019,3,1280000.0
LILAK US,2019-04,2019,4,1280000.0
LILAK US,2019-05,2019,5,1280000.0
LILAK US,2019-06,2019,6,1280000.0
LILAK US,2019-07,2019,7,1280000.0
LILAK US,2019-08,2019,8,1280000.0
LILAK US,2019-09,2019,9,1280000.0
LILAK US,2019-10,2019,10,1280000.0
LILAK US,2019-11,2019,11,1280000.0
LILAK US,2019-12,2019,12,1280000.0
LILAK US,2020-01,2020,1,1280000.0
LILAK US,2020-02,2020,2,1280000.0
LILAK US,2020-03,2020,3,1280000.0
LILAK US,2020-04,2020,4,1280000.0
LILAK US,2020-05,2020,5,1280000.0
LILAK US,2020-06,2020,6,1280000.0
LILAK US,2020-07,2020,7,1280000.0
LILAK US,2020-08,2020,8,1280000.0
LILAK US,2020-09,2020,9,1280000.0
LILAK US,2020-10,2020,10,1280000.0
LILAK US,2020-11,2020,11,1280000.0
LILAK US,2020-12,2020,12,1280000.0
LILAK US,2021-01,2021,1,1280000.0
LILAK US,2021-02,2021,2,1280000.0
LILAK US,2021-03,2021,3,1280000.0
LILAK US,2021-04,2021,4,1280000.0
LILAK US,2021-05,2021,5,1280000.0
LILAK US,2021-06,2021,6,1280000.0
LILAK US,2021-07,2021,7,1280000.0
LILAK US,2021-08,2021,8,1280000.0
LILAK US,2021-09,2021,9,1280000.0
LILAK US,2021-10,2021,10,1280000.0
LILAK US,2021-11,2021,11,1280000.0
LILAK US,2021-12,2021,12,1280000.0
LILAK US,2022-01,2022,1,1280000.0
LILAK US,2022-02,2022,2,1280000.0
LILAK US,2022-03,2022,3,1280000.0
LILAK US,2022-04,2022,4,1280000.0
LILAK US,2022-05,2022,5,1280000.0
LILAK US,2022-06,2022,6,1280000.0
LILAK US,2022-07,2022,7,1280000.0
LILAK US,2022-08,2022,8,1280000.0
LILAK US,2022-09,2022,9,1280000.0
LILAK US,2022-10,2022,10,1280000.0
LILAK US,2022-11,2022,11,1280000.0
LILAK US,2022-12,2022,12,1280000.0
LILAK US,2023-01,2023,1,1280000.0
LILAK US,2023-02,2023,2,1280000.0
LILAK US,2023-03,2023,3,1280000.0
LILAK US,2023-04,2023,4,1280000.0
LILAK US,2023-05,2023,5,1280000.0
LILAK US,2023-06,2023,6,1280000.0
LILAK US,2023-07,2023,7,1280000.0
LILAK US,2023-08,2023,8,1280000.0
LILAK US,2023-09,2023,9,1280000.0
LILAK US,2023-10,2023,10,1280000.0
LILAK US,2023-11,2023,11,1280000.0
LILAK US,2023-12,2023,12,1280000.0
LILAK US,2024-01,2024,1,1280000.0
LILAK US,2024-02,2024,2,1280000.0
LILAK US,2024-03,2024,3,1280000.0
LILAK US,2024-04,2024,4,1280000.0
LILAK US,2024-05,2024,5,1280000.0
LILAK US,2024-06,2024,6,1280000.0
LILAK US,2024-07,2024,7,1280000.0
LILAK US,2024-08,2024,8,1280000.0
LILAK US,2024-09,2024,9,1280000.0
LILAK US,2024-10,2024,10,1280000.0
LLYVA US,2022-10,2022,10,5050000.0
LLYVA US,2022-11,2022,11,5050000.0
LLYVA US,2022-12,2022,12,5050000.0
LLYVA US,2023-01,2023,1,5050000.0
LLYVA US,2023-02,2023,2,5050000.0
LLYVA US,2023-03,2023,3,5050000.0
LLYVA US,2023-04,2023,4,5050000.0
LLYVA US,2023-05,2023,5,5050000.0
LLYVA US,2023-06,2023,6,5050000.0
LLYVA US,2023-07,2023,7,4990000.0
LLYVA US,2023-08,2023,8,4990000.0
LLYVA US,2023-09,2023,9,4990000.0
LLYVA US,2023-10,2023,10,4990000.0
LLYVK US,2022-01,2022,1,2000000.0
LLYVK US,2022-02,2022,2,2000000.0
LLYVK US,2022-03,2022,3,2000000.0
LLYVK US,2022-04,2022,4,8000000.0
LLYVK US,2022-05,2022,5,8000000.0
LLYVK US,2022-06,2022,6,8000000.0
LLYVK US,2022-07,2022,7,8000000.0
LLYVK US,2022-08,2022,8,8000000.0
LLYVK US,2022-09,2022,9,8000000.0
LLYVK US,2022-10,2022,10,7500000.0
LLYVK US,2022-11,2022,11,7500000.0
LLYVK US,2022-12,2022,12,7500000.0
LLYVK US,2023-01,2023,1,7540000.0
LLYVK US,2023-02,2023,2,7540000.0
LLYVK US,2023-03,2023,3,7540000.0
LLYVK US,2023-04,2023,4,7500000.0
LLYVK US,2023-05,2023,5,7500000.0
LLYVK US,2023-06,2023,6,7500000.0
LLYVK US,2023-07,2023,7,0.0
LLYVK US,2023-08,2023,8,0.0
LLYVK US,2023-09,2023,9,0.0
LLYVK US,2023-10,2023,10,10860000.0
LLYVK US,2023-11,2023,11,10860000.0
LLYVK US,2023-12,2023,12,10860000.0
LLYVK US,2024-01,2024,1,10960000.0
LLYVK US,2024-02,2024,2,10960000.0
LLYVK US,2024-03,2024,3,10960000.0
LLYVK US,2024-04,2024,4,10820000.0
LLYVK US,2024-05,2024,5,10820000.0
LLYVK US,2024-06,2024,6,10820000.0
LLYVK US,2024-07,2024,7,10610000.0
LLYVK US,2024-08,2024,8,10610000.0
LLYVK US,2024-09,2024,9,10610000.0
LLYVK US,2024-10,2024,10,10640000.0
LMT US,1998-04,1998,4,17890.0
LMT US,1998-05,1998,5,17890.0
LMT US,1998-06,1998,6,17890.0
LMT US,1998-07,1998,7,17890.0
LMT US,1998-08,1998,8,17890.0
LMT US,1998-09,1998,9,17890.0
LMT US,1998-10,1998,10,17890.0
LMT US,1998-11,1998,11,17890.0
LMT US,1998-12,1998,12,17890.0
LMT US,1999-01,1999,1,17890.0
LMT US,1999-02,1999,2,17890.0
LMT US,1999-03,1999,3,17890.0
LMT US,1999-04,1999,4,17890.0
LMT US,1999-05,1999,5,17890.0
LMT US,1999-06,1999,6,17890.0
LMT US,1999-07,1999,7,17890.0
LMT US,1999-08,1999,8,17890.0
LMT US,1999-09,1999,9,17890.0
LMT US,1999-10,1999,10,17890.0
LMT US,1999-11,1999,11,17890.0
LMT US,1999-12,1999,12,17890.0
LMT US,2000-01,2000,1,17890.0
LMT US,2000-02,2000,2,17890.0
LMT US,2000-03,2000,3,17890.0
LMT US,2000-04,2000,4,17890.0
LMT US,2000-05,2000,5,17890.0
LMT US,2000-06,2000,6,17890.0
LMT US,2000-07,2000,7,17890.0
LMT US,2000-08,2000,8,17890.0
LMT US,2000-09,2000,9,17890.0
LMT US,2000-10,2000,10,17890.0
LMT US,2000-11,2000,11,17890.0
LMT US,2000-12,2000,12,17890.0
LMT US,2001-01,2001,1,17890.0
LMT US,2001-02,2001,2,17890.0
LMT US,2001-03,2001,3,17890.0
LMT US,2001-04,2001,4,17890.0
LMT US,2001-05,2001,5,17890.0
LMT US,2001-06,2001,6,17890.0
LMT US,2001-07,2001,7,17890.0
LMT US,2001-08,2001,8,17890.0
LMT US,2001-09,2001,9,17890.0
LMT US,2001-10,2001,10,17890.0
LMT US,2001-11,2001,11,17890.0
LMT US,2001-12,2001,12,17890.0
LMT US,2002-01,2002,1,17890.0
LMT US,2002-02,2002,2,17890.0
LMT US,2002-03,2002,3,17890.0
LMT US,2002-04,2002,4,17890.0
LMT US,2002-05,2002,5,17890.0
LMT US,2002-06,2002,6,17890.0
LMT US,2002-07,2002,7,17890.0
LMT US,2002-08,2002,8,17890.0
LMT US,2002-09,2002,9,17890.0
LMT US,2002-10,2002,10,17890.0
LMT US,2002-11,2002,11,17890.0
LMT US,2002-12,2002,12,17890.0
LMT US,2003-01,2003,1,17890.0
LMT US,2003-02,2003,2,17890.0
LMT US,2003-03,2003,3,17890.0
LMT US,2003-04,2003,4,17890.0
LMT US,2003-05,2003,5,17890.0
LMT US,2003-06,2003,6,17890.0
LMT US,2003-07,2003,7,17890.0
LMT US,2003-08,2003,8,17890.0
LMT US,2003-09,2003,9,17890.0
LMT US,2003-10,2003,10,17890.0
LMT US,2003-11,2003,11,17890.0
LMT US,2003-12,2003,12,17890.0
LMT US,2004-01,2004,1,17890.0
LMT US,2004-02,2004,2,17890.0
LMT US,2004-03,2004,3,17890.0
LMT US,2004-04,2004,4,17890.0
LMT US,2004-05,2004,5,17890.0
LMT US,2004-06,2004,6,17890.0
LMT US,2004-07,2004,7,17890.0
LMT US,2004-08,2004,8,17890.0
LMT US,2004-09,2004,9,17890.0
LMT US,2004-10,2004,10,17890.0
LMT US,2004-11,2004,11,17890.0
LMT US,2004-12,2004,12,17890.0
LMT US,2005-01,2005,1,17890.0
LMT US,2005-02,2005,2,17890.0
LMT US,2005-03,2005,3,17890.0
LMT US,2005-04,2005,4,17890.0
LMT US,2005-05,2005,5,17890.0
LMT US,2005-06,2005,6,17890.0
LMT US,2005-07,2005,7,17890.0
LMT US,2005-08,2005,8,17890.0
LMT US,2005-09,2005,9,17890.0
LMT US,2005-10,2005,10,17890.0
LMT US,2005-11,2005,11,17890.0
LMT US,2005-12,2005,12,17890.0
LMT US,2006-01,2006,1,17890.0
LMT US,2006-02,2006,2,17890.0
LMT US,2006-03,2006,3,17890.0
LMT US,2006-04,2006,4,17890.0
LMT US,2006-05,2006,5,17890.0
LMT US,2006-06,2006,6,17890.0
LMT US,2006-07,2006,7,17890.0
LMT US,2006-08,2006,8,17890.0
LMT US,2006-09,2006,9,17890.0
LMT US,2006-10,2006,10,17890.0
LMT US,2006-11,2006,11,17890.0
LMT US,2006-12,2006,12,17890.0
LMT US,2007-01,2007,1,17890.0
LMT US,2007-02,2007,2,17890.0
LMT US,2007-03,2007,3,17890.0
LMT US,2007-04,2007,4,17890.0
LMT US,2007-05,2007,5,17890.0
LMT US,2007-06,2007,6,17890.0
LMT US,2007-07,2007,7,17890.0
LMT US,2007-08,2007,8,17890.0
LMT US,2007-09,2007,9,17890.0
LMT US,2007-10,2007,10,17890.0
LMT US,2007-11,2007,11,17890.0
LMT US,2007-12,2007,12,17890.0
LMT US,2008-01,2008,1,17890.0
LMT US,2008-02,2008,2,17890.0
LMT US,2008-03,2008,3,17890.0
LMT US,2008-04,2008,4,17890.0
LMT US,2008-05,2008,5,17890.0
LMT US,2008-06,2008,6,17890.0
LMT US,2008-07,2008,7,17890.0
LMT US,2008-08,2008,8,17890.0
LMT US,2008-09,2008,9,17890.0
LMT US,2008-10,2008,10,17890.0
LMT US,2008-11,2008,11,17890.0
LMT US,2008-12,2008,12,17890.0
LMT US,2009-01,2009,1,17890.0
LMT US,2009-02,2009,2,17890.0
LMT US,2009-03,2009,3,17890.0
LMT US,2009-04,2009,4,17890.0
LMT US,2009-05,2009,5,17890.0
LMT US,2009-06,2009,6,17890.0
LMT US,2009-07,2009,7,17890.0
LMT US,2009-08,2009,8,17890.0
LMT US,2009-09,2009,9,17890.0
LMT US,2009-10,2009,10,17890.0
LMT US,2009-11,2009,11,17890.0
LMT US,2009-12,2009,12,17890.0
LMT US,2010-01,2010,1,17890.0
LMT US,2010-02,2010,2,17890.0
LMT US,2010-03,2010,3,17890.0
LMT US,2010-04,2010,4,17890.0
LMT US,2010-05,2010,5,17890.0
LMT US,2010-06,2010,6,17890.0
LMT US,2010-07,2010,7,17890.0
LMT US,2010-08,2010,8,17890.0
LMT US,2010-09,2010,9,17890.0
LMT US,2010-10,2010,10,17890.0
LMT US,2010-11,2010,11,17890.0
LMT US,2010-12,2010,12,17890.0
LMT US,2011-01,2011,1,17890.0
LMT US,2011-02,2011,2,17890.0
LMT US,2011-03,2011,3,17890.0
LMT US,2011-04,2011,4,17890.0
LMT US,2011-05,2011,5,17890.0
LMT US,2011-06,2011,6,17890.0
LMT US,2011-07,2011,7,17890.0
LMT US,2011-08,2011,8,17890.0
LMT US,2011-09,2011,9,17890.0
LMT US,2011-10,2011,10,17890.0
LMT US,2011-11,2011,11,17890.0
LMT US,2011-12,2011,12,17890.0
LMT US,2012-01,2012,1,17890.0
LMT US,2012-02,2012,2,17890.0
LMT US,2012-03,2012,3,17890.0
LMT US,2012-04,2012,4,17890.0
LMT US,2012-05,2012,5,17890.0
LMT US,2012-06,2012,6,17890.0
LMT US,2012-07,2012,7,17890.0
LMT US,2012-08,2012,8,17890.0
LMT US,2012-09,2012,9,17890.0
LMT US,2012-10,2012,10,17890.0
LMT US,2012-11,2012,11,17890.0
LMT US,2012-12,2012,12,17890.0
LMT US,2013-01,2013,1,17890.0
LMT US,2013-02,2013,2,17890.0
LMT US,2013-03,2013,3,17890.0
LMT US,2013-04,2013,4,17890.0
LMT US,2013-05,2013,5,17890.0
LMT US,2013-06,2013,6,17890.0
LMT US,2013-07,2013,7,17890.0
LMT US,2013-08,2013,8,17890.0
LMT US,2013-09,2013,9,17890.0
LMT US,2013-10,2013,10,17890.0
LMT US,2013-11,2013,11,17890.0
LMT US,2013-12,2013,12,17890.0
LMT US,2014-01,2014,1,17890.0
LMT US,2014-02,2014,2,17890.0
LMT US,2014-03,2014,3,17890.0
LMT US,2014-04,2014,4,17890.0
LMT US,2014-05,2014,5,17890.0
LMT US,2014-06,2014,6,17890.0
LMT US,2014-07,2014,7,17890.0
LMT US,2014-08,2014,8,17890.0
LMT US,2014-09,2014,9,17890.0
LMT US,2014-10,2014,10,17890.0
LMT US,2014-11,2014,11,17890.0
LMT US,2014-12,2014,12,17890.0
LMT US,2015-01,2015,1,17890.0
LMT US,2015-02,2015,2,17890.0
LMT US,2015-03,2015,3,17890.0
LMT US,2015-04,2015,4,17890.0
LMT US,2015-05,2015,5,17890.0
LMT US,2015-06,2015,6,17890.0
LMT US,2015-07,2015,7,17890.0
LMT US,2015-08,2015,8,17890.0
LMT US,2015-09,2015,9,17890.0
LMT US,2015-10,2015,10,17890.0
LMT US,2015-11,2015,11,17890.0
LMT US,2015-12,2015,12,17890.0
LMT US,2016-01,2016,1,17890.0
LMT US,2016-02,2016,2,17890.0
LMT US,2016-03,2016,3,17890.0
LMT US,2016-04,2016,4,17890.0
LMT US,2016-05,2016,5,17890.0
LMT US,2016-06,2016,6,17890.0
LMT US,2016-07,2016,7,17890.0
LMT US,2016-08,2016,8,17890.0
LMT US,2016-09,2016,9,17890.0
LMT US,2016-10,2016,10,17890.0
LMT US,2016-11,2016,11,17890.0
LMT US,2016-12,2016,12,17890.0
LMT US,2017-01,2017,1,17890.0
LMT US,2017-02,2017,2,17890.0
LMT US,2017-03,2017,3,17890.0
LMT US,2017-04,2017,4,17890.0
LMT US,2017-05,2017,5,17890.0
LMT US,2017-06,2017,6,17890.0
LMT US,2017-07,2017,7,17890.0
LMT US,2017-08,2017,8,17890.0
LMT US,2017-09,2017,9,17890.0
LMT US,2017-10,2017,10,17890.0
LMT US,2017-11,2017,11,17890.0
LMT US,2017-12,2017,12,17890.0
LMT US,2018-01,2018,1,17890.0
LMT US,2018-02,2018,2,17890.0
LMT US,2018-03,2018,3,17890.0
LMT US,2018-04,2018,4,17890.0
LMT US,2018-05,2018,5,17890.0
LMT US,2018-06,2018,6,17890.0
LMT US,2018-07,2018,7,17890.0
LMT US,2018-08,2018,8,17890.0
LMT US,2018-09,2018,9,17890.0
LMT US,2018-10,2018,10,17890.0
LMT US,2018-11,2018,11,17890.0
LMT US,2018-12,2018,12,17890.0
LMT US,2019-01,2019,1,17890.0
LMT US,2019-02,2019,2,17890.0
LMT US,2019-03,2019,3,17890.0
LMT US,2019-04,2019,4,17890.0
LMT US,2019-05,2019,5,17890.0
LMT US,2019-06,2019,6,17890.0
LMT US,2019-07,2019,7,17890.0
LMT US,2019-08,2019,8,17890.0
LMT US,2019-09,2019,9,17890.0
LMT US,2019-10,2019,10,17890.0
LMT US,2019-11,2019,11,17890.0
LMT US,2019-12,2019,12,17890.0
LMT US,2020-01,2020,1,17890.0
LMT US,2020-02,2020,2,17890.0
LMT US,2020-03,2020,3,17890.0
LMT US,2020-04,2020,4,17890.0
LMT US,2020-05,2020,5,17890.0
LMT US,2020-06,2020,6,17890.0
LMT US,2020-07,2020,7,17890.0
LMT US,2020-08,2020,8,17890.0
LMT US,2020-09,2020,9,17890.0
LMT US,2020-10,2020,10,17890.0
LMT US,2020-11,2020,11,17890.0
LMT US,2020-12,2020,12,17890.0
LMT US,2021-01,2021,1,17890.0
LMT US,2021-02,2021,2,17890.0
LMT US,2021-03,2021,3,17890.0
LMT US,2021-04,2021,4,17890.0
LMT US,2021-05,2021,5,17890.0
LMT US,2021-06,2021,6,17890.0
LMT US,2021-07,2021,7,17890.0
LMT US,2021-08,2021,8,17890.0
LMT US,2021-09,2021,9,17890.0
LMT US,2021-10,2021,10,17890.0
LMT US,2021-11,2021,11,17890.0
LMT US,2021-12,2021,12,17890.0
LMT US,2022-01,2022,1,17890.0
LMT US,2022-02,2022,2,17890.0
LMT US,2022-03,2022,3,17890.0
LMT US,2022-04,2022,4,17890.0
LMT US,2022-05,2022,5,17890.0
LMT US,2022-06,2022,6,17890.0
LMT US,2022-07,2022,7,17890.0
LMT US,2022-08,2022,8,17890.0
LMT US,2022-09,2022,9,17890.0
LMT US,2022-10,2022,10,17890.0
LMT US,2022-11,2022,11,17890.0
LMT US,2022-12,2022,12,17890.0
LMT US,2023-01,2023,1,17890.0
LMT US,2023-02,2023,2,17890.0
LMT US,2023-03,2023,3,17890.0
LMT US,2023-04,2023,4,17890.0
LMT US,2023-05,2023,5,17890.0
LMT US,2023-06,2023,6,17890.0
LMT US,2023-07,2023,7,17890.0
LMT US,2023-08,2023,8,17890.0
LMT US,2023-09,2023,9,17890.0
LMT US,2023-10,2023,10,17890.0
LMT US,2023-11,2023,11,17890.0
LMT US,2023-12,2023,12,17890.0
LMT US,2024-01,2024,1,17890.0
LMT US,2024-02,2024,2,17890.0
LMT US,2024-03,2024,3,17890.0
LMT US,2024-04,2024,4,17890.0
LMT US,2024-05,2024,5,17890.0
LMT US,2024-06,2024,6,17890.0
LMT US,2024-07,2024,7,17890.0
LMT US,2024-08,2024,8,17890.0
LMT US,2024-09,2024,9,17890.0
LMT US,2024-10,2024,10,17890.0
LNT US,2000-01,2000,1,132910.0
LNT US,2000-01,2000,1,132910.0
LNT US,2000-02,2000,2,132910.0
LNT US,2000-03,2000,3,132910.0
LNT US,2000-04,2000,4,132910.0
LNT US,2000-05,2000,5,132910.0
LNT US,2000-06,2000,6,132910.0
LNT US,2000-07,2000,7,132910.0
LNT US,2000-08,2000,8,132910.0
LNT US,2000-09,2000,9,132910.0
LNT US,2000-10,2000,10,132910.0
LNT US,2000-11,2000,11,132910.0
LNT US,2000-12,2000,12,132910.0
LNT US,2001-01,2001,1,132910.0
LNT US,2001-02,2001,2,132910.0
LNT US,2001-03,2001,3,132910.0
LNT US,2001-04,2001,4,132910.0
LNT US,2001-05,2001,5,132910.0
LNT US,2001-06,2001,6,132910.0
LNT US,2001-07,2001,7,132910.0
LNT US,2001-08,2001,8,132910.0
LNT US,2001-09,2001,9,132910.0
LNT US,2001-10,2001,10,132910.0
LNT US,2001-11,2001,11,132910.0
LNT US,2001-12,2001,12,132910.0
LNT US,2002-01,2002,1,132910.0
LNT US,2002-02,2002,2,132910.0
LNT US,2002-03,2002,3,132910.0
LNT US,2002-04,2002,4,132910.0
LNT US,2002-05,2002,5,132910.0
LNT US,2002-06,2002,6,132910.0
LNT US,2002-07,2002,7,132910.0
LNT US,2002-08,2002,8,132910.0
LNT US,2002-09,2002,9,132910.0
LNT US,2002-10,2002,10,132910.0
LNT US,2002-11,2002,11,132910.0
LNT US,2002-12,2002,12,132910.0
LNT US,2003-01,2003,1,132910.0
LNT US,2003-02,2003,2,132910.0
LNT US,2003-03,2003,3,132910.0
LNT US,2003-04,2003,4,132910.0
LNT US,2003-05,2003,5,132910.0
LNT US,2003-06,2003,6,132910.0
LNT US,2003-07,2003,7,132910.0
LNT US,2003-08,2003,8,132910.0
LNT US,2003-09,2003,9,132910.0
LNT US,2003-10,2003,10,132910.0
LNT US,2003-11,2003,11,132910.0
LNT US,2003-12,2003,12,132910.0
LNT US,2004-01,2004,1,132910.0
LNT US,2004-02,2004,2,132910.0
LNT US,2004-03,2004,3,132910.0
LNT US,2004-04,2004,4,132910.0
LNT US,2004-05,2004,5,132910.0
LNT US,2004-06,2004,6,132910.0
LNT US,2004-07,2004,7,132910.0
LNT US,2004-08,2004,8,132910.0
LNT US,2004-09,2004,9,132910.0
LNT US,2004-10,2004,10,132910.0
LNT US,2004-11,2004,11,132910.0
LNT US,2004-12,2004,12,132910.0
LNT US,2005-01,2005,1,132910.0
LNT US,2005-02,2005,2,132910.0
LNT US,2005-03,2005,3,132910.0
LNT US,2005-04,2005,4,132910.0
LNT US,2005-05,2005,5,132910.0
LNT US,2005-06,2005,6,132910.0
LNT US,2005-07,2005,7,132910.0
LNT US,2005-08,2005,8,132910.0
LNT US,2005-09,2005,9,132910.0
LNT US,2005-10,2005,10,132910.0
LNT US,2005-11,2005,11,132910.0
LNT US,2005-12,2005,12,132910.0
LNT US,2006-01,2006,1,132910.0
LNT US,2006-02,2006,2,132910.0
LNT US,2006-03,2006,3,132910.0
LNT US,2006-04,2006,4,132910.0
LNT US,2006-05,2006,5,132910.0
LNT US,2006-06,2006,6,132910.0
LNT US,2006-07,2006,7,132910.0
LNT US,2006-08,2006,8,132910.0
LNT US,2006-09,2006,9,132910.0
LNT US,2006-10,2006,10,132910.0
LNT US,2006-11,2006,11,132910.0
LNT US,2006-12,2006,12,132910.0
LNT US,2007-01,2007,1,132910.0
LNT US,2007-02,2007,2,132910.0
LNT US,2007-03,2007,3,132910.0
LNT US,2007-04,2007,4,132910.0
LNT US,2007-05,2007,5,132910.0
LNT US,2007-06,2007,6,132910.0
LNT US,2007-07,2007,7,132910.0
LNT US,2007-08,2007,8,132910.0
LNT US,2007-09,2007,9,132910.0
LNT US,2007-10,2007,10,132910.0
LNT US,2007-11,2007,11,132910.0
LNT US,2007-12,2007,12,132910.0
LNT US,2008-01,2008,1,132910.0
LNT US,2008-02,2008,2,132910.0
LNT US,2008-03,2008,3,132910.0
LNT US,2008-04,2008,4,132910.0
LNT US,2008-05,2008,5,132910.0
LNT US,2008-06,2008,6,132910.0
LNT US,2008-07,2008,7,132910.0
LNT US,2008-08,2008,8,132910.0
LNT US,2008-09,2008,9,132910.0
LNT US,2008-10,2008,10,132910.0
LNT US,2008-11,2008,11,132910.0
LNT US,2008-12,2008,12,132910.0
LNT US,2009-01,2009,1,132910.0
LNT US,2009-02,2009,2,132910.0
LNT US,2009-03,2009,3,132910.0
LNT US,2009-04,2009,4,132910.0
LNT US,2009-05,2009,5,132910.0
LNT US,2009-06,2009,6,132910.0
LNT US,2009-07,2009,7,132910.0
LNT US,2009-08,2009,8,132910.0
LNT US,2009-09,2009,9,132910.0
LNT US,2009-10,2009,10,132910.0
LNT US,2009-11,2009,11,132910.0
LNT US,2009-12,2009,12,132910.0
LNT US,2010-01,2010,1,132910.0
LNT US,2010-02,2010,2,132910.0
LNT US,2010-03,2010,3,132910.0
LNT US,2010-04,2010,4,132910.0
LNT US,2010-05,2010,5,132910.0
LNT US,2010-06,2010,6,132910.0
LNT US,2010-07,2010,7,132910.0
LNT US,2010-08,2010,8,132910.0
LNT US,2010-09,2010,9,132910.0
LNT US,2010-10,2010,10,132910.0
LNT US,2010-11,2010,11,132910.0
LNT US,2010-12,2010,12,132910.0
LNT US,2011-01,2011,1,132910.0
LNT US,2011-02,2011,2,132910.0
LNT US,2011-03,2011,3,132910.0
LNT US,2011-04,2011,4,132910.0
LNT US,2011-05,2011,5,132910.0
LNT US,2011-06,2011,6,132910.0
LNT US,2011-07,2011,7,132910.0
LNT US,2011-08,2011,8,132910.0
LNT US,2011-09,2011,9,132910.0
LNT US,2011-10,2011,10,132910.0
LNT US,2011-11,2011,11,132910.0
LNT US,2011-12,2011,12,132910.0
LNT US,2012-01,2012,1,132910.0
LNT US,2012-02,2012,2,132910.0
LNT US,2012-03,2012,3,132910.0
LNT US,2012-04,2012,4,132910.0
LNT US,2012-05,2012,5,132910.0
LNT US,2012-06,2012,6,132910.0
LNT US,2012-07,2012,7,132910.0
LNT US,2012-08,2012,8,132910.0
LNT US,2012-09,2012,9,132910.0
LNT US,2012-10,2012,10,132910.0
LNT US,2012-11,2012,11,132910.0
LNT US,2012-12,2012,12,132910.0
LNT US,2013-01,2013,1,132910.0
LNT US,2013-02,2013,2,132910.0
LNT US,2013-03,2013,3,132910.0
LNT US,2013-04,2013,4,132910.0
LNT US,2013-05,2013,5,132910.0
LNT US,2013-06,2013,6,132910.0
LNT US,2013-07,2013,7,132910.0
LNT US,2013-08,2013,8,132910.0
LNT US,2013-09,2013,9,132910.0
LNT US,2013-10,2013,10,132910.0
LNT US,2013-11,2013,11,132910.0
LNT US,2013-12,2013,12,132910.0
LNT US,2014-01,2014,1,132910.0
LNT US,2014-02,2014,2,132910.0
LNT US,2014-03,2014,3,132910.0
LNT US,2014-04,2014,4,132910.0
LNT US,2014-05,2014,5,132910.0
LNT US,2014-06,2014,6,132910.0
LNT US,2014-07,2014,7,132910.0
LNT US,2014-08,2014,8,132910.0
LNT US,2014-09,2014,9,132910.0
LNT US,2014-10,2014,10,132910.0
LNT US,2014-11,2014,11,132910.0
LNT US,2014-12,2014,12,132910.0
LNT US,2015-01,2015,1,132910.0
LNT US,2015-02,2015,2,132910.0
LNT US,2015-03,2015,3,132910.0
LNT US,2015-04,2015,4,132910.0
LNT US,2015-05,2015,5,132910.0
LNT US,2015-06,2015,6,132910.0
LNT US,2015-07,2015,7,132910.0
LNT US,2015-08,2015,8,132910.0
LNT US,2015-09,2015,9,132910.0
LNT US,2015-10,2015,10,132910.0
LNT US,2015-11,2015,11,132910.0
LNT US,2015-12,2015,12,132910.0
LNT US,2016-01,2016,1,132910.0
LNT US,2016-02,2016,2,132910.0
LNT US,2016-03,2016,3,132910.0
LNT US,2016-04,2016,4,132910.0
LNT US,2016-05,2016,5,132910.0
LNT US,2016-06,2016,6,132910.0
LNT US,2016-07,2016,7,132910.0
LNT US,2016-08,2016,8,132910.0
LNT US,2016-09,2016,9,132910.0
LNT US,2016-10,2016,10,132910.0
LNT US,2016-11,2016,11,132910.0
LNT US,2016-12,2016,12,132910.0
LNT US,2017-01,2017,1,132910.0
LNT US,2017-02,2017,2,132910.0
LNT US,2017-03,2017,3,132910.0
LNT US,2017-04,2017,4,132910.0
LNT US,2017-05,2017,5,132910.0
LNT US,2017-06,2017,6,132910.0
LNT US,2017-07,2017,7,132910.0
LNT US,2017-08,2017,8,132910.0
LNT US,2017-09,2017,9,132910.0
LNT US,2017-10,2017,10,132910.0
LNT US,2017-11,2017,11,132910.0
LNT US,2017-12,2017,12,132910.0
LNT US,2018-01,2018,1,132910.0
LNT US,2018-02,2018,2,132910.0
LNT US,2018-03,2018,3,132910.0
LNT US,2018-04,2018,4,132910.0
LNT US,2018-05,2018,5,132910.0
LNT US,2018-06,2018,6,132910.0
LNT US,2018-07,2018,7,132910.0
LNT US,2018-08,2018,8,132910.0
LNT US,2018-09,2018,9,132910.0
LNT US,2018-10,2018,10,132910.0
LNT US,2018-11,2018,11,132910.0
LNT US,2018-12,2018,12,132910.0
LNT US,2019-01,2019,1,132910.0
LNT US,2019-02,2019,2,132910.0
LNT US,2019-03,2019,3,132910.0
LNT US,2019-04,2019,4,132910.0
LNT US,2019-05,2019,5,132910.0
LNT US,2019-06,2019,6,132910.0
LNT US,2019-07,2019,7,132910.0
LNT US,2019-08,2019,8,132910.0
LNT US,2019-09,2019,9,132910.0
LNT US,2019-10,2019,10,132910.0
LNT US,2019-11,2019,11,132910.0
LNT US,2019-12,2019,12,132910.0
LNT US,2020-01,2020,1,132910.0
LNT US,2020-02,2020,2,132910.0
LNT US,2020-03,2020,3,132910.0
LNT US,2020-04,2020,4,132910.0
LNT US,2020-05,2020,5,132910.0
LNT US,2020-06,2020,6,132910.0
LNT US,2020-07,2020,7,132910.0
LNT US,2020-08,2020,8,132910.0
LNT US,2020-09,2020,9,132910.0
LNT US,2020-10,2020,10,132910.0
LNT US,2020-11,2020,11,132910.0
LNT US,2020-12,2020,12,132910.0
LNT US,2021-01,2021,1,132910.0
LNT US,2021-02,2021,2,132910.0
LNT US,2021-03,2021,3,132910.0
LNT US,2021-04,2021,4,132910.0
LNT US,2021-05,2021,5,132910.0
LNT US,2021-06,2021,6,132910.0
LNT US,2021-07,2021,7,132910.0
LNT US,2021-08,2021,8,132910.0
LNT US,2021-09,2021,9,132910.0
LNT US,2021-10,2021,10,132910.0
LNT US,2021-11,2021,11,132910.0
LNT US,2021-12,2021,12,132910.0
LNT US,2022-01,2022,1,132910.0
LNT US,2022-02,2022,2,132910.0
LNT US,2022-03,2022,3,132910.0
LNT US,2022-04,2022,4,132910.0
LNT US,2022-05,2022,5,132910.0
LNT US,2022-06,2022,6,132910.0
LNT US,2022-07,2022,7,132910.0
LNT US,2022-08,2022,8,132910.0
LNT US,2022-09,2022,9,132910.0
LNT US,2022-10,2022,10,132910.0
LNT US,2022-11,2022,11,132910.0
LNT US,2022-12,2022,12,132910.0
LNT US,2023-01,2023,1,132910.0
LNT US,2023-02,2023,2,132910.0
LNT US,2023-03,2023,3,132910.0
LNT US,2023-04,2023,4,132910.0
LNT US,2023-05,2023,5,132910.0
LNT US,2023-06,2023,6,132910.0
LNT US,2023-07,2023,7,132910.0
LNT US,2023-08,2023,8,132910.0
LNT US,2023-09,2023,9,132910.0
LNT US,2023-10,2023,10,132910.0
LNT US,2023-11,2023,11,132910.0
LNT US,2023-12,2023,12,132910.0
LNT US,2024-01,2024,1,132910.0
LNT US,2024-02,2024,2,132910.0
LNT US,2024-03,2024,3,132910.0
LNT US,2024-04,2024,4,132910.0
LNT US,2024-05,2024,5,132910.0
LNT US,2024-06,2024,6,132910.0
LNT US,2024-07,2024,7,132910.0
LNT US,2024-08,2024,8,132910.0
LNT US,2024-09,2024,9,132910.0
LNT US,2024-10,2024,10,132910.0
LPX US,1999-01,1999,1,5960000.0
LPX US,1999-02,1999,2,5960000.0
LPX US,1999-03,1999,3,5960000.0
LPX US,1999-04,1999,4,5960000.0
LPX US,1999-05,1999,5,5960000.0
LPX US,1999-06,1999,6,5960000.0
LPX US,1999-07,1999,7,5960000.0
LPX US,1999-08,1999,8,5960000.0
LPX US,1999-09,1999,9,5960000.0
LPX US,1999-10,1999,10,5960000.0
LPX US,1999-11,1999,11,5960000.0
LPX US,1999-12,1999,12,5960000.0
LPX US,2000-01,2000,1,5960000.0
LPX US,2000-02,2000,2,5960000.0
LPX US,2000-03,2000,3,5960000.0
LPX US,2000-04,2000,4,5960000.0
LPX US,2000-05,2000,5,5960000.0
LPX US,2000-06,2000,6,5960000.0
LPX US,2000-07,2000,7,5960000.0
LPX US,2000-08,2000,8,5960000.0
LPX US,2000-09,2000,9,5960000.0
LPX US,2000-10,2000,10,5960000.0
LPX US,2000-11,2000,11,5960000.0
LPX US,2000-12,2000,12,5960000.0
LPX US,2001-01,2001,1,5960000.0
LPX US,2001-02,2001,2,5960000.0
LPX US,2001-03,2001,3,5960000.0
LPX US,2001-04,2001,4,5960000.0
LPX US,2001-05,2001,5,5960000.0
LPX US,2001-06,2001,6,5960000.0
LPX US,2001-07,2001,7,5960000.0
LPX US,2001-08,2001,8,5960000.0
LPX US,2001-09,2001,9,5960000.0
LPX US,2001-10,2001,10,5960000.0
LPX US,2001-11,2001,11,5960000.0
LPX US,2001-12,2001,12,5960000.0
LPX US,2002-01,2002,1,5960000.0
LPX US,2002-02,2002,2,5960000.0
LPX US,2002-03,2002,3,5960000.0
LPX US,2002-04,2002,4,5960000.0
LPX US,2002-05,2002,5,5960000.0
LPX US,2002-06,2002,6,5960000.0
LPX US,2002-07,2002,7,5960000.0
LPX US,2002-08,2002,8,5960000.0
LPX US,2002-09,2002,9,5960000.0
LPX US,2002-10,2002,10,5960000.0
LPX US,2002-11,2002,11,5960000.0
LPX US,2002-12,2002,12,5960000.0
LPX US,2003-01,2003,1,5960000.0
LPX US,2003-02,2003,2,5960000.0
LPX US,2003-03,2003,3,5960000.0
LPX US,2003-04,2003,4,5960000.0
LPX US,2003-05,2003,5,5960000.0
LPX US,2003-06,2003,6,5960000.0
LPX US,2003-07,2003,7,5960000.0
LPX US,2003-08,2003,8,5960000.0
LPX US,2003-09,2003,9,5960000.0
LPX US,2003-10,2003,10,5960000.0
LPX US,2003-11,2003,11,5960000.0
LPX US,2003-12,2003,12,5960000.0
LPX US,2004-01,2004,1,5960000.0
LPX US,2004-02,2004,2,5960000.0
LPX US,2004-03,2004,3,5960000.0
LPX US,2004-04,2004,4,5960000.0
LPX US,2004-05,2004,5,5960000.0
LPX US,2004-06,2004,6,5960000.0
LPX US,2004-07,2004,7,5960000.0
LPX US,2004-08,2004,8,5960000.0
LPX US,2004-09,2004,9,5960000.0
LPX US,2004-10,2004,10,5960000.0
LPX US,2004-11,2004,11,5960000.0
LPX US,2004-12,2004,12,5960000.0
LPX US,2005-01,2005,1,5960000.0
LPX US,2005-02,2005,2,5960000.0
LPX US,2005-03,2005,3,5960000.0
LPX US,2005-04,2005,4,5960000.0
LPX US,2005-05,2005,5,5960000.0
LPX US,2005-06,2005,6,5960000.0
LPX US,2005-07,2005,7,5960000.0
LPX US,2005-08,2005,8,5960000.0
LPX US,2005-09,2005,9,5960000.0
LPX US,2005-10,2005,10,5960000.0
LPX US,2005-11,2005,11,5960000.0
LPX US,2005-12,2005,12,5960000.0
LPX US,2006-01,2006,1,5960000.0
LPX US,2006-02,2006,2,5960000.0
LPX US,2006-03,2006,3,5960000.0
LPX US,2006-04,2006,4,5960000.0
LPX US,2006-05,2006,5,5960000.0
LPX US,2006-06,2006,6,5960000.0
LPX US,2006-07,2006,7,5960000.0
LPX US,2006-08,2006,8,5960000.0
LPX US,2006-09,2006,9,5960000.0
LPX US,2006-10,2006,10,5960000.0
LPX US,2006-11,2006,11,5960000.0
LPX US,2006-12,2006,12,5960000.0
LPX US,2007-01,2007,1,5960000.0
LPX US,2007-02,2007,2,5960000.0
LPX US,2007-03,2007,3,5960000.0
LPX US,2007-04,2007,4,5960000.0
LPX US,2007-05,2007,5,5960000.0
LPX US,2007-06,2007,6,5960000.0
LPX US,2007-07,2007,7,5960000.0
LPX US,2007-08,2007,8,5960000.0
LPX US,2007-09,2007,9,5960000.0
LPX US,2007-10,2007,10,5960000.0
LPX US,2007-11,2007,11,5960000.0
LPX US,2007-12,2007,12,5960000.0
LPX US,2008-01,2008,1,5960000.0
LPX US,2008-02,2008,2,5960000.0
LPX US,2008-03,2008,3,5960000.0
LPX US,2008-04,2008,4,5960000.0
LPX US,2008-05,2008,5,5960000.0
LPX US,2008-06,2008,6,5960000.0
LPX US,2008-07,2008,7,5960000.0
LPX US,2008-08,2008,8,5960000.0
LPX US,2008-09,2008,9,5960000.0
LPX US,2008-10,2008,10,5960000.0
LPX US,2008-11,2008,11,5960000.0
LPX US,2008-12,2008,12,5960000.0
LPX US,2009-01,2009,1,5960000.0
LPX US,2009-02,2009,2,5960000.0
LPX US,2009-03,2009,3,5960000.0
LPX US,2009-04,2009,4,5960000.0
LPX US,2009-05,2009,5,5960000.0
LPX US,2009-06,2009,6,5960000.0
LPX US,2009-07,2009,7,5960000.0
LPX US,2009-08,2009,8,5960000.0
LPX US,2009-09,2009,9,5960000.0
LPX US,2009-10,2009,10,5960000.0
LPX US,2009-11,2009,11,5960000.0
LPX US,2009-12,2009,12,5960000.0
LPX US,2010-01,2010,1,5960000.0
LPX US,2010-02,2010,2,5960000.0
LPX US,2010-03,2010,3,5960000.0
LPX US,2010-04,2010,4,5960000.0
LPX US,2010-05,2010,5,5960000.0
LPX US,2010-06,2010,6,5960000.0
LPX US,2010-07,2010,7,5960000.0
LPX US,2010-08,2010,8,5960000.0
LPX US,2010-09,2010,9,5960000.0
LPX US,2010-10,2010,10,5960000.0
LPX US,2010-11,2010,11,5960000.0
LPX US,2010-12,2010,12,5960000.0
LPX US,2011-01,2011,1,5960000.0
LPX US,2011-02,2011,2,5960000.0
LPX US,2011-03,2011,3,5960000.0
LPX US,2011-04,2011,4,5960000.0
LPX US,2011-05,2011,5,5960000.0
LPX US,2011-06,2011,6,5960000.0
LPX US,2011-07,2011,7,5960000.0
LPX US,2011-08,2011,8,5960000.0
LPX US,2011-09,2011,9,5960000.0
LPX US,2011-10,2011,10,5960000.0
LPX US,2011-11,2011,11,5960000.0
LPX US,2011-12,2011,12,5960000.0
LPX US,2012-01,2012,1,5960000.0
LPX US,2012-02,2012,2,5960000.0
LPX US,2012-03,2012,3,5960000.0
LPX US,2012-04,2012,4,5960000.0
LPX US,2012-05,2012,5,5960000.0
LPX US,2012-06,2012,6,5960000.0
LPX US,2012-07,2012,7,5960000.0
LPX US,2012-08,2012,8,5960000.0
LPX US,2012-09,2012,9,5960000.0
LPX US,2012-10,2012,10,5960000.0
LPX US,2012-11,2012,11,5960000.0
LPX US,2012-12,2012,12,5960000.0
LPX US,2013-01,2013,1,5960000.0
LPX US,2013-02,2013,2,5960000.0
LPX US,2013-03,2013,3,5960000.0
LPX US,2013-04,2013,4,5960000.0
LPX US,2013-05,2013,5,5960000.0
LPX US,2013-06,2013,6,5960000.0
LPX US,2013-07,2013,7,5960000.0
LPX US,2013-08,2013,8,5960000.0
LPX US,2013-09,2013,9,5960000.0
LPX US,2013-10,2013,10,5960000.0
LPX US,2013-11,2013,11,5960000.0
LPX US,2013-12,2013,12,5960000.0
LPX US,2014-01,2014,1,5960000.0
LPX US,2014-02,2014,2,5960000.0
LPX US,2014-03,2014,3,5960000.0
LPX US,2014-04,2014,4,5960000.0
LPX US,2014-05,2014,5,5960000.0
LPX US,2014-06,2014,6,5960000.0
LPX US,2014-07,2014,7,5960000.0
LPX US,2014-08,2014,8,5960000.0
LPX US,2014-09,2014,9,5960000.0
LPX US,2014-10,2014,10,5960000.0
LPX US,2014-11,2014,11,5960000.0
LPX US,2014-12,2014,12,5960000.0
LPX US,2015-01,2015,1,5960000.0
LPX US,2015-02,2015,2,5960000.0
LPX US,2015-03,2015,3,5960000.0
LPX US,2015-04,2015,4,5960000.0
LPX US,2015-05,2015,5,5960000.0
LPX US,2015-06,2015,6,5960000.0
LPX US,2015-07,2015,7,5960000.0
LPX US,2015-08,2015,8,5960000.0
LPX US,2015-09,2015,9,5960000.0
LPX US,2015-10,2015,10,5960000.0
LPX US,2015-11,2015,11,5960000.0
LPX US,2015-12,2015,12,5960000.0
LPX US,2016-01,2016,1,5960000.0
LPX US,2016-02,2016,2,5960000.0
LPX US,2016-03,2016,3,5960000.0
LPX US,2016-04,2016,4,5960000.0
LPX US,2016-05,2016,5,5960000.0
LPX US,2016-06,2016,6,5960000.0
LPX US,2016-07,2016,7,5960000.0
LPX US,2016-08,2016,8,5960000.0
LPX US,2016-09,2016,9,5960000.0
LPX US,2016-10,2016,10,5960000.0
LPX US,2016-11,2016,11,5960000.0
LPX US,2016-12,2016,12,5960000.0
LPX US,2017-01,2017,1,5960000.0
LPX US,2017-02,2017,2,5960000.0
LPX US,2017-03,2017,3,5960000.0
LPX US,2017-04,2017,4,5960000.0
LPX US,2017-05,2017,5,5960000.0
LPX US,2017-06,2017,6,5960000.0
LPX US,2017-07,2017,7,5960000.0
LPX US,2017-08,2017,8,5960000.0
LPX US,2017-09,2017,9,5960000.0
LPX US,2017-10,2017,10,5960000.0
LPX US,2017-11,2017,11,5960000.0
LPX US,2017-12,2017,12,5960000.0
LPX US,2018-01,2018,1,5960000.0
LPX US,2018-02,2018,2,5960000.0
LPX US,2018-03,2018,3,5960000.0
LPX US,2018-04,2018,4,5960000.0
LPX US,2018-05,2018,5,5960000.0
LPX US,2018-06,2018,6,5960000.0
LPX US,2018-07,2018,7,5960000.0
LPX US,2018-08,2018,8,5960000.0
LPX US,2018-09,2018,9,5960000.0
LPX US,2018-10,2018,10,5960000.0
LPX US,2018-11,2018,11,5960000.0
LPX US,2018-12,2018,12,5960000.0
LPX US,2019-01,2019,1,5960000.0
LPX US,2019-02,2019,2,5960000.0
LPX US,2019-03,2019,3,5960000.0
LPX US,2019-04,2019,4,5960000.0
LPX US,2019-05,2019,5,5960000.0
LPX US,2019-06,2019,6,5960000.0
LPX US,2019-07,2019,7,5960000.0
LPX US,2019-08,2019,8,5960000.0
LPX US,2019-09,2019,9,5960000.0
LPX US,2019-10,2019,10,5960000.0
LPX US,2019-11,2019,11,5960000.0
LPX US,2019-12,2019,12,5960000.0
LPX US,2020-01,2020,1,5960000.0
LPX US,2020-02,2020,2,5960000.0
LPX US,2020-03,2020,3,5960000.0
LPX US,2020-04,2020,4,5960000.0
LPX US,2020-05,2020,5,5960000.0
LPX US,2020-06,2020,6,5960000.0
LPX US,2020-07,2020,7,5960000.0
LPX US,2020-08,2020,8,5960000.0
LPX US,2020-09,2020,9,5960000.0
LPX US,2020-10,2020,10,5960000.0
LPX US,2020-11,2020,11,5960000.0
LPX US,2020-12,2020,12,5960000.0
LPX US,2021-01,2021,1,5960000.0
LPX US,2021-02,2021,2,5960000.0
LPX US,2021-03,2021,3,5960000.0
LPX US,2021-04,2021,4,5960000.0
LPX US,2021-05,2021,5,5960000.0
LPX US,2021-06,2021,6,5960000.0
LPX US,2021-07,2021,7,5960000.0
LPX US,2021-08,2021,8,5960000.0
LPX US,2021-09,2021,9,5960000.0
LPX US,2021-10,2021,10,5960000.0
LPX US,2021-11,2021,11,5960000.0
LPX US,2021-12,2021,12,5960000.0
LPX US,2022-01,2022,1,5960000.0
LPX US,2022-02,2022,2,5960000.0
LPX US,2022-03,2022,3,5960000.0
LPX US,2022-04,2022,4,5960000.0
LPX US,2022-05,2022,5,5960000.0
LPX US,2022-06,2022,6,5960000.0
LPX US,2022-07,2022,7,5960000.0
LPX US,2022-08,2022,8,5960000.0
LPX US,2022-09,2022,9,5960000.0
LPX US,2022-10,2022,10,5960000.0
LPX US,2022-11,2022,11,5960000.0
LPX US,2022-12,2022,12,5960000.0
LPX US,2023-01,2023,1,5960000.0
LPX US,2023-02,2023,2,5960000.0
LPX US,2023-03,2023,3,5960000.0
LPX US,2023-04,2023,4,5960000.0
LPX US,2023-05,2023,5,5960000.0
LPX US,2023-06,2023,6,5960000.0
LPX US,2023-07,2023,7,5960000.0
LPX US,2023-08,2023,8,5960000.0
LPX US,2023-09,2023,9,5960000.0
LPX US,2023-10,2023,10,5960000.0
LPX US,2023-11,2023,11,5960000.0
LPX US,2023-12,2023,12,5960000.0
LPX US,2024-01,2024,1,5960000.0
LPX US,2024-02,2024,2,5960000.0
LPX US,2024-03,2024,3,5960000.0
LPX US,2024-04,2024,4,5960000.0
LPX US,2024-05,2024,5,5960000.0
LPX US,2024-06,2024,6,5960000.0
LPX US,2024-07,2024,7,5960000.0
LPX US,2024-08,2024,8,5960000.0
LPX US,2024-09,2024,9,5960000.0
LPX US,2024-10,2024,10,5960000.0
LSXMA US,2022-10,2022,10,20000000.0
LSXMA US,2022-11,2022,11,20000000.0
LSXMA US,2022-12,2022,12,20000000.0
LSXMA US,2023-01,2023,1,20000000.0
LSXMA US,2023-02,2023,2,20000000.0
LSXMA US,2023-03,2023,3,20000000.0
LSXMA US,2023-04,2023,4,32549999.999999996
LSXMA US,2023-05,2023,5,32549999.999999996
LSXMA US,2023-06,2023,6,32549999.999999996
LSXMA US,2023-07,2023,7,35330000.0
LSXMA US,2023-08,2023,8,35330000.0
LSXMA US,2023-09,2023,9,35330000.0
LSXMA US,2023-10,2023,10,0.0
LSXMK US,2021-04,2021,4,40000000.0
LSXMK US,2021-05,2021,5,40000000.0
LSXMK US,2021-06,2021,6,40000000.0
LSXMK US,2021-07,2021,7,42450000.0
LSXMK US,2021-08,2021,8,42450000.0
LSXMK US,2021-09,2021,9,42450000.0
LSXMK US,2021-10,2021,10,42450000.0
LSXMK US,2021-11,2021,11,42450000.0
LSXMK US,2021-12,2021,12,42450000.0
LSXMK US,2022-01,2022,1,42450000.0
LSXMK US,2022-02,2022,2,42450000.0
LSXMK US,2022-03,2022,3,42450000.0
LSXMK US,2022-04,2022,4,40000000.0
LSXMK US,2022-05,2022,5,40000000.0
LSXMK US,2022-06,2022,6,40000000.0
LSXMK US,2022-07,2022,7,42450000.0
LSXMK US,2022-08,2022,8,42450000.0
LSXMK US,2022-09,2022,9,42450000.0
LSXMK US,2022-10,2022,10,42450000.0
LSXMK US,2022-11,2022,11,42450000.0
LSXMK US,2022-12,2022,12,42450000.0
LSXMK US,2023-01,2023,1,40000000.0
LSXMK US,2023-02,2023,2,40000000.0
LSXMK US,2023-03,2023,3,40000000.0
LSXMK US,2023-04,2023,4,40000000.0
LSXMK US,2023-05,2023,5,40000000.0
LSXMK US,2023-06,2023,6,40000000.0
LSXMK US,2023-07,2023,7,0.0
LSXMK US,2023-08,2023,8,0.0
LSXMK US,2023-09,2023,9,0.0
LSXMK US,2023-10,2023,10,40000000.0
LSXMK US,2023-11,2023,11,40000000.0
LSXMK US,2023-12,2023,12,40000000.0
LSXMK US,2024-01,2024,1,40000000.0
LSXMK US,2024-02,2024,2,40000000.0
LSXMK US,2024-03,2024,3,40000000.0
LSXMK US,2024-04,2024,4,64010000.00000001
LSXMK US,2024-05,2024,5,64010000.00000001
LSXMK US,2024-06,2024,6,64010000.00000001
LSXMK US,2024-07,2024,7,69330000.0
LSXMK US,2024-08,2024,8,69330000.0
LSXMK US,2024-09,2024,9,69330000.0
LSXMK US,2024-10,2024,10,0.0
LXS GR,2017-07,2017,7,2750000.0
LXS GR,2017-08,2017,8,2750000.0
LXS GR,2017-09,2017,9,2750000.0
LXS GR,2017-10,2017,10,2750000.0
LXS GR,2017-11,2017,11,2750000.0
LXS GR,2017-12,2017,12,2750000.0
LXS GR,2018-01,2018,1,4620000.0
LXS GR,2018-02,2018,2,4620000.0
LXS GR,2018-03,2018,3,4620000.0
LXS GR,2018-04,2018,4,4620000.0
LXS GR,2018-05,2018,5,4620000.0
LXS GR,2018-06,2018,6,4620000.0
LXS GR,2018-07,2018,7,4620000.0
LXS GR,2018-08,2018,8,4620000.0
LXS GR,2018-09,2018,9,4620000.0
LXS GR,2018-10,2018,10,4630000.0
LXS GR,2018-11,2018,11,4630000.0
LXS GR,2018-12,2018,12,4630000.0
LXS GR,2019-01,2019,1,4500000.0
LXS GR,2019-02,2019,2,4500000.0
LXS GR,2019-03,2019,3,4500000.0
LXS GR,2019-04,2019,4,4500000.0
LXS GR,2019-05,2019,5,4500000.0
LXS GR,2019-06,2019,6,4500000.0
LXS GR,2019-07,2019,7,4500000.0
LXS GR,2019-08,2019,8,4500000.0
LXS GR,2019-09,2019,9,4500000.0
LXS GR,2019-10,2019,10,4500000.0
LXS GR,2019-11,2019,11,4500000.0
LXS GR,2019-12,2019,12,4500000.0
LXS GR,2020-01,2020,1,4500000.0
LXS GR,2020-02,2020,2,4500000.0
LXS GR,2020-03,2020,3,4500000.0
LXS GR,2020-04,2020,4,4500000.0
LXS GR,2020-05,2020,5,4500000.0
LXS GR,2020-06,2020,6,4500000.0
LXS GR,2020-07,2020,7,4500000.0
LXS GR,2020-08,2020,8,4500000.0
LXS GR,2020-09,2020,9,4500000.0
LXS GR,2020-10,2020,10,4500000.0
LXS GR,2020-11,2020,11,4500000.0
LXS GR,2020-12,2020,12,4500000.0
LXS GR,2021-01,2021,1,4500000.0
LXS GR,2021-02,2021,2,4500000.0
LXS GR,2021-03,2021,3,4500000.0
LXS GR,2021-04,2021,4,4500000.0
LXS GR,2021-05,2021,5,4500000.0
LXS GR,2021-06,2021,6,4500000.0
LXS GR,2021-07,2021,7,4500000.0
LXS GR,2021-08,2021,8,4500000.0
LXS GR,2021-09,2021,9,4500000.0
LXS GR,2021-10,2021,10,4500000.0
LXS GR,2021-11,2021,11,4500000.0
LXS GR,2021-12,2021,12,4500000.0
LXS GR,2022-01,2022,1,4500000.0
LXS GR,2022-02,2022,2,4500000.0
LXS GR,2022-03,2022,3,4500000.0
LXS GR,2022-04,2022,4,4500000.0
LXS GR,2022-05,2022,5,4500000.0
LXS GR,2022-06,2022,6,4500000.0
LXS GR,2022-07,2022,7,4500000.0
LXS GR,2022-08,2022,8,4500000.0
LXS GR,2022-09,2022,9,4500000.0
LXS GR,2022-10,2022,10,4500000.0
LXS GR,2022-11,2022,11,4500000.0
LXS GR,2022-12,2022,12,4500000.0
LXS GR,2023-01,2023,1,4500000.0
LXS GR,2023-02,2023,2,4500000.0
LXS GR,2023-03,2023,3,4500000.0
LXS GR,2023-04,2023,4,4500000.0
LXS GR,2023-05,2023,5,4500000.0
LXS GR,2023-06,2023,6,4500000.0
LXS GR,2023-07,2023,7,4500000.0
LXS GR,2023-08,2023,8,4500000.0
LXS GR,2023-09,2023,9,4500000.0
LXS GR,2023-10,2023,10,4500000.0
LXS GR,2023-11,2023,11,4500000.0
LXS GR,2023-12,2023,12,4500000.0
LXS GR,2024-01,2024,1,2440000.0
MA US,2007-01,2007,1,3990000.0
MA US,2007-02,2007,2,3990000.0
MA US,2007-03,2007,3,3990000.0
MA US,2007-04,2007,4,3990000.0
MA US,2007-05,2007,5,3990000.0
MA US,2007-06,2007,6,3990000.0
MA US,2007-07,2007,7,3990000.0
MA US,2007-08,2007,8,3990000.0
MA US,2007-09,2007,9,3990000.0
MA US,2007-10,2007,10,3990000.0
MA US,2007-11,2007,11,3990000.0
MA US,2007-12,2007,12,3990000.0
MA US,2008-01,2008,1,3990000.0
MA US,2008-02,2008,2,3990000.0
MA US,2008-03,2008,3,3990000.0
MA US,2008-04,2008,4,3990000.0
MA US,2008-05,2008,5,3990000.0
MA US,2008-06,2008,6,3990000.0
MA US,2008-07,2008,7,3990000.0
MA US,2008-08,2008,8,3990000.0
MA US,2008-09,2008,9,3990000.0
MA US,2008-10,2008,10,3990000.0
MA US,2008-11,2008,11,3990000.0
MA US,2008-12,2008,12,3990000.0
MA US,2009-01,2009,1,3990000.0
MA US,2009-02,2009,2,3990000.0
MA US,2009-03,2009,3,3990000.0
MA US,2009-04,2009,4,3990000.0
MA US,2009-05,2009,5,3990000.0
MA US,2009-06,2009,6,3990000.0
MA US,2009-07,2009,7,3990000.0
MA US,2009-08,2009,8,3990000.0
MA US,2009-09,2009,9,3990000.0
MA US,2009-10,2009,10,3990000.0
MA US,2009-11,2009,11,3990000.0
MA US,2009-12,2009,12,3990000.0
MA US,2010-01,2010,1,3990000.0
MA US,2010-02,2010,2,3990000.0
MA US,2010-03,2010,3,3990000.0
MA US,2010-04,2010,4,3990000.0
MA US,2010-05,2010,5,3990000.0
MA US,2010-06,2010,6,3990000.0
MA US,2010-07,2010,7,3990000.0
MA US,2010-08,2010,8,3990000.0
MA US,2010-09,2010,9,3990000.0
MA US,2010-10,2010,10,3990000.0
MA US,2010-11,2010,11,3990000.0
MA US,2010-12,2010,12,3990000.0
MA US,2011-01,2011,1,3990000.0
MA US,2011-02,2011,2,3990000.0
MA US,2011-03,2011,3,3990000.0
MA US,2011-04,2011,4,3990000.0
MA US,2011-05,2011,5,3990000.0
MA US,2011-06,2011,6,3990000.0
MA US,2011-07,2011,7,3990000.0
MA US,2011-08,2011,8,3990000.0
MA US,2011-09,2011,9,3990000.0
MA US,2011-10,2011,10,3990000.0
MA US,2011-11,2011,11,3990000.0
MA US,2011-12,2011,12,3990000.0
MA US,2012-01,2012,1,3990000.0
MA US,2012-02,2012,2,3990000.0
MA US,2012-03,2012,3,3990000.0
MA US,2012-04,2012,4,3990000.0
MA US,2012-05,2012,5,3990000.0
MA US,2012-06,2012,6,3990000.0
MA US,2012-07,2012,7,3990000.0
MA US,2012-08,2012,8,3990000.0
MA US,2012-09,2012,9,3990000.0
MA US,2012-10,2012,10,3990000.0
MA US,2012-11,2012,11,3990000.0
MA US,2012-12,2012,12,3990000.0
MA US,2013-01,2013,1,3990000.0
MA US,2013-02,2013,2,3990000.0
MA US,2013-03,2013,3,3990000.0
MA US,2013-04,2013,4,3990000.0
MA US,2013-05,2013,5,3990000.0
MA US,2013-06,2013,6,3990000.0
MA US,2013-07,2013,7,3990000.0
MA US,2013-08,2013,8,3990000.0
MA US,2013-09,2013,9,3990000.0
MA US,2013-10,2013,10,3990000.0
MA US,2013-11,2013,11,3990000.0
MA US,2013-12,2013,12,3990000.0
MA US,2014-01,2014,1,3990000.0
MA US,2014-02,2014,2,3990000.0
MA US,2014-03,2014,3,3990000.0
MA US,2014-04,2014,4,3990000.0
MA US,2014-05,2014,5,3990000.0
MA US,2014-06,2014,6,3990000.0
MA US,2014-07,2014,7,3990000.0
MA US,2014-08,2014,8,3990000.0
MA US,2014-09,2014,9,3990000.0
MA US,2014-10,2014,10,3990000.0
MA US,2014-11,2014,11,3990000.0
MA US,2014-12,2014,12,3990000.0
MA US,2015-01,2015,1,3990000.0
MA US,2015-02,2015,2,3990000.0
MA US,2015-03,2015,3,3990000.0
MA US,2015-04,2015,4,3990000.0
MA US,2015-05,2015,5,3990000.0
MA US,2015-06,2015,6,3990000.0
MA US,2015-07,2015,7,3990000.0
MA US,2015-08,2015,8,3990000.0
MA US,2015-09,2015,9,3990000.0
MA US,2015-10,2015,10,3990000.0
MA US,2015-11,2015,11,3990000.0
MA US,2015-12,2015,12,3990000.0
MA US,2016-01,2016,1,3990000.0
MA US,2016-02,2016,2,3990000.0
MA US,2016-03,2016,3,3990000.0
MA US,2016-04,2016,4,3990000.0
MA US,2016-05,2016,5,3990000.0
MA US,2016-06,2016,6,3990000.0
MA US,2016-07,2016,7,3990000.0
MA US,2016-08,2016,8,3990000.0
MA US,2016-09,2016,9,3990000.0
MA US,2016-10,2016,10,3990000.0
MA US,2016-11,2016,11,3990000.0
MA US,2016-12,2016,12,3990000.0
MA US,2017-01,2017,1,3990000.0
MA US,2017-02,2017,2,3990000.0
MA US,2017-03,2017,3,3990000.0
MA US,2017-04,2017,4,3990000.0
MA US,2017-05,2017,5,3990000.0
MA US,2017-06,2017,6,3990000.0
MA US,2017-07,2017,7,3990000.0
MA US,2017-08,2017,8,3990000.0
MA US,2017-09,2017,9,3990000.0
MA US,2017-10,2017,10,3990000.0
MA US,2017-11,2017,11,3990000.0
MA US,2017-12,2017,12,3990000.0
MA US,2018-01,2018,1,3990000.0
MA US,2018-02,2018,2,3990000.0
MA US,2018-03,2018,3,3990000.0
MA US,2018-04,2018,4,3990000.0
MA US,2018-05,2018,5,3990000.0
MA US,2018-06,2018,6,3990000.0
MA US,2018-07,2018,7,3990000.0
MA US,2018-08,2018,8,3990000.0
MA US,2018-09,2018,9,3990000.0
MA US,2018-10,2018,10,3990000.0
MA US,2018-11,2018,11,3990000.0
MA US,2018-12,2018,12,3990000.0
MA US,2019-01,2019,1,3990000.0
MA US,2019-02,2019,2,3990000.0
MA US,2019-03,2019,3,3990000.0
MA US,2019-04,2019,4,3990000.0
MA US,2019-05,2019,5,3990000.0
MA US,2019-06,2019,6,3990000.0
MA US,2019-07,2019,7,3990000.0
MA US,2019-08,2019,8,3990000.0
MA US,2019-09,2019,9,3990000.0
MA US,2019-10,2019,10,3990000.0
MA US,2019-11,2019,11,3990000.0
MA US,2019-12,2019,12,3990000.0
MA US,2020-01,2020,1,3990000.0
MA US,2020-02,2020,2,3990000.0
MA US,2020-03,2020,3,3990000.0
MA US,2020-04,2020,4,3990000.0
MA US,2020-05,2020,5,3990000.0
MA US,2020-06,2020,6,3990000.0
MA US,2020-07,2020,7,3990000.0
MA US,2020-08,2020,8,3990000.0
MA US,2020-09,2020,9,3990000.0
MA US,2020-10,2020,10,3990000.0
MA US,2020-11,2020,11,3990000.0
MA US,2020-12,2020,12,3990000.0
MA US,2021-01,2021,1,3990000.0
MA US,2021-02,2021,2,3990000.0
MA US,2021-03,2021,3,3990000.0
MA US,2021-04,2021,4,3990000.0
MA US,2021-05,2021,5,3990000.0
MA US,2021-06,2021,6,3990000.0
MA US,2021-07,2021,7,3990000.0
MA US,2021-08,2021,8,3990000.0
MA US,2021-09,2021,9,3990000.0
MA US,2021-10,2021,10,3990000.0
MA US,2021-11,2021,11,3990000.0
MA US,2021-12,2021,12,3990000.0
MA US,2022-01,2022,1,3990000.0
MA US,2022-02,2022,2,3990000.0
MA US,2022-03,2022,3,3990000.0
MA US,2022-04,2022,4,3990000.0
MA US,2022-05,2022,5,3990000.0
MA US,2022-06,2022,6,3990000.0
MA US,2022-07,2022,7,3990000.0
MA US,2022-08,2022,8,3990000.0
MA US,2022-09,2022,9,3990000.0
MA US,2022-10,2022,10,3990000.0
MA US,2022-11,2022,11,3990000.0
MA US,2022-12,2022,12,3990000.0
MA US,2023-01,2023,1,3990000.0
MA US,2023-02,2023,2,3990000.0
MA US,2023-03,2023,3,3990000.0
MA US,2023-04,2023,4,3990000.0
MA US,2023-05,2023,5,3990000.0
MA US,2023-06,2023,6,3990000.0
MA US,2023-07,2023,7,3990000.0
MA US,2023-08,2023,8,3990000.0
MA US,2023-09,2023,9,3990000.0
MA US,2023-10,2023,10,3990000.0
MA US,2023-11,2023,11,3990000.0
MA US,2023-12,2023,12,3990000.0
MA US,2024-01,2024,1,3990000.0
MA US,2024-02,2024,2,3990000.0
MA US,2024-03,2024,3,3990000.0
MA US,2024-04,2024,4,3990000.0
MA US,2024-05,2024,5,3990000.0
MA US,2024-06,2024,6,3990000.0
MA US,2024-07,2024,7,3990000.0
MA US,2024-08,2024,8,3990000.0
MA US,2024-09,2024,9,3990000.0
MA US,2024-10,2024,10,3990000.0
MCK US,1999-04,1999,4,265310.0
MCK US,1999-05,1999,5,265310.0
MCK US,1999-06,1999,6,265310.0
MCK US,1999-07,1999,7,0.0
MCK US,1999-08,1999,8,0.0
MCK US,1999-09,1999,9,0.0
MCK US,1999-10,1999,10,2500000.0
MCK US,1999-11,1999,11,2500000.0
MCK US,1999-12,1999,12,2500000.0
MCK US,2000-01,2000,1,0.0
MCK US,2000-02,2000,2,0.0
MCK US,2000-03,2000,3,0.0
MCK US,2000-04,2000,4,0.0
MCK US,2000-05,2000,5,0.0
MCK US,2000-06,2000,6,0.0
MCK US,2000-07,2000,7,30620.0
MCK US,2000-08,2000,8,30620.0
MCK US,2000-09,2000,9,30620.0
MCK US,2000-10,2000,10,30620.0
MCK US,2000-11,2000,11,30620.0
MCK US,2000-12,2000,12,30620.0
MCK US,2001-01,2001,1,0.0
MCK US,2001-02,2001,2,0.0
MCK US,2001-03,2001,3,0.0
MCK US,2001-04,2001,4,0.0
MCK US,2001-05,2001,5,0.0
MCK US,2001-06,2001,6,0.0
MCK US,2001-07,2001,7,0.0
MCK US,2001-08,2001,8,0.0
MCK US,2001-09,2001,9,0.0
MCK US,2001-10,2001,10,0.0
MCK US,2001-11,2001,11,0.0
MCK US,2001-12,2001,12,0.0
MCK US,2002-01,2002,1,0.0
MCK US,2002-02,2002,2,0.0
MCK US,2002-03,2002,3,0.0
MCK US,2002-04,2002,4,0.0
MCK US,2002-05,2002,5,0.0
MCK US,2002-06,2002,6,0.0
MCK US,2002-07,2002,7,0.0
MCK US,2002-08,2002,8,0.0
MCK US,2002-09,2002,9,0.0
MCK US,2002-10,2002,10,30620.0
MCK US,2002-11,2002,11,30620.0
MCK US,2002-12,2002,12,30620.0
MCK US,2003-01,2003,1,30620.0
MCK US,2003-02,2003,2,30620.0
MCK US,2003-03,2003,3,30620.0
MCK US,2003-04,2003,4,40820.0
MCK US,2003-05,2003,5,40820.0
MCK US,2003-06,2003,6,40820.0
MCK US,2003-07,2003,7,0.0
MCK US,2003-08,2003,8,0.0
MCK US,2003-09,2003,9,0.0
MCK US,2003-10,2003,10,51030.0
MCK US,2003-11,2003,11,51030.0
MCK US,2003-12,2003,12,51030.0
MCK US,2004-01,2004,1,30620.0
MCK US,2004-02,2004,2,30620.0
MCK US,2004-03,2004,3,30620.0
MCK US,2004-04,2004,4,0.0
MCK US,2004-05,2004,5,0.0
MCK US,2004-06,2004,6,0.0
MCK US,2004-07,2004,7,0.0
MCK US,2004-08,2004,8,0.0
MCK US,2004-09,2004,9,0.0
MCK US,2004-10,2004,10,0.0
MCK US,2004-11,2004,11,0.0
MCK US,2004-12,2004,12,0.0
MCK US,2005-01,2005,1,0.0
MCK US,2005-02,2005,2,0.0
MCK US,2005-03,2005,3,0.0
MCK US,2005-04,2005,4,0.0
MCK US,2005-05,2005,5,0.0
MCK US,2005-06,2005,6,0.0
MCK US,2005-07,2005,7,0.0
MCK US,2005-08,2005,8,0.0
MCK US,2005-09,2005,9,0.0
MCK US,2005-10,2005,10,0.0
MCK US,2005-11,2005,11,0.0
MCK US,2005-12,2005,12,0.0
MCK US,2006-01,2006,1,0.0
MCK US,2006-02,2006,2,0.0
MCK US,2006-03,2006,3,0.0
MCK US,2006-04,2006,4,0.0
MCK US,2006-05,2006,5,0.0
MCK US,2006-06,2006,6,0.0
MCK US,2006-07,2006,7,0.0
MCK US,2006-08,2006,8,0.0
MCK US,2006-09,2006,9,0.0
MCK US,2006-10,2006,10,0.0
MCK US,2006-11,2006,11,0.0
MCK US,2006-12,2006,12,0.0
MCK US,2007-01,2007,1,0.0
MCK US,2007-02,2007,2,0.0
MCK US,2007-03,2007,3,0.0
MCK US,2007-04,2007,4,0.0
MCK US,2007-05,2007,5,0.0
MCK US,2007-06,2007,6,0.0
MCK US,2007-07,2007,7,0.0
MCK US,2007-08,2007,8,0.0
MCK US,2007-09,2007,9,0.0
MCK US,2007-10,2007,10,0.0
MCK US,2007-11,2007,11,0.0
MCK US,2007-12,2007,12,0.0
MCK US,2008-01,2008,1,0.0
MCK US,2008-02,2008,2,0.0
MCK US,2008-03,2008,3,0.0
MCK US,2008-04,2008,4,0.0
MCK US,2008-05,2008,5,0.0
MCK US,2008-06,2008,6,0.0
MCK US,2008-07,2008,7,0.0
MCK US,2008-08,2008,8,0.0
MCK US,2008-09,2008,9,0.0
MCK US,2008-10,2008,10,0.0
MCK US,2008-11,2008,11,0.0
MCK US,2008-12,2008,12,0.0
MCK US,2009-01,2009,1,0.0
MCK US,2009-02,2009,2,0.0
MCK US,2009-03,2009,3,0.0
MCK US,2009-04,2009,4,0.0
MCK US,2009-05,2009,5,0.0
MCK US,2009-06,2009,6,0.0
MCK US,2009-07,2009,7,0.0
MCK US,2009-08,2009,8,0.0
MCK US,2009-09,2009,9,0.0
MCK US,2009-10,2009,10,0.0
MCK US,2009-11,2009,11,0.0
MCK US,2009-12,2009,12,0.0
MCK US,2010-01,2010,1,0.0
MCK US,2010-02,2010,2,0.0
MCK US,2010-03,2010,3,0.0
MCK US,2010-04,2010,4,0.0
MCK US,2010-05,2010,5,0.0
MCK US,2010-06,2010,6,0.0
MCK US,2010-07,2010,7,0.0
MCK US,2010-08,2010,8,0.0
MCK US,2010-09,2010,9,0.0
MCK US,2010-10,2010,10,0.0
MCK US,2010-11,2010,11,0.0
MCK US,2010-12,2010,12,0.0
MCK US,2011-01,2011,1,0.0
MCK US,2011-02,2011,2,0.0
MCK US,2011-03,2011,3,0.0
MCK US,2011-04,2011,4,0.0
MCK US,2011-05,2011,5,0.0
MCK US,2011-06,2011,6,0.0
MCK US,2011-07,2011,7,0.0
MCK US,2011-08,2011,8,0.0
MCK US,2011-09,2011,9,0.0
MCK US,2011-10,2011,10,0.0
MCK US,2011-11,2011,11,0.0
MCK US,2011-12,2011,12,0.0
MCK US,2012-01,2012,1,0.0
MCK US,2012-02,2012,2,0.0
MCK US,2012-03,2012,3,0.0
MCK US,2012-04,2012,4,0.0
MCK US,2012-05,2012,5,0.0
MCK US,2012-06,2012,6,0.0
MCK US,2012-07,2012,7,0.0
MCK US,2012-08,2012,8,0.0
MCK US,2012-09,2012,9,0.0
MCK US,2012-10,2012,10,0.0
MCK US,2012-11,2012,11,0.0
MCK US,2012-12,2012,12,0.0
MCK US,2013-01,2013,1,0.0
MCK US,2013-02,2013,2,0.0
MCK US,2013-03,2013,3,0.0
MCK US,2013-04,2013,4,0.0
MCK US,2013-05,2013,5,0.0
MCK US,2013-06,2013,6,0.0
MCK US,2013-07,2013,7,265310.0
MCK US,2013-08,2013,8,265310.0
MCK US,2013-09,2013,9,265310.0
MCK US,2013-10,2013,10,500000.0
MCK US,2013-11,2013,11,500000.0
MCK US,2013-12,2013,12,500000.0
MCK US,2014-01,2014,1,500000.0
MCK US,2014-02,2014,2,500000.0
MCK US,2014-03,2014,3,500000.0
MCK US,2014-04,2014,4,500000.0
MCK US,2014-05,2014,5,500000.0
MCK US,2014-06,2014,6,500000.0
MCK US,2014-07,2014,7,500000.0
MCK US,2014-08,2014,8,500000.0
MCK US,2014-09,2014,9,500000.0
MCK US,2014-10,2014,10,377550.0
MCK US,2014-11,2014,11,377550.0
MCK US,2014-12,2014,12,377550.0
MCK US,2015-01,2015,1,265310.0
MCK US,2015-02,2015,2,265310.0
MCK US,2015-03,2015,3,265310.0
MCK US,2015-04,2015,4,132660.0
MCK US,2015-05,2015,5,132660.0
MCK US,2015-06,2015,6,132660.0
MCK US,2015-07,2015,7,265310.0
MCK US,2015-08,2015,8,265310.0
MCK US,2015-09,2015,9,265310.0
MCK US,2015-10,2015,10,265310.0
MCK US,2015-11,2015,11,265310.0
MCK US,2015-12,2015,12,265310.0
MCK US,2016-01,2016,1,0.0
MCK US,2016-02,2016,2,0.0
MCK US,2016-03,2016,3,0.0
MCK US,2016-04,2016,4,0.0
MCK US,2016-05,2016,5,0.0
MCK US,2016-06,2016,6,0.0
MCK US,2016-07,2016,7,0.0
MCK US,2016-08,2016,8,0.0
MCK US,2016-09,2016,9,0.0
MCK US,2016-10,2016,10,0.0
MCK US,2016-11,2016,11,0.0
MCK US,2016-12,2016,12,0.0
MCK US,2017-01,2017,1,0.0
MCK US,2017-02,2017,2,0.0
MCK US,2017-03,2017,3,0.0
MCK US,2017-04,2017,4,0.0
MCK US,2017-05,2017,5,0.0
MCK US,2017-06,2017,6,0.0
MCK US,2017-07,2017,7,0.0
MCK US,2017-08,2017,8,0.0
MCK US,2017-09,2017,9,0.0
MCK US,2017-10,2017,10,0.0
MCK US,2017-11,2017,11,0.0
MCK US,2017-12,2017,12,0.0
MCK US,2018-01,2018,1,0.0
MCK US,2018-02,2018,2,0.0
MCK US,2018-03,2018,3,0.0
MCK US,2018-04,2018,4,0.0
MCK US,2018-05,2018,5,0.0
MCK US,2018-06,2018,6,0.0
MCK US,2018-07,2018,7,0.0
MCK US,2018-08,2018,8,0.0
MCK US,2018-09,2018,9,0.0
MCK US,2018-10,2018,10,0.0
MCK US,2018-11,2018,11,0.0
MCK US,2018-12,2018,12,0.0
MCK US,2019-01,2019,1,0.0
MCK US,2019-02,2019,2,0.0
MCK US,2019-03,2019,3,0.0
MCK US,2019-04,2019,4,0.0
MCK US,2019-05,2019,5,0.0
MCK US,2019-06,2019,6,0.0
MCK US,2019-07,2019,7,0.0
MCK US,2019-08,2019,8,0.0
MCK US,2019-09,2019,9,0.0
MCK US,2019-10,2019,10,0.0
MCK US,2019-11,2019,11,0.0
MCK US,2019-12,2019,12,0.0
MCK US,2020-01,2020,1,0.0
MCK US,2020-02,2020,2,0.0
MCK US,2020-03,2020,3,0.0
MCK US,2020-04,2020,4,0.0
MCK US,2020-05,2020,5,0.0
MCK US,2020-06,2020,6,0.0
MCK US,2020-07,2020,7,0.0
MCK US,2020-08,2020,8,0.0
MCK US,2020-09,2020,9,0.0
MCK US,2020-10,2020,10,0.0
MCK US,2020-11,2020,11,0.0
MCK US,2020-12,2020,12,0.0
MCK US,2021-01,2021,1,0.0
MCK US,2021-02,2021,2,0.0
MCK US,2021-03,2021,3,0.0
MCK US,2021-04,2021,4,0.0
MCK US,2021-05,2021,5,0.0
MCK US,2021-06,2021,6,0.0
MCK US,2021-07,2021,7,0.0
MCK US,2021-08,2021,8,0.0
MCK US,2021-09,2021,9,0.0
MCK US,2021-10,2021,10,0.0
MCK US,2021-11,2021,11,0.0
MCK US,2021-12,2021,12,0.0
MCK US,2022-01,2022,1,0.0
MCK US,2022-02,2022,2,0.0
MCK US,2022-03,2022,3,0.0
MCK US,2022-04,2022,4,2870000.0
MCK US,2022-05,2022,5,2870000.0
MCK US,2022-06,2022,6,2870000.0
MCK US,2022-07,2022,7,3500000.0
MCK US,2022-08,2022,8,3500000.0
MCK US,2022-09,2022,9,3500000.0
MCK US,2022-10,2022,10,3500000.0
MCK US,2022-11,2022,11,3500000.0
MCK US,2022-12,2022,12,3500000.0
MCK US,2023-01,2023,1,2720000.0
MCK US,2023-02,2023,2,2720000.0
MCK US,2023-03,2023,3,2720000.0
MCK US,2023-04,2023,4,2240000.0
MCK US,2023-05,2023,5,2240000.0
MCK US,2023-06,2023,6,2240000.0
MCK US,2023-07,2023,7,0.0
MCK US,2023-08,2023,8,0.0
MCK US,2023-09,2023,9,0.0
MCK US,2023-10,2023,10,0.0
MCO US,1999-04,1999,4,24670000.0
MCO US,1999-05,1999,5,24670000.0
MCO US,1999-06,1999,6,24670000.0
MCO US,1999-07,1999,7,24670000.0
MCO US,1999-08,1999,8,24670000.0
MCO US,1999-09,1999,9,24670000.0
MCO US,1999-10,1999,10,24670000.0
MCO US,1999-11,1999,11,24670000.0
MCO US,1999-12,1999,12,24670000.0
MCO US,2000-01,2000,1,24670000.0
MCO US,2000-02,2000,2,24670000.0
MCO US,2000-03,2000,3,24670000.0
MCO US,2000-04,2000,4,24670000.0
MCO US,2000-05,2000,5,24670000.0
MCO US,2000-06,2000,6,24670000.0
MCO US,2000-07,2000,7,24670000.0
MCO US,2000-08,2000,8,24670000.0
MCO US,2000-09,2000,9,24670000.0
MCO US,2000-10,2000,10,24670000.0
MCO US,2000-11,2000,11,24670000.0
MCO US,2000-12,2000,12,24670000.0
MCO US,2001-01,2001,1,24670000.0
MCO US,2001-02,2001,2,24670000.0
MCO US,2001-03,2001,3,24670000.0
MCO US,2001-04,2001,4,24670000.0
MCO US,2001-05,2001,5,24670000.0
MCO US,2001-06,2001,6,24670000.0
MCO US,2001-07,2001,7,24670000.0
MCO US,2001-08,2001,8,24670000.0
MCO US,2001-09,2001,9,24670000.0
MCO US,2001-10,2001,10,24670000.0
MCO US,2001-11,2001,11,24670000.0
MCO US,2001-12,2001,12,24670000.0
MCO US,2002-01,2002,1,24670000.0
MCO US,2002-02,2002,2,24670000.0
MCO US,2002-03,2002,3,24670000.0
MCO US,2002-04,2002,4,24670000.0
MCO US,2002-05,2002,5,24670000.0
MCO US,2002-06,2002,6,24670000.0
MCO US,2002-07,2002,7,24670000.0
MCO US,2002-08,2002,8,24670000.0
MCO US,2002-09,2002,9,24670000.0
MCO US,2002-10,2002,10,24670000.0
MCO US,2002-11,2002,11,24670000.0
MCO US,2002-12,2002,12,24670000.0
MCO US,2003-01,2003,1,24670000.0
MCO US,2003-02,2003,2,24670000.0
MCO US,2003-03,2003,3,24670000.0
MCO US,2003-04,2003,4,24670000.0
MCO US,2003-05,2003,5,24670000.0
MCO US,2003-06,2003,6,24670000.0
MCO US,2003-07,2003,7,24670000.0
MCO US,2003-08,2003,8,24670000.0
MCO US,2003-09,2003,9,24670000.0
MCO US,2003-10,2003,10,24670000.0
MCO US,2003-11,2003,11,24670000.0
MCO US,2003-12,2003,12,24670000.0
MCO US,2004-01,2004,1,24670000.0
MCO US,2004-02,2004,2,24670000.0
MCO US,2004-03,2004,3,24670000.0
MCO US,2004-04,2004,4,24670000.0
MCO US,2004-05,2004,5,24670000.0
MCO US,2004-06,2004,6,24670000.0
MCO US,2004-07,2004,7,24670000.0
MCO US,2004-08,2004,8,24670000.0
MCO US,2004-09,2004,9,24670000.0
MCO US,2004-10,2004,10,24670000.0
MCO US,2004-11,2004,11,24670000.0
MCO US,2004-12,2004,12,24670000.0
MCO US,2005-01,2005,1,24670000.0
MCO US,2005-02,2005,2,24670000.0
MCO US,2005-03,2005,3,24670000.0
MCO US,2005-04,2005,4,24670000.0
MCO US,2005-05,2005,5,24670000.0
MCO US,2005-06,2005,6,24670000.0
MCO US,2005-07,2005,7,24670000.0
MCO US,2005-08,2005,8,24670000.0
MCO US,2005-09,2005,9,24670000.0
MCO US,2005-10,2005,10,24670000.0
MCO US,2005-11,2005,11,24670000.0
MCO US,2005-12,2005,12,24670000.0
MCO US,2006-01,2006,1,24670000.0
MCO US,2006-02,2006,2,24670000.0
MCO US,2006-03,2006,3,24670000.0
MCO US,2006-04,2006,4,24670000.0
MCO US,2006-05,2006,5,24670000.0
MCO US,2006-06,2006,6,24670000.0
MCO US,2006-07,2006,7,24670000.0
MCO US,2006-08,2006,8,24670000.0
MCO US,2006-09,2006,9,24670000.0
MCO US,2006-10,2006,10,24670000.0
MCO US,2006-11,2006,11,24670000.0
MCO US,2006-12,2006,12,24670000.0
MCO US,2007-01,2007,1,24670000.0
MCO US,2007-02,2007,2,24670000.0
MCO US,2007-03,2007,3,24670000.0
MCO US,2007-04,2007,4,24670000.0
MCO US,2007-05,2007,5,24670000.0
MCO US,2007-06,2007,6,24670000.0
MCO US,2007-07,2007,7,24670000.0
MCO US,2007-08,2007,8,24670000.0
MCO US,2007-09,2007,9,24670000.0
MCO US,2007-10,2007,10,24670000.0
MCO US,2007-11,2007,11,24670000.0
MCO US,2007-12,2007,12,24670000.0
MCO US,2008-01,2008,1,24670000.0
MCO US,2008-02,2008,2,24670000.0
MCO US,2008-03,2008,3,24670000.0
MCO US,2008-04,2008,4,24670000.0
MCO US,2008-05,2008,5,24670000.0
MCO US,2008-06,2008,6,24670000.0
MCO US,2008-07,2008,7,24670000.0
MCO US,2008-08,2008,8,24670000.0
MCO US,2008-09,2008,9,24670000.0
MCO US,2008-10,2008,10,24670000.0
MCO US,2008-11,2008,11,24670000.0
MCO US,2008-12,2008,12,24670000.0
MCO US,2009-01,2009,1,24670000.0
MCO US,2009-02,2009,2,24670000.0
MCO US,2009-03,2009,3,24670000.0
MCO US,2009-04,2009,4,24670000.0
MCO US,2009-05,2009,5,24670000.0
MCO US,2009-06,2009,6,24670000.0
MCO US,2009-07,2009,7,24670000.0
MCO US,2009-08,2009,8,24670000.0
MCO US,2009-09,2009,9,24670000.0
MCO US,2009-10,2009,10,24670000.0
MCO US,2009-11,2009,11,24670000.0
MCO US,2009-12,2009,12,24670000.0
MCO US,2010-01,2010,1,24670000.0
MCO US,2010-02,2010,2,24670000.0
MCO US,2010-03,2010,3,24670000.0
MCO US,2010-04,2010,4,24670000.0
MCO US,2010-05,2010,5,24670000.0
MCO US,2010-06,2010,6,24670000.0
MCO US,2010-07,2010,7,24670000.0
MCO US,2010-08,2010,8,24670000.0
MCO US,2010-09,2010,9,24670000.0
MCO US,2010-10,2010,10,24670000.0
MCO US,2010-11,2010,11,24670000.0
MCO US,2010-12,2010,12,24670000.0
MCO US,2011-01,2011,1,24670000.0
MCO US,2011-02,2011,2,24670000.0
MCO US,2011-03,2011,3,24670000.0
MCO US,2011-04,2011,4,24670000.0
MCO US,2011-05,2011,5,24670000.0
MCO US,2011-06,2011,6,24670000.0
MCO US,2011-07,2011,7,24670000.0
MCO US,2011-08,2011,8,24670000.0
MCO US,2011-09,2011,9,24670000.0
MCO US,2011-10,2011,10,24670000.0
MCO US,2011-11,2011,11,24670000.0
MCO US,2011-12,2011,12,24670000.0
MCO US,2012-01,2012,1,24670000.0
MCO US,2012-02,2012,2,24670000.0
MCO US,2012-03,2012,3,24670000.0
MCO US,2012-04,2012,4,24670000.0
MCO US,2012-05,2012,5,24670000.0
MCO US,2012-06,2012,6,24670000.0
MCO US,2012-07,2012,7,24670000.0
MCO US,2012-08,2012,8,24670000.0
MCO US,2012-09,2012,9,24670000.0
MCO US,2012-10,2012,10,24670000.0
MCO US,2012-11,2012,11,24670000.0
MCO US,2012-12,2012,12,24670000.0
MCO US,2013-01,2013,1,24670000.0
MCO US,2013-02,2013,2,24670000.0
MCO US,2013-03,2013,3,24670000.0
MCO US,2013-04,2013,4,24670000.0
MCO US,2013-05,2013,5,24670000.0
MCO US,2013-06,2013,6,24670000.0
MCO US,2013-07,2013,7,24670000.0
MCO US,2013-08,2013,8,24670000.0
MCO US,2013-09,2013,9,24670000.0
MCO US,2013-10,2013,10,24670000.0
MCO US,2013-11,2013,11,24670000.0
MCO US,2013-12,2013,12,24670000.0
MCO US,2014-01,2014,1,24670000.0
MCO US,2014-02,2014,2,24670000.0
MCO US,2014-03,2014,3,24670000.0
MCO US,2014-04,2014,4,24670000.0
MCO US,2014-05,2014,5,24670000.0
MCO US,2014-06,2014,6,24670000.0
MCO US,2014-07,2014,7,24670000.0
MCO US,2014-08,2014,8,24670000.0
MCO US,2014-09,2014,9,24670000.0
MCO US,2014-10,2014,10,24670000.0
MCO US,2014-11,2014,11,24670000.0
MCO US,2014-12,2014,12,24670000.0
MCO US,2015-01,2015,1,24670000.0
MCO US,2015-02,2015,2,24670000.0
MCO US,2015-03,2015,3,24670000.0
MCO US,2015-04,2015,4,24670000.0
MCO US,2015-05,2015,5,24670000.0
MCO US,2015-06,2015,6,24670000.0
MCO US,2015-07,2015,7,24670000.0
MCO US,2015-08,2015,8,24670000.0
MCO US,2015-09,2015,9,24670000.0
MCO US,2015-10,2015,10,24670000.0
MCO US,2015-11,2015,11,24670000.0
MCO US,2015-12,2015,12,24670000.0
MCO US,2016-01,2016,1,24670000.0
MCO US,2016-02,2016,2,24670000.0
MCO US,2016-03,2016,3,24670000.0
MCO US,2016-04,2016,4,24670000.0
MCO US,2016-05,2016,5,24670000.0
MCO US,2016-06,2016,6,24670000.0
MCO US,2016-07,2016,7,24670000.0
MCO US,2016-08,2016,8,24670000.0
MCO US,2016-09,2016,9,24670000.0
MCO US,2016-10,2016,10,24670000.0
MCO US,2016-11,2016,11,24670000.0
MCO US,2016-12,2016,12,24670000.0
MCO US,2017-01,2017,1,24670000.0
MCO US,2017-02,2017,2,24670000.0
MCO US,2017-03,2017,3,24670000.0
MCO US,2017-04,2017,4,24670000.0
MCO US,2017-05,2017,5,24670000.0
MCO US,2017-06,2017,6,24670000.0
MCO US,2017-07,2017,7,24670000.0
MCO US,2017-08,2017,8,24670000.0
MCO US,2017-09,2017,9,24670000.0
MCO US,2017-10,2017,10,24670000.0
MCO US,2017-11,2017,11,24670000.0
MCO US,2017-12,2017,12,24670000.0
MCO US,2018-01,2018,1,24670000.0
MCO US,2018-02,2018,2,24670000.0
MCO US,2018-03,2018,3,24670000.0
MCO US,2018-04,2018,4,24670000.0
MCO US,2018-05,2018,5,24670000.0
MCO US,2018-06,2018,6,24670000.0
MCO US,2018-07,2018,7,24670000.0
MCO US,2018-08,2018,8,24670000.0
MCO US,2018-09,2018,9,24670000.0
MCO US,2018-10,2018,10,24670000.0
MCO US,2018-11,2018,11,24670000.0
MCO US,2018-12,2018,12,24670000.0
MCO US,2019-01,2019,1,24670000.0
MCO US,2019-02,2019,2,24670000.0
MCO US,2019-03,2019,3,24670000.0
MCO US,2019-04,2019,4,24670000.0
MCO US,2019-05,2019,5,24670000.0
MCO US,2019-06,2019,6,24670000.0
MCO US,2019-07,2019,7,24670000.0
MCO US,2019-08,2019,8,24670000.0
MCO US,2019-09,2019,9,24670000.0
MCO US,2019-10,2019,10,24670000.0
MCO US,2019-11,2019,11,24670000.0
MCO US,2019-12,2019,12,24670000.0
MCO US,2020-01,2020,1,24670000.0
MCO US,2020-02,2020,2,24670000.0
MCO US,2020-03,2020,3,24670000.0
MCO US,2020-04,2020,4,24670000.0
MCO US,2020-05,2020,5,24670000.0
MCO US,2020-06,2020,6,24670000.0
MCO US,2020-07,2020,7,24670000.0
MCO US,2020-08,2020,8,24670000.0
MCO US,2020-09,2020,9,24670000.0
MCO US,2020-10,2020,10,24670000.0
MCO US,2020-11,2020,11,24670000.0
MCO US,2020-12,2020,12,24670000.0
MCO US,2021-01,2021,1,24670000.0
MCO US,2021-02,2021,2,24670000.0
MCO US,2021-03,2021,3,24670000.0
MCO US,2021-04,2021,4,24670000.0
MCO US,2021-05,2021,5,24670000.0
MCO US,2021-06,2021,6,24670000.0
MCO US,2021-07,2021,7,24670000.0
MCO US,2021-08,2021,8,24670000.0
MCO US,2021-09,2021,9,24670000.0
MCO US,2021-10,2021,10,24670000.0
MCO US,2021-11,2021,11,24670000.0
MCO US,2021-12,2021,12,24670000.0
MCO US,2022-01,2022,1,24670000.0
MCO US,2022-02,2022,2,24670000.0
MCO US,2022-03,2022,3,24670000.0
MCO US,2022-04,2022,4,24670000.0
MCO US,2022-05,2022,5,24670000.0
MCO US,2022-06,2022,6,24670000.0
MCO US,2022-07,2022,7,24670000.0
MCO US,2022-08,2022,8,24670000.0
MCO US,2022-09,2022,9,24670000.0
MCO US,2022-10,2022,10,24670000.0
MCO US,2022-11,2022,11,24670000.0
MCO US,2022-12,2022,12,24670000.0
MCO US,2023-01,2023,1,24670000.0
MCO US,2023-02,2023,2,24670000.0
MCO US,2023-03,2023,3,24670000.0
MCO US,2023-04,2023,4,24670000.0
MCO US,2023-05,2023,5,24670000.0
MCO US,2023-06,2023,6,24670000.0
MCO US,2023-07,2023,7,24670000.0
MCO US,2023-08,2023,8,24670000.0
MCO US,2023-09,2023,9,24670000.0
MCO US,2023-10,2023,10,24670000.0
MCO US,2023-11,2023,11,24670000.0
MCO US,2023-12,2023,12,24670000.0
MCO US,2024-01,2024,1,24670000.0
MCO US,2024-02,2024,2,24670000.0
MCO US,2024-03,2024,3,24670000.0
MCO US,2024-04,2024,4,24670000.0
MCO US,2024-05,2024,5,24670000.0
MCO US,2024-06,2024,6,24670000.0
MCO US,2024-07,2024,7,24670000.0
MCO US,2024-08,2024,8,24670000.0
MCO US,2024-09,2024,9,24670000.0
MCO US,2024-10,2024,10,24670000.0
MKL US,2005-01,2005,1,0.0
MKL US,2005-01,2005,1,0.0
MKL US,2005-02,2005,2,0.0
MKL US,2005-03,2005,3,0.0
MKL US,2005-04,2005,4,0.0
MKL US,2005-05,2005,5,0.0
MKL US,2005-06,2005,6,0.0
MKL US,2005-07,2005,7,0.0
MKL US,2005-08,2005,8,0.0
MKL US,2005-09,2005,9,0.0
MKL US,2005-10,2005,10,0.0
MKL US,2005-11,2005,11,0.0
MKL US,2005-12,2005,12,0.0
MKL US,2006-01,2006,1,0.0
MKL US,2006-02,2006,2,0.0
MKL US,2006-03,2006,3,0.0
MKL US,2006-04,2006,4,0.0
MKL US,2006-05,2006,5,0.0
MKL US,2006-06,2006,6,0.0
MKL US,2006-07,2006,7,0.0
MKL US,2006-08,2006,8,0.0
MKL US,2006-09,2006,9,0.0
MKL US,2006-10,2006,10,0.0
MKL US,2006-11,2006,11,0.0
MKL US,2006-12,2006,12,0.0
MKL US,2007-01,2007,1,0.0
MKL US,2007-02,2007,2,0.0
MKL US,2007-03,2007,3,0.0
MKL US,2007-04,2007,4,0.0
MKL US,2007-05,2007,5,0.0
MKL US,2007-06,2007,6,0.0
MKL US,2007-07,2007,7,0.0
MKL US,2007-08,2007,8,0.0
MKL US,2007-09,2007,9,0.0
MKL US,2007-10,2007,10,0.0
MKL US,2007-11,2007,11,0.0
MKL US,2007-12,2007,12,0.0
MKL US,2008-01,2008,1,0.0
MKL US,2008-02,2008,2,0.0
MKL US,2008-03,2008,3,0.0
MKL US,2008-04,2008,4,0.0
MKL US,2008-05,2008,5,0.0
MKL US,2008-06,2008,6,0.0
MKL US,2008-07,2008,7,0.0
MKL US,2008-08,2008,8,0.0
MKL US,2008-09,2008,9,0.0
MKL US,2008-10,2008,10,0.0
MKL US,2008-11,2008,11,0.0
MKL US,2008-12,2008,12,0.0
MKL US,2009-01,2009,1,0.0
MKL US,2009-02,2009,2,0.0
MKL US,2009-03,2009,3,0.0
MKL US,2009-04,2009,4,0.0
MKL US,2009-05,2009,5,0.0
MKL US,2009-06,2009,6,0.0
MKL US,2009-07,2009,7,0.0
MKL US,2009-08,2009,8,0.0
MKL US,2009-09,2009,9,0.0
MKL US,2009-10,2009,10,0.0
MKL US,2009-11,2009,11,0.0
MKL US,2009-12,2009,12,0.0
MKL US,2010-01,2010,1,0.0
MKL US,2010-02,2010,2,0.0
MKL US,2010-03,2010,3,0.0
MKL US,2010-04,2010,4,0.0
MKL US,2010-05,2010,5,0.0
MKL US,2010-06,2010,6,0.0
MKL US,2010-07,2010,7,0.0
MKL US,2010-08,2010,8,0.0
MKL US,2010-09,2010,9,0.0
MKL US,2010-10,2010,10,0.0
MKL US,2010-11,2010,11,0.0
MKL US,2010-12,2010,12,0.0
MKL US,2011-01,2011,1,0.0
MKL US,2011-02,2011,2,0.0
MKL US,2011-03,2011,3,0.0
MKL US,2011-04,2011,4,0.0
MKL US,2011-05,2011,5,0.0
MKL US,2011-06,2011,6,0.0
MKL US,2011-07,2011,7,0.0
MKL US,2011-08,2011,8,0.0
MKL US,2011-09,2011,9,0.0
MKL US,2011-10,2011,10,0.0
MKL US,2011-11,2011,11,0.0
MKL US,2011-12,2011,12,0.0
MKL US,2012-01,2012,1,0.0
MKL US,2012-02,2012,2,0.0
MKL US,2012-03,2012,3,0.0
MKL US,2012-04,2012,4,0.0
MKL US,2012-05,2012,5,0.0
MKL US,2012-06,2012,6,0.0
MKL US,2012-07,2012,7,0.0
MKL US,2012-08,2012,8,0.0
MKL US,2012-09,2012,9,0.0
MKL US,2012-10,2012,10,0.0
MKL US,2012-11,2012,11,0.0
MKL US,2012-12,2012,12,0.0
MKL US,2013-01,2013,1,0.0
MKL US,2013-02,2013,2,0.0
MKL US,2013-03,2013,3,0.0
MKL US,2013-04,2013,4,0.0
MKL US,2013-05,2013,5,0.0
MKL US,2013-06,2013,6,0.0
MKL US,2013-07,2013,7,0.0
MKL US,2013-08,2013,8,0.0
MKL US,2013-09,2013,9,0.0
MKL US,2013-10,2013,10,0.0
MKL US,2013-11,2013,11,0.0
MKL US,2013-12,2013,12,0.0
MKL US,2014-01,2014,1,0.0
MKL US,2014-02,2014,2,0.0
MKL US,2014-03,2014,3,0.0
MKL US,2014-04,2014,4,0.0
MKL US,2014-05,2014,5,0.0
MKL US,2014-06,2014,6,0.0
MKL US,2014-07,2014,7,0.0
MKL US,2014-08,2014,8,0.0
MKL US,2014-09,2014,9,0.0
MKL US,2014-10,2014,10,0.0
MKL US,2014-11,2014,11,0.0
MKL US,2014-12,2014,12,0.0
MKL US,2015-01,2015,1,0.0
MKL US,2015-02,2015,2,0.0
MKL US,2015-03,2015,3,0.0
MKL US,2015-04,2015,4,0.0
MKL US,2015-05,2015,5,0.0
MKL US,2015-06,2015,6,0.0
MKL US,2015-07,2015,7,0.0
MKL US,2015-08,2015,8,0.0
MKL US,2015-09,2015,9,0.0
MKL US,2015-10,2015,10,0.0
MKL US,2015-11,2015,11,0.0
MKL US,2015-12,2015,12,0.0
MKL US,2016-01,2016,1,0.0
MKL US,2016-02,2016,2,0.0
MKL US,2016-03,2016,3,0.0
MKL US,2016-04,2016,4,0.0
MKL US,2016-05,2016,5,0.0
MKL US,2016-06,2016,6,0.0
MKL US,2016-07,2016,7,0.0
MKL US,2016-08,2016,8,0.0
MKL US,2016-09,2016,9,0.0
MKL US,2016-10,2016,10,0.0
MKL US,2016-11,2016,11,0.0
MKL US,2016-12,2016,12,0.0
MKL US,2017-01,2017,1,0.0
MKL US,2017-02,2017,2,0.0
MKL US,2017-03,2017,3,0.0
MKL US,2017-04,2017,4,0.0
MKL US,2017-05,2017,5,0.0
MKL US,2017-06,2017,6,0.0
MKL US,2017-07,2017,7,0.0
MKL US,2017-08,2017,8,0.0
MKL US,2017-09,2017,9,0.0
MKL US,2017-10,2017,10,0.0
MKL US,2017-11,2017,11,0.0
MKL US,2017-12,2017,12,0.0
MKL US,2018-01,2018,1,0.0
MKL US,2018-02,2018,2,0.0
MKL US,2018-03,2018,3,0.0
MKL US,2018-04,2018,4,0.0
MKL US,2018-05,2018,5,0.0
MKL US,2018-06,2018,6,0.0
MKL US,2018-07,2018,7,0.0
MKL US,2018-08,2018,8,0.0
MKL US,2018-09,2018,9,0.0
MKL US,2018-10,2018,10,0.0
MKL US,2018-11,2018,11,0.0
MKL US,2018-12,2018,12,0.0
MKL US,2019-01,2019,1,0.0
MKL US,2019-02,2019,2,0.0
MKL US,2019-03,2019,3,0.0
MKL US,2019-04,2019,4,0.0
MKL US,2019-05,2019,5,0.0
MKL US,2019-06,2019,6,0.0
MKL US,2019-07,2019,7,0.0
MKL US,2019-08,2019,8,0.0
MKL US,2019-09,2019,9,0.0
MKL US,2019-10,2019,10,0.0
MKL US,2019-11,2019,11,0.0
MKL US,2019-12,2019,12,0.0
MKL US,2020-01,2020,1,0.0
MKL US,2020-02,2020,2,0.0
MKL US,2020-03,2020,3,0.0
MKL US,2020-04,2020,4,0.0
MKL US,2020-05,2020,5,0.0
MKL US,2020-06,2020,6,0.0
MKL US,2020-07,2020,7,0.0
MKL US,2020-08,2020,8,0.0
MKL US,2020-09,2020,9,0.0
MKL US,2020-10,2020,10,0.0
MKL US,2020-11,2020,11,0.0
MKL US,2020-12,2020,12,0.0
MKL US,2021-01,2021,1,0.0
MKL US,2021-02,2021,2,0.0
MKL US,2021-03,2021,3,0.0
MKL US,2021-04,2021,4,0.0
MKL US,2021-05,2021,5,0.0
MKL US,2021-06,2021,6,0.0
MKL US,2021-07,2021,7,0.0
MKL US,2021-08,2021,8,0.0
MKL US,2021-09,2021,9,0.0
MKL US,2021-10,2021,10,0.0
MKL US,2021-11,2021,11,0.0
MKL US,2021-12,2021,12,0.0
MKL US,2022-01,2022,1,0.0
MKL US,2022-02,2022,2,0.0
MKL US,2022-03,2022,3,0.0
MKL US,2022-04,2022,4,400000.0
MKL US,2022-05,2022,5,400000.0
MKL US,2022-06,2022,6,400000.0
MKL US,2022-07,2022,7,462120.0
MKL US,2022-08,2022,8,462120.0
MKL US,2022-09,2022,9,462120.0
MKL US,2022-10,2022,10,460610.0
MKL US,2022-11,2022,11,460610.0
MKL US,2022-12,2022,12,460610.0
MKL US,2023-01,2023,1,462120.0
MKL US,2023-02,2023,2,462120.0
MKL US,2023-03,2023,3,462120.0
MKL US,2023-04,2023,4,463640.0
MKL US,2023-05,2023,5,463640.0
MKL US,2023-06,2023,6,463640.0
MKL US,2023-07,2023,7,460610.0
MKL US,2023-08,2023,8,460610.0
MKL US,2023-09,2023,9,460610.0
MKL US,2023-10,2023,10,145450.0
MKL US,2023-11,2023,11,145450.0
MKL US,2023-12,2023,12,145450.0
MKL US,2024-01,2024,1,0.0
MMC US,1998-04,1998,4,0.0
MMC US,1998-05,1998,5,0.0
MMC US,1998-06,1998,6,0.0
MMC US,1998-07,1998,7,0.0
MMC US,1998-08,1998,8,0.0
MMC US,1998-09,1998,9,0.0
MMC US,1998-10,1998,10,0.0
MMC US,1998-11,1998,11,0.0
MMC US,1998-12,1998,12,0.0
MMC US,1999-01,1999,1,0.0
MMC US,1999-02,1999,2,0.0
MMC US,1999-03,1999,3,0.0
MMC US,1999-04,1999,4,0.0
MMC US,1999-05,1999,5,0.0
MMC US,1999-06,1999,6,0.0
MMC US,1999-07,1999,7,0.0
MMC US,1999-08,1999,8,0.0
MMC US,1999-09,1999,9,0.0
MMC US,1999-10,1999,10,0.0
MMC US,1999-11,1999,11,0.0
MMC US,1999-12,1999,12,0.0
MMC US,2000-01,2000,1,89290.0
MMC US,2000-02,2000,2,89290.0
MMC US,2000-03,2000,3,89290.0
MMC US,2000-04,2000,4,160710.0
MMC US,2000-05,2000,5,160710.0
MMC US,2000-06,2000,6,160710.0
MMC US,2000-07,2000,7,160710.0
MMC US,2000-08,2000,8,160710.0
MMC US,2000-09,2000,9,160710.0
MMC US,2000-10,2000,10,160710.0
MMC US,2000-11,2000,11,160710.0
MMC US,2000-12,2000,12,160710.0
MMC US,2001-01,2001,1,160710.0
MMC US,2001-02,2001,2,160710.0
MMC US,2001-03,2001,3,160710.0
MMC US,2001-04,2001,4,0.0
MMC US,2001-05,2001,5,0.0
MMC US,2001-06,2001,6,0.0
MMC US,2001-07,2001,7,0.0
MMC US,2001-08,2001,8,0.0
MMC US,2001-09,2001,9,0.0
MMC US,2001-10,2001,10,0.0
MMC US,2001-11,2001,11,0.0
MMC US,2001-12,2001,12,0.0
MMC US,2002-01,2002,1,0.0
MMC US,2002-02,2002,2,0.0
MMC US,2002-03,2002,3,0.0
MMC US,2002-04,2002,4,0.0
MMC US,2002-05,2002,5,0.0
MMC US,2002-06,2002,6,0.0
MMC US,2002-07,2002,7,0.0
MMC US,2002-08,2002,8,0.0
MMC US,2002-09,2002,9,0.0
MMC US,2002-10,2002,10,0.0
MMC US,2002-11,2002,11,0.0
MMC US,2002-12,2002,12,0.0
MMC US,2003-01,2003,1,0.0
MMC US,2003-02,2003,2,0.0
MMC US,2003-03,2003,3,0.0
MMC US,2003-04,2003,4,0.0
MMC US,2003-05,2003,5,0.0
MMC US,2003-06,2003,6,0.0
MMC US,2003-07,2003,7,0.0
MMC US,2003-08,2003,8,0.0
MMC US,2003-09,2003,9,0.0
MMC US,2003-10,2003,10,0.0
MMC US,2003-11,2003,11,0.0
MMC US,2003-12,2003,12,0.0
MMC US,2004-01,2004,1,0.0
MMC US,2004-02,2004,2,0.0
MMC US,2004-03,2004,3,0.0
MMC US,2004-04,2004,4,0.0
MMC US,2004-05,2004,5,0.0
MMC US,2004-06,2004,6,0.0
MMC US,2004-07,2004,7,53570.0
MMC US,2004-08,2004,8,53570.0
MMC US,2004-09,2004,9,53570.0
MMC US,2004-10,2004,10,53570.0
MMC US,2004-11,2004,11,53570.0
MMC US,2004-12,2004,12,53570.0
MMC US,2005-01,2005,1,0.0
MMC US,2005-02,2005,2,0.0
MMC US,2005-03,2005,3,0.0
MMC US,2005-04,2005,4,196430.0
MMC US,2005-05,2005,5,196430.0
MMC US,2005-06,2005,6,196430.0
MMC US,2005-07,2005,7,0.0
MMC US,2005-08,2005,8,0.0
MMC US,2005-09,2005,9,0.0
MMC US,2005-10,2005,10,0.0
MMC US,2005-11,2005,11,0.0
MMC US,2005-12,2005,12,0.0
MMC US,2006-01,2006,1,125000.0
MMC US,2006-02,2006,2,125000.0
MMC US,2006-03,2006,3,125000.0
MMC US,2006-04,2006,4,125000.0
MMC US,2006-05,2006,5,125000.0
MMC US,2006-06,2006,6,125000.0
MMC US,2006-07,2006,7,125000.0
MMC US,2006-08,2006,8,125000.0
MMC US,2006-09,2006,9,125000.0
MMC US,2006-10,2006,10,0.0
MMC US,2006-11,2006,11,0.0
MMC US,2006-12,2006,12,0.0
MMC US,2007-01,2007,1,0.0
MMC US,2007-02,2007,2,0.0
MMC US,2007-03,2007,3,0.0
MMC US,2007-04,2007,4,0.0
MMC US,2007-05,2007,5,0.0
MMC US,2007-06,2007,6,0.0
MMC US,2007-07,2007,7,0.0
MMC US,2007-08,2007,8,0.0
MMC US,2007-09,2007,9,0.0
MMC US,2007-10,2007,10,0.0
MMC US,2007-11,2007,11,0.0
MMC US,2007-12,2007,12,0.0
MMC US,2008-01,2008,1,0.0
MMC US,2008-02,2008,2,0.0
MMC US,2008-03,2008,3,0.0
MMC US,2008-04,2008,4,0.0
MMC US,2008-05,2008,5,0.0
MMC US,2008-06,2008,6,0.0
MMC US,2008-07,2008,7,0.0
MMC US,2008-08,2008,8,0.0
MMC US,2008-09,2008,9,0.0
MMC US,2008-10,2008,10,0.0
MMC US,2008-11,2008,11,0.0
MMC US,2008-12,2008,12,0.0
MMC US,2009-01,2009,1,0.0
MMC US,2009-02,2009,2,0.0
MMC US,2009-03,2009,3,0.0
MMC US,2009-04,2009,4,0.0
MMC US,2009-05,2009,5,0.0
MMC US,2009-06,2009,6,0.0
MMC US,2009-07,2009,7,0.0
MMC US,2009-08,2009,8,0.0
MMC US,2009-09,2009,9,0.0
MMC US,2009-10,2009,10,0.0
MMC US,2009-11,2009,11,0.0
MMC US,2009-12,2009,12,0.0
MMC US,2010-01,2010,1,0.0
MMC US,2010-01,2010,1,0.0
MMC US,2010-02,2010,2,0.0
MMC US,2010-03,2010,3,0.0
MMC US,2010-04,2010,4,0.0
MMC US,2010-04,2010,4,0.0
MMC US,2010-05,2010,5,0.0
MMC US,2010-06,2010,6,0.0
MMC US,2010-07,2010,7,0.0
MMC US,2010-07,2010,7,0.0
MMC US,2010-08,2010,8,0.0
MMC US,2010-09,2010,9,0.0
MMC US,2010-10,2010,10,0.0
MMC US,2010-10,2010,10,0.0
MMC US,2010-11,2010,11,0.0
MMC US,2010-12,2010,12,0.0
MMC US,2011-01,2011,1,0.0
MMC US,2011-02,2011,2,0.0
MMC US,2011-03,2011,3,0.0
MMC US,2011-04,2011,4,0.0
MMC US,2011-05,2011,5,0.0
MMC US,2011-06,2011,6,0.0
MMC US,2011-07,2011,7,0.0
MMC US,2011-08,2011,8,0.0
MMC US,2011-09,2011,9,0.0
MMC US,2011-10,2011,10,0.0
MMC US,2011-11,2011,11,0.0
MMC US,2011-12,2011,12,0.0
MMC US,2012-01,2012,1,0.0
MMC US,2012-02,2012,2,0.0
MMC US,2012-03,2012,3,0.0
MMC US,2012-04,2012,4,0.0
MMC US,2012-05,2012,5,0.0
MMC US,2012-06,2012,6,0.0
MMC US,2012-07,2012,7,0.0
MMC US,2012-08,2012,8,0.0
MMC US,2012-09,2012,9,0.0
MMC US,2012-10,2012,10,0.0
MMC US,2012-11,2012,11,0.0
MMC US,2012-12,2012,12,0.0
MMC US,2013-01,2013,1,0.0
MMC US,2013-02,2013,2,0.0
MMC US,2013-03,2013,3,0.0
MMC US,2013-04,2013,4,0.0
MMC US,2013-05,2013,5,0.0
MMC US,2013-06,2013,6,0.0
MMC US,2013-07,2013,7,0.0
MMC US,2013-08,2013,8,0.0
MMC US,2013-09,2013,9,0.0
MMC US,2013-10,2013,10,0.0
MMC US,2013-11,2013,11,0.0
MMC US,2013-12,2013,12,0.0
MMC US,2014-01,2014,1,0.0
MMC US,2014-02,2014,2,0.0
MMC US,2014-03,2014,3,0.0
MMC US,2014-04,2014,4,0.0
MMC US,2014-05,2014,5,0.0
MMC US,2014-06,2014,6,0.0
MMC US,2014-07,2014,7,0.0
MMC US,2014-08,2014,8,0.0
MMC US,2014-09,2014,9,0.0
MMC US,2014-10,2014,10,0.0
MMC US,2014-11,2014,11,0.0
MMC US,2014-12,2014,12,0.0
MMC US,2015-01,2015,1,0.0
MMC US,2015-02,2015,2,0.0
MMC US,2015-03,2015,3,0.0
MMC US,2015-04,2015,4,0.0
MMC US,2015-05,2015,5,0.0
MMC US,2015-06,2015,6,0.0
MMC US,2015-07,2015,7,0.0
MMC US,2015-08,2015,8,0.0
MMC US,2015-09,2015,9,0.0
MMC US,2015-10,2015,10,0.0
MMC US,2015-11,2015,11,0.0
MMC US,2015-12,2015,12,0.0
MMC US,2016-01,2016,1,0.0
MMC US,2016-02,2016,2,0.0
MMC US,2016-03,2016,3,0.0
MMC US,2016-04,2016,4,0.0
MMC US,2016-05,2016,5,0.0
MMC US,2016-06,2016,6,0.0
MMC US,2016-07,2016,7,0.0
MMC US,2016-08,2016,8,0.0
MMC US,2016-09,2016,9,0.0
MMC US,2016-10,2016,10,0.0
MMC US,2016-11,2016,11,0.0
MMC US,2016-12,2016,12,0.0
MMC US,2017-01,2017,1,0.0
MMC US,2017-02,2017,2,0.0
MMC US,2017-03,2017,3,0.0
MMC US,2017-04,2017,4,0.0
MMC US,2017-05,2017,5,0.0
MMC US,2017-06,2017,6,0.0
MMC US,2017-07,2017,7,0.0
MMC US,2017-08,2017,8,0.0
MMC US,2017-09,2017,9,0.0
MMC US,2017-10,2017,10,0.0
MMC US,2017-11,2017,11,0.0
MMC US,2017-12,2017,12,0.0
MMC US,2018-01,2018,1,0.0
MMC US,2018-02,2018,2,0.0
MMC US,2018-03,2018,3,0.0
MMC US,2018-04,2018,4,0.0
MMC US,2018-05,2018,5,0.0
MMC US,2018-06,2018,6,0.0
MMC US,2018-07,2018,7,0.0
MMC US,2018-08,2018,8,0.0
MMC US,2018-09,2018,9,0.0
MMC US,2018-10,2018,10,0.0
MMC US,2018-11,2018,11,0.0
MMC US,2018-12,2018,12,0.0
MMC US,2019-01,2019,1,1000000.0
MMC US,2019-02,2019,2,1000000.0
MMC US,2019-03,2019,3,1000000.0
MMC US,2019-04,2019,4,1000000.0
MMC US,2019-05,2019,5,1000000.0
MMC US,2019-06,2019,6,1000000.0
MMC US,2019-07,2019,7,1000000.0
MMC US,2019-08,2019,8,1000000.0
MMC US,2019-09,2019,9,1000000.0
MMC US,2019-10,2019,10,1000000.0
MMC US,2019-11,2019,11,1000000.0
MMC US,2019-12,2019,12,1000000.0
MMC US,2020-01,2020,1,1000000.0
MMC US,2020-02,2020,2,1000000.0
MMC US,2020-03,2020,3,1000000.0
MMC US,2020-04,2020,4,0.0
MMC US,2020-05,2020,5,0.0
MMC US,2020-06,2020,6,0.0
MMC US,2020-07,2020,7,0.0
MMC US,2020-08,2020,8,0.0
MMC US,2020-09,2020,9,0.0
MMC US,2020-10,2020,10,3360000.0
MMC US,2020-11,2020,11,3360000.0
MMC US,2020-12,2020,12,3360000.0
MMC US,2021-01,2021,1,4000000.0
MMC US,2021-02,2021,2,4000000.0
MMC US,2021-03,2021,3,4000000.0
MMC US,2021-04,2021,4,5380000.0
MMC US,2021-05,2021,5,5380000.0
MMC US,2021-06,2021,6,5380000.0
MMC US,2021-07,2021,7,4000000.0
MMC US,2021-08,2021,8,4000000.0
MMC US,2021-09,2021,9,4000000.0
MMC US,2021-10,2021,10,2710000.0
MMC US,2021-11,2021,11,2710000.0
MMC US,2021-12,2021,12,2710000.0
MMC US,2022-01,2022,1,285710.0
MMC US,2022-02,2022,2,285710.0
MMC US,2022-03,2022,3,285710.0
MMC US,2022-04,2022,4,285710.0
MMC US,2022-05,2022,5,285710.0
MMC US,2022-06,2022,6,285710.0
MMC US,2022-07,2022,7,303570.0
MMC US,2022-08,2022,8,303570.0
MMC US,2022-09,2022,9,303570.0
MMC US,2022-10,2022,10,303570.0
MMC US,2022-11,2022,11,303570.0
MMC US,2022-12,2022,12,303570.0
MMC US,2023-01,2023,1,267860.0
MMC US,2023-02,2023,2,267860.0
MMC US,2023-03,2023,3,267860.0
MMC US,2023-04,2023,4,303570.0
MMC US,2023-05,2023,5,303570.0
MMC US,2023-06,2023,6,303570.0
MMC US,2023-07,2023,7,0.0
MRK US,1998-04,1998,4,36270.0
MRK US,1998-05,1998,5,36270.0
MRK US,1998-06,1998,6,36270.0
MRK US,1998-07,1998,7,36270.0
MRK US,1998-08,1998,8,36270.0
MRK US,1998-09,1998,9,36270.0
MRK US,1998-10,1998,10,36270.0
MRK US,1998-11,1998,11,36270.0
MRK US,1998-12,1998,12,36270.0
MRK US,1999-01,1999,1,36270.0
MRK US,1999-02,1999,2,36270.0
MRK US,1999-03,1999,3,36270.0
MRK US,1999-04,1999,4,36270.0
MRK US,1999-05,1999,5,36270.0
MRK US,1999-06,1999,6,36270.0
MRK US,1999-07,1999,7,36270.0
MRK US,1999-08,1999,8,36270.0
MRK US,1999-09,1999,9,36270.0
MRK US,1999-10,1999,10,36270.0
MRK US,1999-11,1999,11,36270.0
MRK US,1999-12,1999,12,36270.0
MRK US,2000-01,2000,1,36270.0
MRK US,2000-02,2000,2,36270.0
MRK US,2000-03,2000,3,36270.0
MRK US,2000-04,2000,4,36270.0
MRK US,2000-05,2000,5,36270.0
MRK US,2000-06,2000,6,36270.0
MRK US,2000-07,2000,7,36270.0
MRK US,2000-08,2000,8,36270.0
MRK US,2000-09,2000,9,36270.0
MRK US,2000-10,2000,10,36270.0
MRK US,2000-11,2000,11,36270.0
MRK US,2000-12,2000,12,36270.0
MRK US,2001-01,2001,1,36270.0
MRK US,2001-02,2001,2,36270.0
MRK US,2001-03,2001,3,36270.0
MRK US,2001-04,2001,4,36270.0
MRK US,2001-05,2001,5,36270.0
MRK US,2001-06,2001,6,36270.0
MRK US,2001-07,2001,7,36270.0
MRK US,2001-08,2001,8,36270.0
MRK US,2001-09,2001,9,36270.0
MRK US,2001-10,2001,10,36270.0
MRK US,2001-11,2001,11,36270.0
MRK US,2001-12,2001,12,36270.0
MRK US,2002-01,2002,1,36270.0
MRK US,2002-02,2002,2,36270.0
MRK US,2002-03,2002,3,36270.0
MRK US,2002-04,2002,4,36270.0
MRK US,2002-05,2002,5,36270.0
MRK US,2002-06,2002,6,36270.0
MRK US,2002-07,2002,7,36270.0
MRK US,2002-08,2002,8,36270.0
MRK US,2002-09,2002,9,36270.0
MRK US,2002-10,2002,10,36270.0
MRK US,2002-11,2002,11,36270.0
MRK US,2002-12,2002,12,36270.0
MRK US,2003-01,2003,1,36270.0
MRK US,2003-02,2003,2,36270.0
MRK US,2003-03,2003,3,36270.0
MRK US,2003-04,2003,4,36270.0
MRK US,2003-05,2003,5,36270.0
MRK US,2003-06,2003,6,36270.0
MRK US,2003-07,2003,7,36270.0
MRK US,2003-08,2003,8,36270.0
MRK US,2003-09,2003,9,36270.0
MRK US,2003-10,2003,10,36270.0
MRK US,2003-11,2003,11,36270.0
MRK US,2003-12,2003,12,36270.0
MRK US,2004-01,2004,1,36270.0
MRK US,2004-02,2004,2,36270.0
MRK US,2004-03,2004,3,36270.0
MRK US,2004-04,2004,4,36270.0
MRK US,2004-05,2004,5,36270.0
MRK US,2004-06,2004,6,36270.0
MRK US,2004-07,2004,7,36270.0
MRK US,2004-08,2004,8,36270.0
MRK US,2004-09,2004,9,36270.0
MRK US,2004-10,2004,10,36270.0
MRK US,2004-11,2004,11,36270.0
MRK US,2004-12,2004,12,36270.0
MRK US,2005-01,2005,1,36270.0
MRK US,2005-02,2005,2,36270.0
MRK US,2005-03,2005,3,36270.0
MRK US,2005-04,2005,4,36270.0
MRK US,2005-05,2005,5,36270.0
MRK US,2005-06,2005,6,36270.0
MRK US,2005-07,2005,7,36270.0
MRK US,2005-08,2005,8,36270.0
MRK US,2005-09,2005,9,36270.0
MRK US,2005-10,2005,10,36270.0
MRK US,2005-11,2005,11,36270.0
MRK US,2005-12,2005,12,36270.0
MRK US,2006-01,2006,1,36270.0
MRK US,2006-02,2006,2,36270.0
MRK US,2006-03,2006,3,36270.0
MRK US,2006-04,2006,4,36270.0
MRK US,2006-05,2006,5,36270.0
MRK US,2006-06,2006,6,36270.0
MRK US,2006-07,2006,7,36270.0
MRK US,2006-08,2006,8,36270.0
MRK US,2006-09,2006,9,36270.0
MRK US,2006-10,2006,10,36270.0
MRK US,2006-11,2006,11,36270.0
MRK US,2006-12,2006,12,36270.0
MRK US,2007-01,2007,1,36270.0
MRK US,2007-02,2007,2,36270.0
MRK US,2007-03,2007,3,36270.0
MRK US,2007-04,2007,4,36270.0
MRK US,2007-05,2007,5,36270.0
MRK US,2007-06,2007,6,36270.0
MRK US,2007-07,2007,7,36270.0
MRK US,2007-08,2007,8,36270.0
MRK US,2007-09,2007,9,36270.0
MRK US,2007-10,2007,10,36270.0
MRK US,2007-11,2007,11,36270.0
MRK US,2007-12,2007,12,36270.0
MRK US,2008-01,2008,1,36270.0
MRK US,2008-02,2008,2,36270.0
MRK US,2008-03,2008,3,36270.0
MRK US,2008-04,2008,4,36270.0
MRK US,2008-05,2008,5,36270.0
MRK US,2008-06,2008,6,36270.0
MRK US,2008-07,2008,7,36270.0
MRK US,2008-08,2008,8,36270.0
MRK US,2008-09,2008,9,36270.0
MRK US,2008-10,2008,10,36270.0
MRK US,2008-11,2008,11,36270.0
MRK US,2008-12,2008,12,36270.0
MRK US,2009-01,2009,1,36270.0
MRK US,2009-02,2009,2,36270.0
MRK US,2009-03,2009,3,36270.0
MRK US,2009-04,2009,4,36270.0
MRK US,2009-05,2009,5,36270.0
MRK US,2009-06,2009,6,36270.0
MRK US,2009-07,2009,7,36270.0
MRK US,2009-08,2009,8,36270.0
MRK US,2009-09,2009,9,36270.0
MRK US,2009-10,2009,10,36270.0
MRK US,2009-11,2009,11,36270.0
MRK US,2009-12,2009,12,36270.0
MRK US,2010-01,2010,1,36270.0
MRK US,2010-02,2010,2,36270.0
MRK US,2010-03,2010,3,36270.0
MRK US,2010-04,2010,4,36270.0
MRK US,2010-05,2010,5,36270.0
MRK US,2010-06,2010,6,36270.0
MRK US,2010-07,2010,7,36270.0
MRK US,2010-08,2010,8,36270.0
MRK US,2010-09,2010,9,36270.0
MRK US,2010-10,2010,10,36270.0
MRK US,2010-11,2010,11,36270.0
MRK US,2010-12,2010,12,36270.0
MRK US,2011-01,2011,1,36270.0
MRK US,2011-02,2011,2,36270.0
MRK US,2011-03,2011,3,36270.0
MRK US,2011-04,2011,4,36270.0
MRK US,2011-05,2011,5,36270.0
MRK US,2011-06,2011,6,36270.0
MRK US,2011-07,2011,7,36270.0
MRK US,2011-08,2011,8,36270.0
MRK US,2011-09,2011,9,36270.0
MRK US,2011-10,2011,10,36270.0
MRK US,2011-11,2011,11,36270.0
MRK US,2011-12,2011,12,36270.0
MRK US,2012-01,2012,1,36270.0
MRK US,2012-02,2012,2,36270.0
MRK US,2012-03,2012,3,36270.0
MRK US,2012-04,2012,4,36270.0
MRK US,2012-05,2012,5,36270.0
MRK US,2012-06,2012,6,36270.0
MRK US,2012-07,2012,7,36270.0
MRK US,2012-08,2012,8,36270.0
MRK US,2012-09,2012,9,36270.0
MRK US,2012-10,2012,10,36270.0
MRK US,2012-11,2012,11,36270.0
MRK US,2012-12,2012,12,36270.0
MRK US,2013-01,2013,1,36270.0
MRK US,2013-02,2013,2,36270.0
MRK US,2013-03,2013,3,36270.0
MRK US,2013-04,2013,4,36270.0
MRK US,2013-05,2013,5,36270.0
MRK US,2013-06,2013,6,36270.0
MRK US,2013-07,2013,7,36270.0
MRK US,2013-08,2013,8,36270.0
MRK US,2013-09,2013,9,36270.0
MRK US,2013-10,2013,10,36270.0
MRK US,2013-11,2013,11,36270.0
MRK US,2013-12,2013,12,36270.0
MRK US,2014-01,2014,1,36270.0
MRK US,2014-02,2014,2,36270.0
MRK US,2014-03,2014,3,36270.0
MRK US,2014-04,2014,4,36270.0
MRK US,2014-05,2014,5,36270.0
MRK US,2014-06,2014,6,36270.0
MRK US,2014-07,2014,7,36270.0
MRK US,2014-08,2014,8,36270.0
MRK US,2014-09,2014,9,36270.0
MRK US,2014-10,2014,10,36270.0
MRK US,2014-11,2014,11,36270.0
MRK US,2014-12,2014,12,36270.0
MRK US,2015-01,2015,1,36270.0
MRK US,2015-02,2015,2,36270.0
MRK US,2015-03,2015,3,36270.0
MRK US,2015-04,2015,4,36270.0
MRK US,2015-05,2015,5,36270.0
MRK US,2015-06,2015,6,36270.0
MRK US,2015-07,2015,7,36270.0
MRK US,2015-08,2015,8,36270.0
MRK US,2015-09,2015,9,36270.0
MRK US,2015-10,2015,10,36270.0
MRK US,2015-11,2015,11,36270.0
MRK US,2015-12,2015,12,36270.0
MRK US,2016-01,2016,1,36270.0
MRK US,2016-02,2016,2,36270.0
MRK US,2016-03,2016,3,36270.0
MRK US,2016-04,2016,4,36270.0
MRK US,2016-05,2016,5,36270.0
MRK US,2016-06,2016,6,36270.0
MRK US,2016-07,2016,7,36270.0
MRK US,2016-08,2016,8,36270.0
MRK US,2016-09,2016,9,36270.0
MRK US,2016-10,2016,10,36270.0
MRK US,2016-11,2016,11,36270.0
MRK US,2016-12,2016,12,36270.0
MRK US,2017-01,2017,1,36270.0
MRK US,2017-02,2017,2,36270.0
MRK US,2017-03,2017,3,36270.0
MRK US,2017-04,2017,4,36270.0
MRK US,2017-05,2017,5,36270.0
MRK US,2017-06,2017,6,36270.0
MRK US,2017-07,2017,7,36270.0
MRK US,2017-08,2017,8,36270.0
MRK US,2017-09,2017,9,36270.0
MRK US,2017-10,2017,10,36270.0
MRK US,2017-11,2017,11,36270.0
MRK US,2017-12,2017,12,36270.0
MRK US,2018-01,2018,1,36270.0
MRK US,2018-02,2018,2,36270.0
MRK US,2018-03,2018,3,36270.0
MRK US,2018-04,2018,4,36270.0
MRK US,2018-05,2018,5,36270.0
MRK US,2018-06,2018,6,36270.0
MRK US,2018-07,2018,7,36270.0
MRK US,2018-08,2018,8,36270.0
MRK US,2018-09,2018,9,36270.0
MRK US,2018-10,2018,10,36270.0
MRK US,2018-11,2018,11,36270.0
MRK US,2018-12,2018,12,36270.0
MRK US,2019-01,2019,1,36270.0
MRK US,2019-02,2019,2,36270.0
MRK US,2019-03,2019,3,36270.0
MRK US,2019-04,2019,4,36270.0
MRK US,2019-05,2019,5,36270.0
MRK US,2019-06,2019,6,36270.0
MRK US,2019-07,2019,7,36270.0
MRK US,2019-08,2019,8,36270.0
MRK US,2019-09,2019,9,36270.0
MRK US,2019-10,2019,10,36270.0
MRK US,2019-11,2019,11,36270.0
MRK US,2019-12,2019,12,36270.0
MRK US,2020-01,2020,1,36270.0
MRK US,2020-02,2020,2,36270.0
MRK US,2020-03,2020,3,36270.0
MRK US,2020-04,2020,4,36270.0
MRK US,2020-05,2020,5,36270.0
MRK US,2020-06,2020,6,36270.0
MRK US,2020-07,2020,7,36270.0
MRK US,2020-08,2020,8,36270.0
MRK US,2020-09,2020,9,36270.0
MRK US,2020-10,2020,10,36270.0
MRK US,2020-11,2020,11,36270.0
MRK US,2020-12,2020,12,36270.0
MRK US,2021-01,2021,1,36270.0
MRK US,2021-02,2021,2,36270.0
MRK US,2021-03,2021,3,36270.0
MRK US,2021-04,2021,4,36270.0
MRK US,2021-05,2021,5,36270.0
MRK US,2021-06,2021,6,36270.0
MRK US,2021-07,2021,7,36270.0
MRK US,2021-08,2021,8,36270.0
MRK US,2021-09,2021,9,36270.0
MRK US,2021-10,2021,10,36270.0
MRK US,2021-11,2021,11,36270.0
MRK US,2021-12,2021,12,36270.0
MRK US,2022-01,2022,1,36270.0
MRK US,2022-02,2022,2,36270.0
MRK US,2022-03,2022,3,36270.0
MRK US,2022-04,2022,4,36270.0
MRK US,2022-05,2022,5,36270.0
MRK US,2022-06,2022,6,36270.0
MRK US,2022-07,2022,7,36270.0
MRK US,2022-08,2022,8,36270.0
MRK US,2022-09,2022,9,36270.0
MRK US,2022-10,2022,10,36270.0
MRK US,2022-11,2022,11,36270.0
MRK US,2022-12,2022,12,36270.0
MRK US,2023-01,2023,1,36270.0
MRK US,2023-02,2023,2,36270.0
MRK US,2023-03,2023,3,36270.0
MRK US,2023-04,2023,4,36270.0
MRK US,2023-05,2023,5,36270.0
MRK US,2023-06,2023,6,36270.0
MRK US,2023-07,2023,7,36270.0
MRK US,2023-08,2023,8,36270.0
MRK US,2023-09,2023,9,36270.0
MRK US,2023-10,2023,10,36270.0
MRK US,2023-11,2023,11,36270.0
MRK US,2023-12,2023,12,36270.0
MRK US,2024-01,2024,1,36270.0
MRK US,2024-02,2024,2,36270.0
MRK US,2024-03,2024,3,36270.0
MRK US,2024-04,2024,4,36270.0
MRK US,2024-05,2024,5,36270.0
MRK US,2024-06,2024,6,36270.0
MRK US,2024-07,2024,7,36270.0
MRK US,2024-08,2024,8,36270.0
MRK US,2024-09,2024,9,36270.0
MRK US,2024-10,2024,10,36270.0
NU US,2021-10,2021,10,107120000.0
NU US,2021-11,2021,11,107120000.0
NU US,2021-12,2021,12,107120000.0
NU US,2022-01,2022,1,107120000.0
NU US,2022-02,2022,2,107120000.0
NU US,2022-03,2022,3,107120000.0
NU US,2022-04,2022,4,107120000.0
NU US,2022-05,2022,5,107120000.0
NU US,2022-06,2022,6,107120000.0
NU US,2022-07,2022,7,107120000.0
NU US,2022-08,2022,8,107120000.0
NU US,2022-09,2022,9,107120000.0
NU US,2022-10,2022,10,107120000.0
NU US,2022-11,2022,11,107120000.0
NU US,2022-12,2022,12,107120000.0
NU US,2023-01,2023,1,107120000.0
NU US,2023-02,2023,2,107120000.0
NU US,2023-03,2023,3,107120000.0
NU US,2023-04,2023,4,107120000.0
NU US,2023-05,2023,5,107120000.0
NU US,2023-06,2023,6,107120000.0
NU US,2023-07,2023,7,107120000.0
NU US,2023-08,2023,8,107120000.0
NU US,2023-09,2023,9,107120000.0
NU US,2023-10,2023,10,107120000.0
NU US,2023-11,2023,11,107120000.0
NU US,2023-12,2023,12,107120000.0
NU US,2024-01,2024,1,107120000.0
NU US,2024-02,2024,2,107120000.0
NU US,2024-03,2024,3,107120000.0
NU US,2024-04,2024,4,107120000.0
NU US,2024-05,2024,5,107120000.0
NU US,2024-06,2024,6,107120000.0
NU US,2024-07,2024,7,107120000.0
NU US,2024-08,2024,8,107120000.0
NU US,2024-09,2024,9,107120000.0
NU US,2024-10,2024,10,107120000.0
NVR US,2001-10,2001,10,11000.0
NVR US,2001-11,2001,11,11000.0
NVR US,2001-12,2001,12,11000.0
NVR US,2002-01,2002,1,11000.0
NVR US,2002-02,2002,2,11000.0
NVR US,2002-03,2002,3,11000.0
NVR US,2002-04,2002,4,11000.0
NVR US,2002-05,2002,5,11000.0
NVR US,2002-06,2002,6,11000.0
NVR US,2002-07,2002,7,11000.0
NVR US,2002-08,2002,8,11000.0
NVR US,2002-09,2002,9,11000.0
NVR US,2002-10,2002,10,11000.0
NVR US,2002-11,2002,11,11000.0
NVR US,2002-12,2002,12,11000.0
NVR US,2003-01,2003,1,11000.0
NVR US,2003-02,2003,2,11000.0
NVR US,2003-03,2003,3,11000.0
NVR US,2003-04,2003,4,11000.0
NVR US,2003-05,2003,5,11000.0
NVR US,2003-06,2003,6,11000.0
NVR US,2003-07,2003,7,11000.0
NVR US,2003-08,2003,8,11000.0
NVR US,2003-09,2003,9,11000.0
NVR US,2003-10,2003,10,11000.0
NVR US,2003-11,2003,11,11000.0
NVR US,2003-12,2003,12,11000.0
NVR US,2004-01,2004,1,11000.0
NVR US,2004-02,2004,2,11000.0
NVR US,2004-03,2004,3,11000.0
NVR US,2004-04,2004,4,11000.0
NVR US,2004-05,2004,5,11000.0
NVR US,2004-06,2004,6,11000.0
NVR US,2004-07,2004,7,11000.0
NVR US,2004-08,2004,8,11000.0
NVR US,2004-09,2004,9,11000.0
NVR US,2004-10,2004,10,11000.0
NVR US,2004-11,2004,11,11000.0
NVR US,2004-12,2004,12,11000.0
NVR US,2005-01,2005,1,11000.0
NVR US,2005-02,2005,2,11000.0
NVR US,2005-03,2005,3,11000.0
NVR US,2005-04,2005,4,11000.0
NVR US,2005-05,2005,5,11000.0
NVR US,2005-06,2005,6,11000.0
NVR US,2005-07,2005,7,11000.0
NVR US,2005-08,2005,8,11000.0
NVR US,2005-09,2005,9,11000.0
NVR US,2005-10,2005,10,11000.0
NVR US,2005-11,2005,11,11000.0
NVR US,2005-12,2005,12,11000.0
NVR US,2006-01,2006,1,11000.0
NVR US,2006-02,2006,2,11000.0
NVR US,2006-03,2006,3,11000.0
NVR US,2006-04,2006,4,11000.0
NVR US,2006-05,2006,5,11000.0
NVR US,2006-06,2006,6,11000.0
NVR US,2006-07,2006,7,11000.0
NVR US,2006-08,2006,8,11000.0
NVR US,2006-09,2006,9,11000.0
NVR US,2006-10,2006,10,11000.0
NVR US,2006-11,2006,11,11000.0
NVR US,2006-12,2006,12,11000.0
NVR US,2007-01,2007,1,11000.0
NVR US,2007-02,2007,2,11000.0
NVR US,2007-03,2007,3,11000.0
NVR US,2007-04,2007,4,11000.0
NVR US,2007-05,2007,5,11000.0
NVR US,2007-06,2007,6,11000.0
NVR US,2007-07,2007,7,11000.0
NVR US,2007-08,2007,8,11000.0
NVR US,2007-09,2007,9,11000.0
NVR US,2007-10,2007,10,11000.0
NVR US,2007-11,2007,11,11000.0
NVR US,2007-12,2007,12,11000.0
NVR US,2008-01,2008,1,11000.0
NVR US,2008-02,2008,2,11000.0
NVR US,2008-03,2008,3,11000.0
NVR US,2008-04,2008,4,11000.0
NVR US,2008-05,2008,5,11000.0
NVR US,2008-06,2008,6,11000.0
NVR US,2008-07,2008,7,11000.0
NVR US,2008-08,2008,8,11000.0
NVR US,2008-09,2008,9,11000.0
NVR US,2008-10,2008,10,11000.0
NVR US,2008-11,2008,11,11000.0
NVR US,2008-12,2008,12,11000.0
NVR US,2009-01,2009,1,11000.0
NVR US,2009-02,2009,2,11000.0
NVR US,2009-03,2009,3,11000.0
NVR US,2009-04,2009,4,11000.0
NVR US,2009-05,2009,5,11000.0
NVR US,2009-06,2009,6,11000.0
NVR US,2009-07,2009,7,11000.0
NVR US,2009-08,2009,8,11000.0
NVR US,2009-09,2009,9,11000.0
NVR US,2009-10,2009,10,11000.0
NVR US,2009-11,2009,11,11000.0
NVR US,2009-12,2009,12,11000.0
NVR US,2010-01,2010,1,11000.0
NVR US,2010-02,2010,2,11000.0
NVR US,2010-03,2010,3,11000.0
NVR US,2010-04,2010,4,11000.0
NVR US,2010-05,2010,5,11000.0
NVR US,2010-06,2010,6,11000.0
NVR US,2010-07,2010,7,11000.0
NVR US,2010-08,2010,8,11000.0
NVR US,2010-09,2010,9,11000.0
NVR US,2010-10,2010,10,11000.0
NVR US,2010-11,2010,11,11000.0
NVR US,2010-12,2010,12,11000.0
NVR US,2011-01,2011,1,11000.0
NVR US,2011-02,2011,2,11000.0
NVR US,2011-03,2011,3,11000.0
NVR US,2011-04,2011,4,11000.0
NVR US,2011-05,2011,5,11000.0
NVR US,2011-06,2011,6,11000.0
NVR US,2011-07,2011,7,11000.0
NVR US,2011-08,2011,8,11000.0
NVR US,2011-09,2011,9,11000.0
NVR US,2011-10,2011,10,11000.0
NVR US,2011-11,2011,11,11000.0
NVR US,2011-12,2011,12,11000.0
NVR US,2012-01,2012,1,11000.0
NVR US,2012-02,2012,2,11000.0
NVR US,2012-03,2012,3,11000.0
NVR US,2012-04,2012,4,11000.0
NVR US,2012-05,2012,5,11000.0
NVR US,2012-06,2012,6,11000.0
NVR US,2012-07,2012,7,11000.0
NVR US,2012-08,2012,8,11000.0
NVR US,2012-09,2012,9,11000.0
NVR US,2012-10,2012,10,11000.0
NVR US,2012-11,2012,11,11000.0
NVR US,2012-12,2012,12,11000.0
NVR US,2013-01,2013,1,11000.0
NVR US,2013-02,2013,2,11000.0
NVR US,2013-03,2013,3,11000.0
NVR US,2013-04,2013,4,11000.0
NVR US,2013-05,2013,5,11000.0
NVR US,2013-06,2013,6,11000.0
NVR US,2013-07,2013,7,11000.0
NVR US,2013-08,2013,8,11000.0
NVR US,2013-09,2013,9,11000.0
NVR US,2013-10,2013,10,11000.0
NVR US,2013-11,2013,11,11000.0
NVR US,2013-12,2013,12,11000.0
NVR US,2014-01,2014,1,11000.0
NVR US,2014-02,2014,2,11000.0
NVR US,2014-03,2014,3,11000.0
NVR US,2014-04,2014,4,11000.0
NVR US,2014-05,2014,5,11000.0
NVR US,2014-06,2014,6,11000.0
NVR US,2014-07,2014,7,11000.0
NVR US,2014-08,2014,8,11000.0
NVR US,2014-09,2014,9,11000.0
NVR US,2014-10,2014,10,11000.0
NVR US,2014-11,2014,11,11000.0
NVR US,2014-12,2014,12,11000.0
NVR US,2015-01,2015,1,11000.0
NVR US,2015-01,2015,1,11000.0
NVR US,2015-02,2015,2,11000.0
NVR US,2015-03,2015,3,11000.0
NVR US,2015-04,2015,4,11000.0
NVR US,2015-04,2015,4,11000.0
NVR US,2015-05,2015,5,11000.0
NVR US,2015-06,2015,6,11000.0
NVR US,2015-07,2015,7,11000.0
NVR US,2015-07,2015,7,11000.0
NVR US,2015-08,2015,8,11000.0
NVR US,2015-09,2015,9,11000.0
NVR US,2015-10,2015,10,11000.0
NVR US,2015-10,2015,10,11000.0
NVR US,2015-11,2015,11,11000.0
NVR US,2015-12,2015,12,11000.0
NVR US,2016-01,2016,1,11000.0
NVR US,2016-02,2016,2,11000.0
NVR US,2016-03,2016,3,11000.0
NVR US,2016-04,2016,4,11000.0
NVR US,2016-05,2016,5,11000.0
NVR US,2016-06,2016,6,11000.0
NVR US,2016-07,2016,7,11000.0
NVR US,2016-08,2016,8,11000.0
NVR US,2016-09,2016,9,11000.0
NVR US,2016-10,2016,10,11000.0
NVR US,2016-11,2016,11,11000.0
NVR US,2016-12,2016,12,11000.0
NVR US,2017-01,2017,1,11000.0
NVR US,2017-02,2017,2,11000.0
NVR US,2017-03,2017,3,11000.0
NVR US,2017-04,2017,4,11000.0
NVR US,2017-05,2017,5,11000.0
NVR US,2017-06,2017,6,11000.0
NVR US,2017-07,2017,7,11000.0
NVR US,2017-08,2017,8,11000.0
NVR US,2017-09,2017,9,11000.0
NVR US,2017-10,2017,10,11000.0
NVR US,2017-11,2017,11,11000.0
NVR US,2017-12,2017,12,11000.0
NVR US,2018-01,2018,1,11000.0
NVR US,2018-02,2018,2,11000.0
NVR US,2018-03,2018,3,11000.0
NVR US,2018-04,2018,4,11000.0
NVR US,2018-05,2018,5,11000.0
NVR US,2018-06,2018,6,11000.0
NVR US,2018-07,2018,7,11000.0
NVR US,2018-08,2018,8,11000.0
NVR US,2018-09,2018,9,11000.0
NVR US,2018-10,2018,10,11000.0
NVR US,2018-11,2018,11,11000.0
NVR US,2018-12,2018,12,11000.0
NVR US,2019-01,2019,1,11000.0
NVR US,2019-02,2019,2,11000.0
NVR US,2019-03,2019,3,11000.0
NVR US,2019-04,2019,4,11000.0
NVR US,2019-05,2019,5,11000.0
NVR US,2019-06,2019,6,11000.0
NVR US,2019-07,2019,7,11000.0
NVR US,2019-08,2019,8,11000.0
NVR US,2019-09,2019,9,11000.0
NVR US,2019-10,2019,10,11000.0
NVR US,2019-11,2019,11,11000.0
NVR US,2019-12,2019,12,11000.0
NVR US,2020-01,2020,1,11000.0
NVR US,2020-01,2020,1,11000.0
NVR US,2020-02,2020,2,11000.0
NVR US,2020-03,2020,3,11000.0
NVR US,2020-04,2020,4,11000.0
NVR US,2020-04,2020,4,11000.0
NVR US,2020-05,2020,5,11000.0
NVR US,2020-06,2020,6,11000.0
NVR US,2020-07,2020,7,11000.0
NVR US,2020-07,2020,7,11000.0
NVR US,2020-08,2020,8,11000.0
NVR US,2020-09,2020,9,11000.0
NVR US,2020-10,2020,10,11000.0
NVR US,2020-10,2020,10,11000.0
NVR US,2020-11,2020,11,11000.0
NVR US,2020-12,2020,12,11000.0
NVR US,2021-01,2021,1,11000.0
NVR US,2021-02,2021,2,11000.0
NVR US,2021-03,2021,3,11000.0
NVR US,2021-04,2021,4,11000.0
NVR US,2021-05,2021,5,11000.0
NVR US,2021-06,2021,6,11000.0
NVR US,2021-07,2021,7,11000.0
NVR US,2021-08,2021,8,11000.0
NVR US,2021-09,2021,9,11000.0
NVR US,2021-10,2021,10,11000.0
NVR US,2021-11,2021,11,11000.0
NVR US,2021-12,2021,12,11000.0
NVR US,2022-01,2022,1,11000.0
NVR US,2022-02,2022,2,11000.0
NVR US,2022-03,2022,3,11000.0
NVR US,2022-04,2022,4,11000.0
NVR US,2022-05,2022,5,11000.0
NVR US,2022-06,2022,6,11000.0
NVR US,2022-07,2022,7,11000.0
NVR US,2022-08,2022,8,11000.0
NVR US,2022-09,2022,9,11000.0
NVR US,2022-10,2022,10,11000.0
NVR US,2022-11,2022,11,11000.0
NVR US,2022-12,2022,12,11000.0
NVR US,2023-01,2023,1,11000.0
NVR US,2023-02,2023,2,11000.0
NVR US,2023-03,2023,3,11000.0
NVR US,2023-04,2023,4,11000.0
NVR US,2023-05,2023,5,11000.0
NVR US,2023-06,2023,6,11000.0
NVR US,2023-07,2023,7,11000.0
NVR US,2023-08,2023,8,11000.0
NVR US,2023-09,2023,9,11000.0
NVR US,2023-10,2023,10,11000.0
NVR US,2023-11,2023,11,11000.0
NVR US,2023-12,2023,12,11000.0
NVR US,2024-01,2024,1,11000.0
NVR US,2024-02,2024,2,11000.0
NVR US,2024-03,2024,3,11000.0
NVR US,2024-04,2024,4,11000.0
NVR US,2024-05,2024,5,11000.0
NVR US,2024-06,2024,6,11000.0
NVR US,2024-07,2024,7,11000.0
NVR US,2024-08,2024,8,11000.0
NVR US,2024-09,2024,9,11000.0
NVR US,2024-10,2024,10,11000.0
NXPI US,2022-04,2022,4,36000.0
NXPI US,2022-05,2022,5,36000.0
NXPI US,2022-06,2022,6,36000.0
NXPI US,2022-07,2022,7,36000.0
NXPI US,2022-08,2022,8,36000.0
NXPI US,2022-09,2022,9,36000.0
NXPI US,2022-10,2022,10,42000.0
NXPI US,2022-11,2022,11,42000.0
NXPI US,2022-12,2022,12,42000.0
NXPI US,2023-01,2023,1,36000.0
NXPI US,2023-02,2023,2,36000.0
NXPI US,2023-03,2023,3,36000.0
NXPI US,2023-04,2023,4,36000.0
NXPI US,2023-05,2023,5,36000.0
NXPI US,2023-06,2023,6,36000.0
NXPI US,2023-07,2023,7,36000.0
NXPI US,2023-08,2023,8,36000.0
NXPI US,2023-09,2023,9,36000.0
NXPI US,2023-10,2023,10,36000.0
OXY US,1998-04,1998,4,255280000.0
OXY US,1998-05,1998,5,255280000.0
OXY US,1998-06,1998,6,255280000.0
OXY US,1998-07,1998,7,255280000.0
OXY US,1998-08,1998,8,255280000.0
OXY US,1998-09,1998,9,255280000.0
OXY US,1998-10,1998,10,255280000.0
OXY US,1998-11,1998,11,255280000.0
OXY US,1998-12,1998,12,255280000.0
OXY US,1999-01,1999,1,255280000.0
OXY US,1999-02,1999,2,255280000.0
OXY US,1999-03,1999,3,255280000.0
OXY US,1999-04,1999,4,255280000.0
OXY US,1999-05,1999,5,255280000.0
OXY US,1999-06,1999,6,255280000.0
OXY US,1999-07,1999,7,255280000.0
OXY US,1999-08,1999,8,255280000.0
OXY US,1999-09,1999,9,255280000.0
OXY US,1999-10,1999,10,255280000.0
OXY US,1999-11,1999,11,255280000.0
OXY US,1999-12,1999,12,255280000.0
OXY US,2000-01,2000,1,255280000.0
OXY US,2000-02,2000,2,255280000.0
OXY US,2000-03,2000,3,255280000.0
OXY US,2000-04,2000,4,255280000.0
OXY US,2000-05,2000,5,255280000.0
OXY US,2000-06,2000,6,255280000.0
OXY US,2000-07,2000,7,255280000.0
OXY US,2000-08,2000,8,255280000.0
OXY US,2000-09,2000,9,255280000.0
OXY US,2000-10,2000,10,255280000.0
OXY US,2000-11,2000,11,255280000.0
OXY US,2000-12,2000,12,255280000.0
OXY US,2001-01,2001,1,255280000.0
OXY US,2001-02,2001,2,255280000.0
OXY US,2001-03,2001,3,255280000.0
OXY US,2001-04,2001,4,255280000.0
OXY US,2001-05,2001,5,255280000.0
OXY US,2001-06,2001,6,255280000.0
OXY US,2001-07,2001,7,255280000.0
OXY US,2001-08,2001,8,255280000.0
OXY US,2001-09,2001,9,255280000.0
OXY US,2001-10,2001,10,255280000.0
OXY US,2001-11,2001,11,255280000.0
OXY US,2001-12,2001,12,255280000.0
OXY US,2002-01,2002,1,255280000.0
OXY US,2002-02,2002,2,255280000.0
OXY US,2002-03,2002,3,255280000.0
OXY US,2002-04,2002,4,255280000.0
OXY US,2002-05,2002,5,255280000.0
OXY US,2002-06,2002,6,255280000.0
OXY US,2002-07,2002,7,255280000.0
OXY US,2002-08,2002,8,255280000.0
OXY US,2002-09,2002,9,255280000.0
OXY US,2002-10,2002,10,255280000.0
OXY US,2002-11,2002,11,255280000.0
OXY US,2002-12,2002,12,255280000.0
OXY US,2003-01,2003,1,255280000.0
OXY US,2003-02,2003,2,255280000.0
OXY US,2003-03,2003,3,255280000.0
OXY US,2003-04,2003,4,255280000.0
OXY US,2003-05,2003,5,255280000.0
OXY US,2003-06,2003,6,255280000.0
OXY US,2003-07,2003,7,255280000.0
OXY US,2003-08,2003,8,255280000.0
OXY US,2003-09,2003,9,255280000.0
OXY US,2003-10,2003,10,255280000.0
OXY US,2003-11,2003,11,255280000.0
OXY US,2003-12,2003,12,255280000.0
OXY US,2004-01,2004,1,255280000.0
OXY US,2004-02,2004,2,255280000.0
OXY US,2004-03,2004,3,255280000.0
OXY US,2004-04,2004,4,255280000.0
OXY US,2004-05,2004,5,255280000.0
OXY US,2004-06,2004,6,255280000.0
OXY US,2004-07,2004,7,255280000.0
OXY US,2004-08,2004,8,255280000.0
OXY US,2004-09,2004,9,255280000.0
OXY US,2004-10,2004,10,255280000.0
OXY US,2004-11,2004,11,255280000.0
OXY US,2004-12,2004,12,255280000.0
OXY US,2005-01,2005,1,255280000.0
OXY US,2005-02,2005,2,255280000.0
OXY US,2005-03,2005,3,255280000.0
OXY US,2005-04,2005,4,255280000.0
OXY US,2005-05,2005,5,255280000.0
OXY US,2005-06,2005,6,255280000.0
OXY US,2005-07,2005,7,255280000.0
OXY US,2005-08,2005,8,255280000.0
OXY US,2005-09,2005,9,255280000.0
OXY US,2005-10,2005,10,255280000.0
OXY US,2005-11,2005,11,255280000.0
OXY US,2005-12,2005,12,255280000.0
OXY US,2006-01,2006,1,255280000.0
OXY US,2006-02,2006,2,255280000.0
OXY US,2006-03,2006,3,255280000.0
OXY US,2006-04,2006,4,255280000.0
OXY US,2006-05,2006,5,255280000.0
OXY US,2006-06,2006,6,255280000.0
OXY US,2006-07,2006,7,255280000.0
OXY US,2006-08,2006,8,255280000.0
OXY US,2006-09,2006,9,255280000.0
OXY US,2006-10,2006,10,255280000.0
OXY US,2006-11,2006,11,255280000.0
OXY US,2006-12,2006,12,255280000.0
OXY US,2007-01,2007,1,255280000.0
OXY US,2007-02,2007,2,255280000.0
OXY US,2007-03,2007,3,255280000.0
OXY US,2007-04,2007,4,255280000.0
OXY US,2007-05,2007,5,255280000.0
OXY US,2007-06,2007,6,255280000.0
OXY US,2007-07,2007,7,255280000.0
OXY US,2007-08,2007,8,255280000.0
OXY US,2007-09,2007,9,255280000.0
OXY US,2007-10,2007,10,255280000.0
OXY US,2007-11,2007,11,255280000.0
OXY US,2007-12,2007,12,255280000.0
OXY US,2008-01,2008,1,255280000.0
OXY US,2008-02,2008,2,255280000.0
OXY US,2008-03,2008,3,255280000.0
OXY US,2008-04,2008,4,255280000.0
OXY US,2008-05,2008,5,255280000.0
OXY US,2008-06,2008,6,255280000.0
OXY US,2008-07,2008,7,255280000.0
OXY US,2008-08,2008,8,255280000.0
OXY US,2008-09,2008,9,255280000.0
OXY US,2008-10,2008,10,255280000.0
OXY US,2008-11,2008,11,255280000.0
OXY US,2008-12,2008,12,255280000.0
OXY US,2009-01,2009,1,255280000.0
OXY US,2009-02,2009,2,255280000.0
OXY US,2009-03,2009,3,255280000.0
OXY US,2009-04,2009,4,255280000.0
OXY US,2009-05,2009,5,255280000.0
OXY US,2009-06,2009,6,255280000.0
OXY US,2009-07,2009,7,255280000.0
OXY US,2009-08,2009,8,255280000.0
OXY US,2009-09,2009,9,255280000.0
OXY US,2009-10,2009,10,255280000.0
OXY US,2009-11,2009,11,255280000.0
OXY US,2009-12,2009,12,255280000.0
OXY US,2010-01,2010,1,255280000.0
OXY US,2010-02,2010,2,255280000.0
OXY US,2010-03,2010,3,255280000.0
OXY US,2010-04,2010,4,255280000.0
OXY US,2010-05,2010,5,255280000.0
OXY US,2010-06,2010,6,255280000.0
OXY US,2010-07,2010,7,255280000.0
OXY US,2010-08,2010,8,255280000.0
OXY US,2010-09,2010,9,255280000.0
OXY US,2010-10,2010,10,255280000.0
OXY US,2010-11,2010,11,255280000.0
OXY US,2010-12,2010,12,255280000.0
OXY US,2011-01,2011,1,255280000.0
OXY US,2011-02,2011,2,255280000.0
OXY US,2011-03,2011,3,255280000.0
OXY US,2011-04,2011,4,255280000.0
OXY US,2011-05,2011,5,255280000.0
OXY US,2011-06,2011,6,255280000.0
OXY US,2011-07,2011,7,255280000.0
OXY US,2011-08,2011,8,255280000.0
OXY US,2011-09,2011,9,255280000.0
OXY US,2011-10,2011,10,255280000.0
OXY US,2011-11,2011,11,255280000.0
OXY US,2011-12,2011,12,255280000.0
OXY US,2012-01,2012,1,255280000.0
OXY US,2012-02,2012,2,255280000.0
OXY US,2012-03,2012,3,255280000.0
OXY US,2012-04,2012,4,255280000.0
OXY US,2012-05,2012,5,255280000.0
OXY US,2012-06,2012,6,255280000.0
OXY US,2012-07,2012,7,255280000.0
OXY US,2012-08,2012,8,255280000.0
OXY US,2012-09,2012,9,255280000.0
OXY US,2012-10,2012,10,255280000.0
OXY US,2012-11,2012,11,255280000.0
OXY US,2012-12,2012,12,255280000.0
OXY US,2013-01,2013,1,255280000.0
OXY US,2013-02,2013,2,255280000.0
OXY US,2013-03,2013,3,255280000.0
OXY US,2013-04,2013,4,255280000.0
OXY US,2013-05,2013,5,255280000.0
OXY US,2013-06,2013,6,255280000.0
OXY US,2013-07,2013,7,255280000.0
OXY US,2013-08,2013,8,255280000.0
OXY US,2013-09,2013,9,255280000.0
OXY US,2013-10,2013,10,255280000.0
OXY US,2013-11,2013,11,255280000.0
OXY US,2013-12,2013,12,255280000.0
OXY US,2014-01,2014,1,255280000.0
OXY US,2014-02,2014,2,255280000.0
OXY US,2014-03,2014,3,255280000.0
OXY US,2014-04,2014,4,255280000.0
OXY US,2014-05,2014,5,255280000.0
OXY US,2014-06,2014,6,255280000.0
OXY US,2014-07,2014,7,255280000.0
OXY US,2014-08,2014,8,255280000.0
OXY US,2014-09,2014,9,255280000.0
OXY US,2014-10,2014,10,255280000.0
OXY US,2014-11,2014,11,255280000.0
OXY US,2014-12,2014,12,255280000.0
OXY US,2015-01,2015,1,255280000.0
OXY US,2015-02,2015,2,255280000.0
OXY US,2015-03,2015,3,255280000.0
OXY US,2015-04,2015,4,255280000.0
OXY US,2015-05,2015,5,255280000.0
OXY US,2015-06,2015,6,255280000.0
OXY US,2015-07,2015,7,255280000.0
OXY US,2015-08,2015,8,255280000.0
OXY US,2015-09,2015,9,255280000.0
OXY US,2015-10,2015,10,255280000.0
OXY US,2015-11,2015,11,255280000.0
OXY US,2015-12,2015,12,255280000.0
OXY US,2016-01,2016,1,255280000.0
OXY US,2016-02,2016,2,255280000.0
OXY US,2016-03,2016,3,255280000.0
OXY US,2016-04,2016,4,255280000.0
OXY US,2016-05,2016,5,255280000.0
OXY US,2016-06,2016,6,255280000.0
OXY US,2016-07,2016,7,255280000.0
OXY US,2016-08,2016,8,255280000.0
OXY US,2016-09,2016,9,255280000.0
OXY US,2016-10,2016,10,255280000.0
OXY US,2016-11,2016,11,255280000.0
OXY US,2016-12,2016,12,255280000.0
OXY US,2017-01,2017,1,255280000.0
OXY US,2017-02,2017,2,255280000.0
OXY US,2017-03,2017,3,255280000.0
OXY US,2017-04,2017,4,255280000.0
OXY US,2017-05,2017,5,255280000.0
OXY US,2017-06,2017,6,255280000.0
OXY US,2017-07,2017,7,255280000.0
OXY US,2017-08,2017,8,255280000.0
OXY US,2017-09,2017,9,255280000.0
OXY US,2017-10,2017,10,255280000.0
OXY US,2017-11,2017,11,255280000.0
OXY US,2017-12,2017,12,255280000.0
OXY US,2018-01,2018,1,255280000.0
OXY US,2018-02,2018,2,255280000.0
OXY US,2018-03,2018,3,255280000.0
OXY US,2018-04,2018,4,255280000.0
OXY US,2018-05,2018,5,255280000.0
OXY US,2018-06,2018,6,255280000.0
OXY US,2018-07,2018,7,255280000.0
OXY US,2018-08,2018,8,255280000.0
OXY US,2018-09,2018,9,255280000.0
OXY US,2018-10,2018,10,255280000.0
OXY US,2018-11,2018,11,255280000.0
OXY US,2018-12,2018,12,255280000.0
OXY US,2019-01,2019,1,255280000.0
OXY US,2019-02,2019,2,255280000.0
OXY US,2019-03,2019,3,255280000.0
OXY US,2019-04,2019,4,255280000.0
OXY US,2019-05,2019,5,255280000.0
OXY US,2019-06,2019,6,255280000.0
OXY US,2019-07,2019,7,255280000.0
OXY US,2019-08,2019,8,255280000.0
OXY US,2019-09,2019,9,255280000.0
OXY US,2019-10,2019,10,255280000.0
OXY US,2019-11,2019,11,255280000.0
OXY US,2019-12,2019,12,255280000.0
OXY US,2020-01,2020,1,255280000.0
OXY US,2020-02,2020,2,255280000.0
OXY US,2020-03,2020,3,255280000.0
OXY US,2020-04,2020,4,255280000.0
OXY US,2020-05,2020,5,255280000.0
OXY US,2020-06,2020,6,255280000.0
OXY US,2020-07,2020,7,255280000.0
OXY US,2020-08,2020,8,255280000.0
OXY US,2020-09,2020,9,255280000.0
OXY US,2020-10,2020,10,255280000.0
OXY US,2020-11,2020,11,255280000.0
OXY US,2020-12,2020,12,255280000.0
OXY US,2021-01,2021,1,255280000.0
OXY US,2021-02,2021,2,255280000.0
OXY US,2021-03,2021,3,255280000.0
OXY US,2021-04,2021,4,255280000.0
OXY US,2021-05,2021,5,255280000.0
OXY US,2021-06,2021,6,255280000.0
OXY US,2021-07,2021,7,255280000.0
OXY US,2021-08,2021,8,255280000.0
OXY US,2021-09,2021,9,255280000.0
OXY US,2021-10,2021,10,255280000.0
OXY US,2021-11,2021,11,255280000.0
OXY US,2021-12,2021,12,255280000.0
OXY US,2022-01,2022,1,255280000.0
OXY US,2022-02,2022,2,255280000.0
OXY US,2022-03,2022,3,255280000.0
OXY US,2022-04,2022,4,255280000.0
OXY US,2022-05,2022,5,255280000.0
OXY US,2022-06,2022,6,255280000.0
OXY US,2022-07,2022,7,255280000.0
OXY US,2022-08,2022,8,255280000.0
OXY US,2022-09,2022,9,255280000.0
OXY US,2022-10,2022,10,255280000.0
OXY US,2022-11,2022,11,255280000.0
OXY US,2022-12,2022,12,255280000.0
OXY US,2023-01,2023,1,255280000.0
OXY US,2023-02,2023,2,255280000.0
OXY US,2023-03,2023,3,255280000.0
OXY US,2023-04,2023,4,255280000.0
OXY US,2023-05,2023,5,255280000.0
OXY US,2023-06,2023,6,255280000.0
OXY US,2023-07,2023,7,255280000.0
OXY US,2023-08,2023,8,255280000.0
OXY US,2023-09,2023,9,255280000.0
OXY US,2023-10,2023,10,255280000.0
OXY US,2023-11,2023,11,255280000.0
OXY US,2023-12,2023,12,255280000.0
OXY US,2024-01,2024,1,255280000.0
OXY US,2024-02,2024,2,255280000.0
OXY US,2024-03,2024,3,255280000.0
OXY US,2024-04,2024,4,255280000.0
OXY US,2024-05,2024,5,255280000.0
OXY US,2024-06,2024,6,255280000.0
OXY US,2024-07,2024,7,255280000.0
OXY US,2024-08,2024,8,255280000.0
OXY US,2024-09,2024,9,255280000.0
OXY US,2024-10,2024,10,255280000.0
PEG US,1999-01,1999,1,0.0
PEG US,1999-02,1999,2,0.0
PEG US,1999-03,1999,3,0.0
PEG US,1999-04,1999,4,0.0
PEG US,1999-05,1999,5,0.0
PEG US,1999-06,1999,6,0.0
PEG US,1999-07,1999,7,0.0
PEG US,1999-08,1999,8,0.0
PEG US,1999-09,1999,9,0.0
PEG US,1999-10,1999,10,168120.0
PEG US,1999-11,1999,11,168120.0
PEG US,1999-12,1999,12,168120.0
PEG US,2000-01,2000,1,0.0
PEG US,2000-02,2000,2,0.0
PEG US,2000-03,2000,3,0.0
PEG US,2000-04,2000,4,0.0
PEG US,2000-05,2000,5,0.0
PEG US,2000-06,2000,6,0.0
PEG US,2000-07,2000,7,0.0
PEG US,2000-08,2000,8,0.0
PEG US,2000-09,2000,9,0.0
PEG US,2000-10,2000,10,0.0
PEG US,2000-11,2000,11,0.0
PEG US,2000-12,2000,12,0.0
PEG US,2001-01,2001,1,25360.0
PEG US,2001-02,2001,2,25360.0
PEG US,2001-03,2001,3,25360.0
PEG US,2001-04,2001,4,23910.0
PEG US,2001-05,2001,5,23910.0
PEG US,2001-06,2001,6,23910.0
PEG US,2001-07,2001,7,0.0
PEG US,2001-08,2001,8,0.0
PEG US,2001-09,2001,9,0.0
PEG US,2001-10,2001,10,34780.0
PEG US,2001-11,2001,11,34780.0
PEG US,2001-12,2001,12,34780.0
PEG US,2002-01,2002,1,36230.0
PEG US,2002-02,2002,2,36230.0
PEG US,2002-03,2002,3,36230.0
PEG US,2002-04,2002,4,62320.0
PEG US,2002-05,2002,5,62320.0
PEG US,2002-06,2002,6,62320.0
PEG US,2002-07,2002,7,34060.0
PEG US,2002-08,2002,8,34060.0
PEG US,2002-09,2002,9,34060.0
PEG US,2002-10,2002,10,50000.0
PEG US,2002-11,2002,11,50000.0
PEG US,2002-12,2002,12,50000.0
PEG US,2003-01,2003,1,102900.0
PEG US,2003-02,2003,2,102900.0
PEG US,2003-03,2003,3,102900.0
PEG US,2003-04,2003,4,125360.0
PEG US,2003-05,2003,5,125360.0
PEG US,2003-06,2003,6,125360.0
PEG US,2003-07,2003,7,121010.0
PEG US,2003-08,2003,8,121010.0
PEG US,2003-09,2003,9,121010.0
PEG US,2003-10,2003,10,123190.0
PEG US,2003-11,2003,11,123190.0
PEG US,2003-12,2003,12,123190.0
PEG US,2004-01,2004,1,123190.0
PEG US,2004-02,2004,2,123190.0
PEG US,2004-03,2004,3,123190.0
PEG US,2004-04,2004,4,50000.0
PEG US,2004-05,2004,5,50000.0
PEG US,2004-06,2004,6,50000.0
PEG US,2004-07,2004,7,89860.0
PEG US,2004-08,2004,8,89860.0
PEG US,2004-09,2004,9,89860.0
PEG US,2004-10,2004,10,15940.0
PEG US,2004-11,2004,11,15940.0
PEG US,2004-12,2004,12,15940.0
PEG US,2005-01,2005,1,15220.0
PEG US,2005-02,2005,2,15220.0
PEG US,2005-03,2005,3,15220.0
PEG US,2005-04,2005,4,15220.0
PEG US,2005-05,2005,5,15220.0
PEG US,2005-06,2005,6,15220.0
PEG US,2005-07,2005,7,15220.0
PEG US,2005-08,2005,8,15220.0
PEG US,2005-09,2005,9,15220.0
PEG US,2005-10,2005,10,15220.0
PEG US,2005-11,2005,11,15220.0
PEG US,2005-12,2005,12,15220.0
PEG US,2006-01,2006,1,14490.0
PEG US,2006-02,2006,2,14490.0
PEG US,2006-03,2006,3,14490.0
PEG US,2006-04,2006,4,14490.0
PEG US,2006-05,2006,5,14490.0
PEG US,2006-06,2006,6,14490.0
PEG US,2006-07,2006,7,14490.0
PEG US,2006-08,2006,8,14490.0
PEG US,2006-09,2006,9,14490.0
PEG US,2006-10,2006,10,14490.0
PEG US,2006-11,2006,11,14490.0
PEG US,2006-12,2006,12,14490.0
PEG US,2007-01,2007,1,50000.0
PEG US,2007-02,2007,2,50000.0
PEG US,2007-03,2007,3,50000.0
PEG US,2007-04,2007,4,62320.0
PEG US,2007-05,2007,5,62320.0
PEG US,2007-06,2007,6,62320.0
PEG US,2007-07,2007,7,50000.0
PEG US,2007-08,2007,8,50000.0
PEG US,2007-09,2007,9,50000.0
PEG US,2007-10,2007,10,14490.0
PEG US,2007-11,2007,11,14490.0
PEG US,2007-12,2007,12,14490.0
PEG US,2008-01,2008,1,14490.0
PEG US,2008-02,2008,2,14490.0
PEG US,2008-03,2008,3,14490.0
PEG US,2008-04,2008,4,11590.0
PEG US,2008-05,2008,5,11590.0
PEG US,2008-06,2008,6,11590.0
PEG US,2008-07,2008,7,10870.0
PEG US,2008-08,2008,8,10870.0
PEG US,2008-09,2008,9,10870.0
PEG US,2008-10,2008,10,28260.0
PEG US,2008-11,2008,11,28260.0
PEG US,2008-12,2008,12,28260.0
PEG US,2009-01,2009,1,27540.0
PEG US,2009-02,2009,2,27540.0
PEG US,2009-03,2009,3,27540.0
PEG US,2009-04,2009,4,31160.0
PEG US,2009-05,2009,5,31160.0
PEG US,2009-06,2009,6,31160.0
PEG US,2009-07,2009,7,39130.0
PEG US,2009-08,2009,8,39130.0
PEG US,2009-09,2009,9,39130.0
PEG US,2009-10,2009,10,69570.0
PEG US,2009-11,2009,11,69570.0
PEG US,2009-12,2009,12,69570.0
PEG US,2010-01,2010,1,9420.0
PEG US,2010-02,2010,2,9420.0
PEG US,2010-03,2010,3,9420.0
PEG US,2010-04,2010,4,10140.0
PEG US,2010-05,2010,5,10140.0
PEG US,2010-06,2010,6,10140.0
PEG US,2010-07,2010,7,10140.0
PEG US,2010-08,2010,8,10140.0
PEG US,2010-09,2010,9,10140.0
PEG US,2010-10,2010,10,0.0
PEG US,2010-11,2010,11,0.0
PEG US,2010-12,2010,12,0.0
PEG US,2011-01,2011,1,0.0
PEG US,2011-02,2011,2,0.0
PEG US,2011-03,2011,3,0.0
PEG US,2011-04,2011,4,15940.0
PEG US,2011-05,2011,5,15940.0
PEG US,2011-06,2011,6,15940.0
PEG US,2011-07,2011,7,29710.0
PEG US,2011-08,2011,8,29710.0
PEG US,2011-09,2011,9,29710.0
PEG US,2011-10,2011,10,31880.0
PEG US,2011-11,2011,11,31880.0
PEG US,2011-12,2011,12,31880.0
PEG US,2012-01,2012,1,20290.0
PEG US,2012-02,2012,2,20290.0
PEG US,2012-03,2012,3,20290.0
PEG US,2012-04,2012,4,15940.0
PEG US,2012-05,2012,5,15940.0
PEG US,2012-06,2012,6,15940.0
PEG US,2012-07,2012,7,50000.0
PEG US,2012-08,2012,8,50000.0
PEG US,2012-09,2012,9,50000.0
PEG US,2012-10,2012,10,50000.0
PEG US,2012-11,2012,11,50000.0
PEG US,2012-12,2012,12,50000.0
PEG US,2013-01,2013,1,50000.0
PEG US,2013-02,2013,2,50000.0
PEG US,2013-03,2013,3,50000.0
PEG US,2013-04,2013,4,50000.0
PEG US,2013-05,2013,5,50000.0
PEG US,2013-06,2013,6,50000.0
PEG US,2013-07,2013,7,102900.0
PEG US,2013-08,2013,8,102900.0
PEG US,2013-09,2013,9,102900.0
PEG US,2013-10,2013,10,50000.0
PEG US,2013-11,2013,11,50000.0
PEG US,2013-12,2013,12,50000.0
PEG US,2014-01,2014,1,50000.0
PEG US,2014-02,2014,2,50000.0
PEG US,2014-03,2014,3,50000.0
PEG US,2014-04,2014,4,50000.0
PEG US,2014-05,2014,5,50000.0
PEG US,2014-06,2014,6,50000.0
PEG US,2014-07,2014,7,50000.0
PEG US,2014-08,2014,8,50000.0
PEG US,2014-09,2014,9,50000.0
PEG US,2014-10,2014,10,50000.0
PEG US,2014-11,2014,11,50000.0
PEG US,2014-12,2014,12,50000.0
PEG US,2015-01,2015,1,42030.0
PEG US,2015-02,2015,2,42030.0
PEG US,2015-03,2015,3,42030.0
PEG US,2015-04,2015,4,50000.0
PEG US,2015-05,2015,5,50000.0
PEG US,2015-06,2015,6,50000.0
PEG US,2015-07,2015,7,50000.0
PEG US,2015-08,2015,8,50000.0
PEG US,2015-09,2015,9,50000.0
PEG US,2015-10,2015,10,50000.0
PEG US,2015-11,2015,11,50000.0
PEG US,2015-12,2015,12,50000.0
PEG US,2016-01,2016,1,59420.0
PEG US,2016-02,2016,2,59420.0
PEG US,2016-03,2016,3,59420.0
PEG US,2016-04,2016,4,50000.0
PEG US,2016-05,2016,5,50000.0
PEG US,2016-06,2016,6,50000.0
PEG US,2016-07,2016,7,50000.0
PEG US,2016-08,2016,8,50000.0
PEG US,2016-09,2016,9,50000.0
PEG US,2016-10,2016,10,50000.0
PEG US,2016-11,2016,11,50000.0
PEG US,2016-12,2016,12,50000.0
PEG US,2017-01,2017,1,50000.0
PEG US,2017-02,2017,2,50000.0
PEG US,2017-03,2017,3,50000.0
PEG US,2017-04,2017,4,61590.0
PEG US,2017-05,2017,5,61590.0
PEG US,2017-06,2017,6,61590.0
PEG US,2017-07,2017,7,60140.0
PEG US,2017-08,2017,8,60140.0
PEG US,2017-09,2017,9,60140.0
PEG US,2017-10,2017,10,60140.0
PEG US,2017-11,2017,11,60140.0
PEG US,2017-12,2017,12,60140.0
PEG US,2018-01,2018,1,60140.0
PEG US,2018-02,2018,2,60140.0
PEG US,2018-03,2018,3,60140.0
PEG US,2018-04,2018,4,63040.0
PEG US,2018-05,2018,5,63040.0
PEG US,2018-06,2018,6,63040.0
PEG US,2018-07,2018,7,50000.0
PEG US,2018-08,2018,8,50000.0
PEG US,2018-09,2018,9,50000.0
PEG US,2018-10,2018,10,50000.0
PEG US,2018-11,2018,11,50000.0
PEG US,2018-12,2018,12,50000.0
PEG US,2019-01,2019,1,58700.0
PEG US,2019-02,2019,2,58700.0
PEG US,2019-03,2019,3,58700.0
PEG US,2019-04,2019,4,62320.0
PEG US,2019-05,2019,5,62320.0
PEG US,2019-06,2019,6,62320.0
PEG US,2019-07,2019,7,61590.0
PEG US,2019-08,2019,8,61590.0
PEG US,2019-09,2019,9,61590.0
PEG US,2019-10,2019,10,61590.0
PEG US,2019-11,2019,11,61590.0
PEG US,2019-12,2019,12,61590.0
PEG US,2020-01,2020,1,60140.0
PEG US,2020-02,2020,2,60140.0
PEG US,2020-03,2020,3,60140.0
PEG US,2020-04,2020,4,66670.0
PEG US,2020-05,2020,5,66670.0
PEG US,2020-06,2020,6,66670.0
PEG US,2020-07,2020,7,59420.0
PEG US,2020-08,2020,8,59420.0
PEG US,2020-09,2020,9,59420.0
PEG US,2020-10,2020,10,60140.0
PEG US,2020-11,2020,11,60140.0
PEG US,2020-12,2020,12,60140.0
PEG US,2021-01,2021,1,62320.0
PEG US,2021-02,2021,2,62320.0
PEG US,2021-03,2021,3,62320.0
PEG US,2021-04,2021,4,64489.99999999999
PEG US,2021-05,2021,5,64489.99999999999
PEG US,2021-06,2021,6,64489.99999999999
PEG US,2021-07,2021,7,66670.0
PEG US,2021-08,2021,8,66670.0
PEG US,2021-09,2021,9,66670.0
PEG US,2021-10,2021,10,69570.0
PEG US,2021-11,2021,11,69570.0
PEG US,2021-12,2021,12,69570.0
PEG US,2022-01,2022,1,74640.0
PEG US,2022-02,2022,2,74640.0
PEG US,2022-03,2022,3,74640.0
PEG US,2022-04,2022,4,78260.0
PEG US,2022-05,2022,5,78260.0
PEG US,2022-06,2022,6,78260.0
PEG US,2022-07,2022,7,82610.0
PEG US,2022-08,2022,8,82610.0
PEG US,2022-09,2022,9,82610.0
PEG US,2022-10,2022,10,80430.0
PEG US,2022-11,2022,11,80430.0
PEG US,2022-12,2022,12,80430.0
PEG US,2023-01,2023,1,79710.0
PEG US,2023-02,2023,2,79710.0
PEG US,2023-03,2023,3,79710.0
PEG US,2023-04,2023,4,77540.0
PEG US,2023-05,2023,5,77540.0
PEG US,2023-06,2023,6,77540.0
PEG US,2023-07,2023,7,77540.0
PEG US,2023-08,2023,8,77540.0
PEG US,2023-09,2023,9,77540.0
PEG US,2023-10,2023,10,92750.0
PEG US,2023-11,2023,11,92750.0
PEG US,2023-12,2023,12,92750.0
PEG US,2024-01,2024,1,81880.0
PEG US,2024-02,2024,2,81880.0
PEG US,2024-03,2024,3,81880.0
PEG US,2024-04,2024,4,87680.0
PEG US,2024-05,2024,5,87680.0
PEG US,2024-06,2024,6,87680.0
PEG US,2024-07,2024,7,86230.0
PEG US,2024-08,2024,8,86230.0
PEG US,2024-09,2024,9,86230.0
PEG US,2024-10,2024,10,86230.0
PFE US,1998-04,1998,4,451220.0
PFE US,1998-05,1998,5,451220.0
PFE US,1998-06,1998,6,451220.0
PFE US,1998-07,1998,7,1380000.0
PFE US,1998-08,1998,8,1380000.0
PFE US,1998-09,1998,9,1380000.0
PFE US,1998-10,1998,10,1210000.0
PFE US,1998-11,1998,11,1210000.0
PFE US,1998-12,1998,12,1210000.0
PFE US,1999-01,1999,1,1210000.0
PFE US,1999-02,1999,2,1210000.0
PFE US,1999-03,1999,3,1210000.0
PFE US,1999-04,1999,4,1390000.0
PFE US,1999-05,1999,5,1390000.0
PFE US,1999-06,1999,6,1390000.0
PFE US,1999-07,1999,7,451220.0
PFE US,1999-08,1999,8,451220.0
PFE US,1999-09,1999,9,451220.0
PFE US,1999-10,1999,10,1480000.0
PFE US,1999-11,1999,11,1480000.0
PFE US,1999-12,1999,12,1480000.0
PFE US,2000-01,2000,1,1460000.0
PFE US,2000-02,2000,2,1460000.0
PFE US,2000-03,2000,3,1460000.0
PFE US,2000-04,2000,4,1480000.0
PFE US,2000-05,2000,5,1480000.0
PFE US,2000-06,2000,6,1480000.0
PFE US,2000-07,2000,7,1520000.0
PFE US,2000-08,2000,8,1520000.0
PFE US,2000-09,2000,9,1520000.0
PFE US,2000-10,2000,10,1520000.0
PFE US,2000-11,2000,11,1520000.0
PFE US,2000-12,2000,12,1520000.0
PFE US,2001-01,2001,1,1660000.0
PFE US,2001-02,2001,2,1660000.0
PFE US,2001-03,2001,3,1660000.0
PFE US,2001-04,2001,4,170730.0
PFE US,2001-05,2001,5,170730.0
PFE US,2001-06,2001,6,170730.0
PFE US,2001-07,2001,7,512200.00000000006
PFE US,2001-08,2001,8,512200.00000000006
PFE US,2001-09,2001,9,512200.00000000006
PFE US,2001-10,2001,10,560980.0
PFE US,2001-11,2001,11,560980.0
PFE US,2001-12,2001,12,560980.0
PFE US,2002-01,2002,1,548780.0
PFE US,2002-02,2002,2,548780.0
PFE US,2002-03,2002,3,548780.0
PFE US,2002-04,2002,4,548780.0
PFE US,2002-05,2002,5,548780.0
PFE US,2002-06,2002,6,548780.0
PFE US,2002-07,2002,7,548780.0
PFE US,2002-08,2002,8,548780.0
PFE US,2002-09,2002,9,548780.0
PFE US,2002-10,2002,10,524390.0
PFE US,2002-11,2002,11,524390.0
PFE US,2002-12,2002,12,524390.0
PFE US,2003-01,2003,1,512200.00000000006
PFE US,2003-02,2003,2,512200.00000000006
PFE US,2003-03,2003,3,512200.00000000006
PFE US,2003-04,2003,4,512200.00000000006
PFE US,2003-05,2003,5,512200.00000000006
PFE US,2003-06,2003,6,512200.00000000006
PFE US,2003-07,2003,7,707320.0
PFE US,2003-08,2003,8,707320.0
PFE US,2003-09,2003,9,707320.0
PFE US,2003-10,2003,10,341460.0
PFE US,2003-11,2003,11,341460.0
PFE US,2003-12,2003,12,341460.0
PFE US,2004-01,2004,1,1000000.0
PFE US,2004-02,2004,2,1000000.0
PFE US,2004-03,2004,3,1000000.0
PFE US,2004-04,2004,4,780490.0
PFE US,2004-05,2004,5,780490.0
PFE US,2004-06,2004,6,780490.0
PFE US,2004-07,2004,7,804880.0
PFE US,2004-08,2004,8,804880.0
PFE US,2004-09,2004,9,804880.0
PFE US,2004-10,2004,10,853660.0
PFE US,2004-11,2004,11,853660.0
PFE US,2004-12,2004,12,853660.0
PFE US,2005-01,2005,1,646340.0
PFE US,2005-02,2005,2,646340.0
PFE US,2005-03,2005,3,646340.0
PFE US,2005-04,2005,4,560980.0
PFE US,2005-05,2005,5,560980.0
PFE US,2005-06,2005,6,560980.0
PFE US,2005-07,2005,7,731710.0
PFE US,2005-08,2005,8,731710.0
PFE US,2005-09,2005,9,731710.0
PFE US,2005-10,2005,10,841460.0
PFE US,2005-11,2005,11,841460.0
PFE US,2005-12,2005,12,841460.0
PFE US,2006-01,2006,1,1000000.0
PFE US,2006-02,2006,2,1000000.0
PFE US,2006-03,2006,3,1000000.0
PFE US,2006-04,2006,4,1000000.0
PFE US,2006-05,2006,5,1000000.0
PFE US,2006-06,2006,6,1000000.0
PFE US,2006-07,2006,7,1000000.0
PFE US,2006-08,2006,8,1000000.0
PFE US,2006-09,2006,9,1000000.0
PFE US,2006-10,2006,10,500000.0
PFE US,2006-11,2006,11,500000.0
PFE US,2006-12,2006,12,500000.0
PFE US,2007-01,2007,1,475610.0
PFE US,2007-02,2007,2,475610.0
PFE US,2007-03,2007,3,475610.0
PFE US,2007-04,2007,4,512200.00000000006
PFE US,2007-05,2007,5,512200.00000000006
PFE US,2007-06,2007,6,512200.00000000006
PFE US,2007-07,2007,7,487800.0
PFE US,2007-08,2007,8,487800.0
PFE US,2007-09,2007,9,487800.0
PFE US,2007-10,2007,10,865850.0
PFE US,2007-11,2007,11,865850.0
PFE US,2007-12,2007,12,865850.0
PFE US,2008-01,2008,1,1280000.0
PFE US,2008-02,2008,2,1280000.0
PFE US,2008-03,2008,3,1280000.0
PFE US,2008-04,2008,4,1290000.0
PFE US,2008-05,2008,5,1290000.0
PFE US,2008-06,2008,6,1290000.0
PFE US,2008-07,2008,7,1330000.0
PFE US,2008-08,2008,8,1330000.0
PFE US,2008-09,2008,9,1330000.0
PFE US,2008-10,2008,10,1430000.0
PFE US,2008-11,2008,11,1430000.0
PFE US,2008-12,2008,12,1430000.0
PFE US,2009-01,2009,1,219510.0
PFE US,2009-02,2009,2,219510.0
PFE US,2009-03,2009,3,219510.0
PFE US,2009-04,2009,4,414630.0
PFE US,2009-05,2009,5,414630.0
PFE US,2009-06,2009,6,414630.0
PFE US,2009-07,2009,7,378050.0
PFE US,2009-08,2009,8,378050.0
PFE US,2009-09,2009,9,378050.0
PFE US,2009-10,2009,10,402440.0
PFE US,2009-11,2009,11,402440.0
PFE US,2009-12,2009,12,402440.0
PFE US,2010-01,2010,1,390240.0
PFE US,2010-02,2010,2,390240.0
PFE US,2010-03,2010,3,390240.0
PFE US,2010-04,2010,4,463410.0
PFE US,2010-05,2010,5,463410.0
PFE US,2010-06,2010,6,463410.0
PFE US,2010-07,2010,7,463410.0
PFE US,2010-08,2010,8,463410.0
PFE US,2010-09,2010,9,463410.0
PFE US,2010-10,2010,10,365850.0
PFE US,2010-11,2010,11,365850.0
PFE US,2010-12,2010,12,365850.0
PFE US,2011-01,2011,1,475610.0
PFE US,2011-02,2011,2,475610.0
PFE US,2011-03,2011,3,475610.0
PFE US,2011-04,2011,4,414630.0
PFE US,2011-05,2011,5,414630.0
PFE US,2011-06,2011,6,414630.0
PFE US,2011-07,2011,7,658540.0
PFE US,2011-08,2011,8,658540.0
PFE US,2011-09,2011,9,658540.0
PFE US,2011-10,2011,10,695120.0
PFE US,2011-11,2011,11,695120.0
PFE US,2011-12,2011,12,695120.0
PFE US,2012-01,2012,1,597560.0
PFE US,2012-02,2012,2,597560.0
PFE US,2012-03,2012,3,597560.0
PFE US,2012-04,2012,4,146340.0
PFE US,2012-05,2012,5,146340.0
PFE US,2012-06,2012,6,146340.0
PFE US,2012-07,2012,7,182930.0
PFE US,2012-08,2012,8,182930.0
PFE US,2012-09,2012,9,182930.0
PFE US,2012-10,2012,10,219510.0
PFE US,2012-11,2012,11,219510.0
PFE US,2012-12,2012,12,219510.0
PFE US,2013-01,2013,1,280490.0
PFE US,2013-02,2013,2,280490.0
PFE US,2013-03,2013,3,280490.0
PFE US,2013-04,2013,4,329270.0
PFE US,2013-05,2013,5,329270.0
PFE US,2013-06,2013,6,329270.0
PFE US,2013-07,2013,7,439020.0
PFE US,2013-08,2013,8,439020.0
PFE US,2013-09,2013,9,439020.0
PFE US,2013-10,2013,10,463410.0
PFE US,2013-11,2013,11,463410.0
PFE US,2013-12,2013,12,463410.0
PFE US,2014-01,2014,1,500000.0
PFE US,2014-02,2014,2,500000.0
PFE US,2014-03,2014,3,500000.0
PFE US,2014-04,2014,4,512200.00000000006
PFE US,2014-05,2014,5,512200.00000000006
PFE US,2014-06,2014,6,512200.00000000006
PFE US,2014-07,2014,7,524390.0
PFE US,2014-08,2014,8,524390.0
PFE US,2014-09,2014,9,524390.0
PFE US,2014-10,2014,10,512200.00000000006
PFE US,2014-11,2014,11,512200.00000000006
PFE US,2014-12,2014,12,512200.00000000006
PFE US,2015-01,2015,1,451220.0
PFE US,2015-02,2015,2,451220.0
PFE US,2015-03,2015,3,451220.0
PFE US,2015-04,2015,4,475610.0
PFE US,2015-05,2015,5,475610.0
PFE US,2015-06,2015,6,475610.0
PFE US,2015-07,2015,7,524390.0
PFE US,2015-08,2015,8,524390.0
PFE US,2015-09,2015,9,524390.0
PFE US,2015-10,2015,10,512200.00000000006
PFE US,2015-11,2015,11,512200.00000000006
PFE US,2015-12,2015,12,512200.00000000006
PFE US,2016-01,2016,1,207320.0
PFE US,2016-02,2016,2,207320.0
PFE US,2016-03,2016,3,207320.0
PFE US,2016-04,2016,4,207320.0
PFE US,2016-05,2016,5,207320.0
PFE US,2016-06,2016,6,207320.0
PFE US,2016-07,2016,7,60980.0
PFE US,2016-08,2016,8,60980.0
PFE US,2016-09,2016,9,60980.0
PFE US,2016-10,2016,10,60980.0
PFE US,2016-11,2016,11,60980.0
PFE US,2016-12,2016,12,60980.0
PFE US,2017-01,2017,1,60980.0
PFE US,2017-02,2017,2,60980.0
PFE US,2017-03,2017,3,60980.0
PFE US,2017-04,2017,4,170730.0
PFE US,2017-05,2017,5,170730.0
PFE US,2017-06,2017,6,170730.0
PFE US,2017-07,2017,7,73170.0
PFE US,2017-08,2017,8,73170.0
PFE US,2017-09,2017,9,73170.0
PFE US,2017-10,2017,10,97560.0
PFE US,2017-11,2017,11,97560.0
PFE US,2017-12,2017,12,97560.0
PFE US,2018-01,2018,1,60980.0
PFE US,2018-02,2018,2,60980.0
PFE US,2018-03,2018,3,60980.0
PFE US,2018-04,2018,4,195120.0
PFE US,2018-05,2018,5,195120.0
PFE US,2018-06,2018,6,195120.0
PFE US,2018-07,2018,7,256100.00000000003
PFE US,2018-08,2018,8,256100.00000000003
PFE US,2018-09,2018,9,256100.00000000003
PFE US,2018-10,2018,10,256100.00000000003
PFE US,2018-11,2018,11,256100.00000000003
PFE US,2018-12,2018,12,256100.00000000003
PFE US,2019-01,2019,1,85370.0
PFE US,2019-02,2019,2,85370.0
PFE US,2019-03,2019,3,85370.0
PFE US,2019-04,2019,4,97560.0
PFE US,2019-05,2019,5,97560.0
PFE US,2019-06,2019,6,97560.0
PFE US,2019-07,2019,7,97560.0
PFE US,2019-08,2019,8,97560.0
PFE US,2019-09,2019,9,97560.0
PFE US,2019-10,2019,10,97560.0
PFE US,2019-11,2019,11,97560.0
PFE US,2019-12,2019,12,97560.0
PFE US,2020-01,2020,1,85370.0
PFE US,2020-02,2020,2,85370.0
PFE US,2020-03,2020,3,85370.0
PFE US,2020-04,2020,4,97560.0
PFE US,2020-05,2020,5,97560.0
PFE US,2020-06,2020,6,97560.0
PFE US,2020-07,2020,7,85370.0
PFE US,2020-08,2020,8,85370.0
PFE US,2020-09,2020,9,85370.0
PFE US,2020-10,2020,10,3230000.0
PFE US,2020-11,2020,11,3230000.0
PFE US,2020-12,2020,12,3230000.0
PFE US,2021-01,2021,1,0.0
PFE US,2021-02,2021,2,0.0
PFE US,2021-03,2021,3,0.0
PFE US,2021-04,2021,4,85370.0
PFE US,2021-05,2021,5,85370.0
PFE US,2021-06,2021,6,85370.0
PFE US,2021-07,2021,7,85370.0
PFE US,2021-08,2021,8,85370.0
PFE US,2021-09,2021,9,85370.0
PFE US,2021-10,2021,10,109760.0
PFE US,2021-11,2021,11,109760.0
PFE US,2021-12,2021,12,109760.0
PFE US,2022-01,2022,1,97560.0
PFE US,2022-02,2022,2,97560.0
PFE US,2022-03,2022,3,97560.0
PFE US,2022-04,2022,4,109760.0
PFE US,2022-05,2022,5,109760.0
PFE US,2022-06,2022,6,109760.0
PFE US,2022-07,2022,7,109760.0
PFE US,2022-08,2022,8,109760.0
PFE US,2022-09,2022,9,109760.0
PFE US,2022-10,2022,10,109760.0
PFE US,2022-11,2022,11,109760.0
PFE US,2022-12,2022,12,109760.0
PFE US,2023-01,2023,1,97560.0
PFE US,2023-02,2023,2,97560.0
PFE US,2023-03,2023,3,97560.0
PFE US,2023-04,2023,4,109760.0
PFE US,2023-05,2023,5,109760.0
PFE US,2023-06,2023,6,109760.0
PFE US,2023-07,2023,7,109760.0
PFE US,2023-08,2023,8,109760.0
PFE US,2023-09,2023,9,109760.0
PFE US,2023-10,2023,10,109760.0
PFE US,2023-11,2023,11,109760.0
PFE US,2023-12,2023,12,109760.0
PFE US,2024-01,2024,1,97560.0
PFE US,2024-02,2024,2,97560.0
PFE US,2024-03,2024,3,97560.0
PFE US,2024-04,2024,4,109760.0
PFE US,2024-05,2024,5,109760.0
PFE US,2024-06,2024,6,109760.0
PFE US,2024-07,2024,7,109760.0
PFE US,2024-08,2024,8,109760.0
PFE US,2024-09,2024,9,109760.0
PFE US,2024-10,2024,10,109760.0
PG US,1998-04,1998,4,52090.0
PG US,1998-05,1998,5,52090.0
PG US,1998-06,1998,6,52090.0
PG US,1998-07,1998,7,52090.0
PG US,1998-08,1998,8,52090.0
PG US,1998-09,1998,9,52090.0
PG US,1998-10,1998,10,52090.0
PG US,1998-11,1998,11,52090.0
PG US,1998-12,1998,12,52090.0
PG US,1999-01,1999,1,52090.0
PG US,1999-02,1999,2,52090.0
PG US,1999-03,1999,3,52090.0
PG US,1999-04,1999,4,52090.0
PG US,1999-05,1999,5,52090.0
PG US,1999-06,1999,6,52090.0
PG US,1999-07,1999,7,52090.0
PG US,1999-08,1999,8,52090.0
PG US,1999-09,1999,9,52090.0
PG US,1999-10,1999,10,52090.0
PG US,1999-11,1999,11,52090.0
PG US,1999-12,1999,12,52090.0
PG US,2000-01,2000,1,52090.0
PG US,2000-02,2000,2,52090.0
PG US,2000-03,2000,3,52090.0
PG US,2000-04,2000,4,52090.0
PG US,2000-05,2000,5,52090.0
PG US,2000-06,2000,6,52090.0
PG US,2000-07,2000,7,52090.0
PG US,2000-08,2000,8,52090.0
PG US,2000-09,2000,9,52090.0
PG US,2000-10,2000,10,52090.0
PG US,2000-11,2000,11,52090.0
PG US,2000-12,2000,12,52090.0
PG US,2001-01,2001,1,52090.0
PG US,2001-02,2001,2,52090.0
PG US,2001-03,2001,3,52090.0
PG US,2001-04,2001,4,52090.0
PG US,2001-05,2001,5,52090.0
PG US,2001-06,2001,6,52090.0
PG US,2001-07,2001,7,52090.0
PG US,2001-08,2001,8,52090.0
PG US,2001-09,2001,9,52090.0
PG US,2001-10,2001,10,52090.0
PG US,2001-11,2001,11,52090.0
PG US,2001-12,2001,12,52090.0
PG US,2002-01,2002,1,52090.0
PG US,2002-02,2002,2,52090.0
PG US,2002-03,2002,3,52090.0
PG US,2002-04,2002,4,52090.0
PG US,2002-05,2002,5,52090.0
PG US,2002-06,2002,6,52090.0
PG US,2002-07,2002,7,52090.0
PG US,2002-08,2002,8,52090.0
PG US,2002-09,2002,9,52090.0
PG US,2002-10,2002,10,52090.0
PG US,2002-11,2002,11,52090.0
PG US,2002-12,2002,12,52090.0
PG US,2003-01,2003,1,52090.0
PG US,2003-02,2003,2,52090.0
PG US,2003-03,2003,3,52090.0
PG US,2003-04,2003,4,52090.0
PG US,2003-05,2003,5,52090.0
PG US,2003-06,2003,6,52090.0
PG US,2003-07,2003,7,52090.0
PG US,2003-08,2003,8,52090.0
PG US,2003-09,2003,9,52090.0
PG US,2003-10,2003,10,52090.0
PG US,2003-11,2003,11,52090.0
PG US,2003-12,2003,12,52090.0
PG US,2004-01,2004,1,52090.0
PG US,2004-02,2004,2,52090.0
PG US,2004-03,2004,3,52090.0
PG US,2004-04,2004,4,52090.0
PG US,2004-05,2004,5,52090.0
PG US,2004-06,2004,6,52090.0
PG US,2004-07,2004,7,52090.0
PG US,2004-08,2004,8,52090.0
PG US,2004-09,2004,9,52090.0
PG US,2004-10,2004,10,52090.0
PG US,2004-11,2004,11,52090.0
PG US,2004-12,2004,12,52090.0
PG US,2005-01,2005,1,52090.0
PG US,2005-02,2005,2,52090.0
PG US,2005-03,2005,3,52090.0
PG US,2005-04,2005,4,52090.0
PG US,2005-05,2005,5,52090.0
PG US,2005-06,2005,6,52090.0
PG US,2005-07,2005,7,52090.0
PG US,2005-08,2005,8,52090.0
PG US,2005-09,2005,9,52090.0
PG US,2005-10,2005,10,52090.0
PG US,2005-11,2005,11,52090.0
PG US,2005-12,2005,12,52090.0
PG US,2006-01,2006,1,52090.0
PG US,2006-02,2006,2,52090.0
PG US,2006-03,2006,3,52090.0
PG US,2006-04,2006,4,52090.0
PG US,2006-05,2006,5,52090.0
PG US,2006-06,2006,6,52090.0
PG US,2006-07,2006,7,52090.0
PG US,2006-08,2006,8,52090.0
PG US,2006-09,2006,9,52090.0
PG US,2006-10,2006,10,52090.0
PG US,2006-11,2006,11,52090.0
PG US,2006-12,2006,12,52090.0
PG US,2007-01,2007,1,52090.0
PG US,2007-02,2007,2,52090.0
PG US,2007-03,2007,3,52090.0
PG US,2007-04,2007,4,52090.0
PG US,2007-05,2007,5,52090.0
PG US,2007-06,2007,6,52090.0
PG US,2007-07,2007,7,52090.0
PG US,2007-08,2007,8,52090.0
PG US,2007-09,2007,9,52090.0
PG US,2007-10,2007,10,52090.0
PG US,2007-11,2007,11,52090.0
PG US,2007-12,2007,12,52090.0
PG US,2008-01,2008,1,52090.0
PG US,2008-02,2008,2,52090.0
PG US,2008-03,2008,3,52090.0
PG US,2008-04,2008,4,52090.0
PG US,2008-05,2008,5,52090.0
PG US,2008-06,2008,6,52090.0
PG US,2008-07,2008,7,52090.0
PG US,2008-08,2008,8,52090.0
PG US,2008-09,2008,9,52090.0
PG US,2008-10,2008,10,52090.0
PG US,2008-11,2008,11,52090.0
PG US,2008-12,2008,12,52090.0
PG US,2009-01,2009,1,52090.0
PG US,2009-02,2009,2,52090.0
PG US,2009-03,2009,3,52090.0
PG US,2009-04,2009,4,52090.0
PG US,2009-05,2009,5,52090.0
PG US,2009-06,2009,6,52090.0
PG US,2009-07,2009,7,52090.0
PG US,2009-08,2009,8,52090.0
PG US,2009-09,2009,9,52090.0
PG US,2009-10,2009,10,52090.0
PG US,2009-11,2009,11,52090.0
PG US,2009-12,2009,12,52090.0
PG US,2010-01,2010,1,52090.0
PG US,2010-02,2010,2,52090.0
PG US,2010-03,2010,3,52090.0
PG US,2010-04,2010,4,52090.0
PG US,2010-05,2010,5,52090.0
PG US,2010-06,2010,6,52090.0
PG US,2010-07,2010,7,52090.0
PG US,2010-08,2010,8,52090.0
PG US,2010-09,2010,9,52090.0
PG US,2010-10,2010,10,52090.0
PG US,2010-11,2010,11,52090.0
PG US,2010-12,2010,12,52090.0
PG US,2011-01,2011,1,52090.0
PG US,2011-02,2011,2,52090.0
PG US,2011-03,2011,3,52090.0
PG US,2011-04,2011,4,52090.0
PG US,2011-05,2011,5,52090.0
PG US,2011-06,2011,6,52090.0
PG US,2011-07,2011,7,52090.0
PG US,2011-08,2011,8,52090.0
PG US,2011-09,2011,9,52090.0
PG US,2011-10,2011,10,52090.0
PG US,2011-11,2011,11,52090.0
PG US,2011-12,2011,12,52090.0
PG US,2012-01,2012,1,52090.0
PG US,2012-02,2012,2,52090.0
PG US,2012-03,2012,3,52090.0
PG US,2012-04,2012,4,52090.0
PG US,2012-05,2012,5,52090.0
PG US,2012-06,2012,6,52090.0
PG US,2012-07,2012,7,52090.0
PG US,2012-08,2012,8,52090.0
PG US,2012-09,2012,9,52090.0
PG US,2012-10,2012,10,52090.0
PG US,2012-11,2012,11,52090.0
PG US,2012-12,2012,12,52090.0
PG US,2013-01,2013,1,52090.0
PG US,2013-02,2013,2,52090.0
PG US,2013-03,2013,3,52090.0
PG US,2013-04,2013,4,52090.0
PG US,2013-05,2013,5,52090.0
PG US,2013-06,2013,6,52090.0
PG US,2013-07,2013,7,52090.0
PG US,2013-08,2013,8,52090.0
PG US,2013-09,2013,9,52090.0
PG US,2013-10,2013,10,52090.0
PG US,2013-11,2013,11,52090.0
PG US,2013-12,2013,12,52090.0
PG US,2014-01,2014,1,52090.0
PG US,2014-02,2014,2,52090.0
PG US,2014-03,2014,3,52090.0
PG US,2014-04,2014,4,52090.0
PG US,2014-05,2014,5,52090.0
PG US,2014-06,2014,6,52090.0
PG US,2014-07,2014,7,52090.0
PG US,2014-08,2014,8,52090.0
PG US,2014-09,2014,9,52090.0
PG US,2014-10,2014,10,52090.0
PG US,2014-11,2014,11,52090.0
PG US,2014-12,2014,12,52090.0
PG US,2015-01,2015,1,52090.0
PG US,2015-02,2015,2,52090.0
PG US,2015-03,2015,3,52090.0
PG US,2015-04,2015,4,52090.0
PG US,2015-05,2015,5,52090.0
PG US,2015-06,2015,6,52090.0
PG US,2015-07,2015,7,52090.0
PG US,2015-08,2015,8,52090.0
PG US,2015-09,2015,9,52090.0
PG US,2015-10,2015,10,52090.0
PG US,2015-11,2015,11,52090.0
PG US,2015-12,2015,12,52090.0
PG US,2016-01,2016,1,52090.0
PG US,2016-02,2016,2,52090.0
PG US,2016-03,2016,3,52090.0
PG US,2016-04,2016,4,52090.0
PG US,2016-05,2016,5,52090.0
PG US,2016-06,2016,6,52090.0
PG US,2016-07,2016,7,52090.0
PG US,2016-08,2016,8,52090.0
PG US,2016-09,2016,9,52090.0
PG US,2016-10,2016,10,52090.0
PG US,2016-11,2016,11,52090.0
PG US,2016-12,2016,12,52090.0
PG US,2017-01,2017,1,52090.0
PG US,2017-02,2017,2,52090.0
PG US,2017-03,2017,3,52090.0
PG US,2017-04,2017,4,52090.0
PG US,2017-05,2017,5,52090.0
PG US,2017-06,2017,6,52090.0
PG US,2017-07,2017,7,52090.0
PG US,2017-08,2017,8,52090.0
PG US,2017-09,2017,9,52090.0
PG US,2017-10,2017,10,52090.0
PG US,2017-11,2017,11,52090.0
PG US,2017-12,2017,12,52090.0
PG US,2018-01,2018,1,52090.0
PG US,2018-02,2018,2,52090.0
PG US,2018-03,2018,3,52090.0
PG US,2018-04,2018,4,52090.0
PG US,2018-05,2018,5,52090.0
PG US,2018-06,2018,6,52090.0
PG US,2018-07,2018,7,52090.0
PG US,2018-08,2018,8,52090.0
PG US,2018-09,2018,9,52090.0
PG US,2018-10,2018,10,52090.0
PG US,2018-11,2018,11,52090.0
PG US,2018-12,2018,12,52090.0
PG US,2019-01,2019,1,52090.0
PG US,2019-02,2019,2,52090.0
PG US,2019-03,2019,3,52090.0
PG US,2019-04,2019,4,52090.0
PG US,2019-05,2019,5,52090.0
PG US,2019-06,2019,6,52090.0
PG US,2019-07,2019,7,52090.0
PG US,2019-08,2019,8,52090.0
PG US,2019-09,2019,9,52090.0
PG US,2019-10,2019,10,52090.0
PG US,2019-11,2019,11,52090.0
PG US,2019-12,2019,12,52090.0
PG US,2020-01,2020,1,52090.0
PG US,2020-02,2020,2,52090.0
PG US,2020-03,2020,3,52090.0
PG US,2020-04,2020,4,52090.0
PG US,2020-05,2020,5,52090.0
PG US,2020-06,2020,6,52090.0
PG US,2020-07,2020,7,52090.0
PG US,2020-08,2020,8,52090.0
PG US,2020-09,2020,9,52090.0
PG US,2020-10,2020,10,52090.0
PG US,2020-11,2020,11,52090.0
PG US,2020-12,2020,12,52090.0
PG US,2021-01,2021,1,52090.0
PG US,2021-02,2021,2,52090.0
PG US,2021-03,2021,3,52090.0
PG US,2021-04,2021,4,52090.0
PG US,2021-05,2021,5,52090.0
PG US,2021-06,2021,6,52090.0
PG US,2021-07,2021,7,52090.0
PG US,2021-08,2021,8,52090.0
PG US,2021-09,2021,9,52090.0
PG US,2021-10,2021,10,52090.0
PG US,2021-11,2021,11,52090.0
PG US,2021-12,2021,12,52090.0
PG US,2022-01,2022,1,52090.0
PG US,2022-02,2022,2,52090.0
PG US,2022-03,2022,3,52090.0
PG US,2022-04,2022,4,52090.0
PG US,2022-05,2022,5,52090.0
PG US,2022-06,2022,6,52090.0
PG US,2022-07,2022,7,52090.0
PG US,2022-08,2022,8,52090.0
PG US,2022-09,2022,9,52090.0
PG US,2022-10,2022,10,52090.0
PG US,2022-11,2022,11,52090.0
PG US,2022-12,2022,12,52090.0
PG US,2023-01,2023,1,52090.0
PG US,2023-02,2023,2,52090.0
PG US,2023-03,2023,3,52090.0
PG US,2023-04,2023,4,52090.0
PG US,2023-05,2023,5,52090.0
PG US,2023-06,2023,6,52090.0
PG US,2023-07,2023,7,52090.0
PG US,2023-08,2023,8,52090.0
PG US,2023-09,2023,9,52090.0
PG US,2023-10,2023,10,52090.0
PG US,2023-11,2023,11,52090.0
PG US,2023-12,2023,12,52090.0
PG US,2024-01,2024,1,52090.0
PG US,2024-02,2024,2,52090.0
PG US,2024-03,2024,3,52090.0
PG US,2024-04,2024,4,52090.0
PG US,2024-05,2024,5,52090.0
PG US,2024-06,2024,6,52090.0
PG US,2024-07,2024,7,52090.0
PG US,2024-08,2024,8,52090.0
PG US,2024-09,2024,9,52090.0
PG US,2024-10,2024,10,52090.0
PPL US,1999-04,1999,4,324550.0
PPL US,1999-05,1999,5,324550.0
PPL US,1999-06,1999,6,324550.0
PPL US,1999-07,1999,7,324550.0
PPL US,1999-08,1999,8,324550.0
PPL US,1999-09,1999,9,324550.0
PPL US,1999-10,1999,10,324550.0
PPL US,1999-11,1999,11,324550.0
PPL US,1999-12,1999,12,324550.0
PPL US,2000-01,2000,1,324550.0
PPL US,2000-02,2000,2,324550.0
PPL US,2000-03,2000,3,324550.0
PPL US,2000-04,2000,4,324550.0
PPL US,2000-05,2000,5,324550.0
PPL US,2000-06,2000,6,324550.0
PPL US,2000-07,2000,7,324550.0
PPL US,2000-08,2000,8,324550.0
PPL US,2000-09,2000,9,324550.0
PPL US,2000-10,2000,10,324550.0
PPL US,2000-11,2000,11,324550.0
PPL US,2000-12,2000,12,324550.0
PPL US,2001-01,2001,1,324550.0
PPL US,2001-02,2001,2,324550.0
PPL US,2001-03,2001,3,324550.0
PPL US,2001-04,2001,4,324550.0
PPL US,2001-05,2001,5,324550.0
PPL US,2001-06,2001,6,324550.0
PPL US,2001-07,2001,7,324550.0
PPL US,2001-08,2001,8,324550.0
PPL US,2001-09,2001,9,324550.0
PPL US,2001-10,2001,10,324550.0
PPL US,2001-11,2001,11,324550.0
PPL US,2001-12,2001,12,324550.0
PPL US,2002-01,2002,1,324550.0
PPL US,2002-02,2002,2,324550.0
PPL US,2002-03,2002,3,324550.0
PPL US,2002-04,2002,4,324550.0
PPL US,2002-05,2002,5,324550.0
PPL US,2002-06,2002,6,324550.0
PPL US,2002-07,2002,7,324550.0
PPL US,2002-08,2002,8,324550.0
PPL US,2002-09,2002,9,324550.0
PPL US,2002-10,2002,10,324550.0
PPL US,2002-11,2002,11,324550.0
PPL US,2002-12,2002,12,324550.0
PPL US,2003-01,2003,1,324550.0
PPL US,2003-02,2003,2,324550.0
PPL US,2003-03,2003,3,324550.0
PPL US,2003-04,2003,4,324550.0
PPL US,2003-05,2003,5,324550.0
PPL US,2003-06,2003,6,324550.0
PPL US,2003-07,2003,7,324550.0
PPL US,2003-08,2003,8,324550.0
PPL US,2003-09,2003,9,324550.0
PPL US,2003-10,2003,10,324550.0
PPL US,2003-11,2003,11,324550.0
PPL US,2003-12,2003,12,324550.0
PPL US,2004-01,2004,1,324550.0
PPL US,2004-02,2004,2,324550.0
PPL US,2004-03,2004,3,324550.0
PPL US,2004-04,2004,4,324550.0
PPL US,2004-05,2004,5,324550.0
PPL US,2004-06,2004,6,324550.0
PPL US,2004-07,2004,7,324550.0
PPL US,2004-08,2004,8,324550.0
PPL US,2004-09,2004,9,324550.0
PPL US,2004-10,2004,10,324550.0
PPL US,2004-11,2004,11,324550.0
PPL US,2004-12,2004,12,324550.0
PPL US,2005-01,2005,1,324550.0
PPL US,2005-02,2005,2,324550.0
PPL US,2005-03,2005,3,324550.0
PPL US,2005-04,2005,4,324550.0
PPL US,2005-05,2005,5,324550.0
PPL US,2005-06,2005,6,324550.0
PPL US,2005-07,2005,7,324550.0
PPL US,2005-08,2005,8,324550.0
PPL US,2005-09,2005,9,324550.0
PPL US,2005-10,2005,10,324550.0
PPL US,2005-11,2005,11,324550.0
PPL US,2005-12,2005,12,324550.0
PPL US,2006-01,2006,1,324550.0
PPL US,2006-02,2006,2,324550.0
PPL US,2006-03,2006,3,324550.0
PPL US,2006-04,2006,4,324550.0
PPL US,2006-05,2006,5,324550.0
PPL US,2006-06,2006,6,324550.0
PPL US,2006-07,2006,7,324550.0
PPL US,2006-08,2006,8,324550.0
PPL US,2006-09,2006,9,324550.0
PPL US,2006-10,2006,10,324550.0
PPL US,2006-11,2006,11,324550.0
PPL US,2006-12,2006,12,324550.0
PPL US,2007-01,2007,1,324550.0
PPL US,2007-02,2007,2,324550.0
PPL US,2007-03,2007,3,324550.0
PPL US,2007-04,2007,4,324550.0
PPL US,2007-05,2007,5,324550.0
PPL US,2007-06,2007,6,324550.0
PPL US,2007-07,2007,7,324550.0
PPL US,2007-08,2007,8,324550.0
PPL US,2007-09,2007,9,324550.0
PPL US,2007-10,2007,10,324550.0
PPL US,2007-11,2007,11,324550.0
PPL US,2007-12,2007,12,324550.0
PPL US,2008-01,2008,1,324550.0
PPL US,2008-02,2008,2,324550.0
PPL US,2008-03,2008,3,324550.0
PPL US,2008-04,2008,4,324550.0
PPL US,2008-05,2008,5,324550.0
PPL US,2008-06,2008,6,324550.0
PPL US,2008-07,2008,7,324550.0
PPL US,2008-08,2008,8,324550.0
PPL US,2008-09,2008,9,324550.0
PPL US,2008-10,2008,10,324550.0
PPL US,2008-11,2008,11,324550.0
PPL US,2008-12,2008,12,324550.0
PPL US,2009-01,2009,1,324550.0
PPL US,2009-02,2009,2,324550.0
PPL US,2009-03,2009,3,324550.0
PPL US,2009-04,2009,4,324550.0
PPL US,2009-05,2009,5,324550.0
PPL US,2009-06,2009,6,324550.0
PPL US,2009-07,2009,7,324550.0
PPL US,2009-08,2009,8,324550.0
PPL US,2009-09,2009,9,324550.0
PPL US,2009-10,2009,10,324550.0
PPL US,2009-11,2009,11,324550.0
PPL US,2009-12,2009,12,324550.0
PPL US,2010-01,2010,1,324550.0
PPL US,2010-02,2010,2,324550.0
PPL US,2010-03,2010,3,324550.0
PPL US,2010-04,2010,4,324550.0
PPL US,2010-05,2010,5,324550.0
PPL US,2010-06,2010,6,324550.0
PPL US,2010-07,2010,7,324550.0
PPL US,2010-08,2010,8,324550.0
PPL US,2010-09,2010,9,324550.0
PPL US,2010-10,2010,10,324550.0
PPL US,2010-11,2010,11,324550.0
PPL US,2010-12,2010,12,324550.0
PPL US,2011-01,2011,1,324550.0
PPL US,2011-02,2011,2,324550.0
PPL US,2011-03,2011,3,324550.0
PPL US,2011-04,2011,4,324550.0
PPL US,2011-05,2011,5,324550.0
PPL US,2011-06,2011,6,324550.0
PPL US,2011-07,2011,7,324550.0
PPL US,2011-08,2011,8,324550.0
PPL US,2011-09,2011,9,324550.0
PPL US,2011-10,2011,10,324550.0
PPL US,2011-11,2011,11,324550.0
PPL US,2011-12,2011,12,324550.0
PPL US,2012-01,2012,1,324550.0
PPL US,2012-02,2012,2,324550.0
PPL US,2012-03,2012,3,324550.0
PPL US,2012-04,2012,4,324550.0
PPL US,2012-05,2012,5,324550.0
PPL US,2012-06,2012,6,324550.0
PPL US,2012-07,2012,7,324550.0
PPL US,2012-08,2012,8,324550.0
PPL US,2012-09,2012,9,324550.0
PPL US,2012-10,2012,10,324550.0
PPL US,2012-11,2012,11,324550.0
PPL US,2012-12,2012,12,324550.0
PPL US,2013-01,2013,1,324550.0
PPL US,2013-02,2013,2,324550.0
PPL US,2013-03,2013,3,324550.0
PPL US,2013-04,2013,4,324550.0
PPL US,2013-05,2013,5,324550.0
PPL US,2013-06,2013,6,324550.0
PPL US,2013-07,2013,7,324550.0
PPL US,2013-08,2013,8,324550.0
PPL US,2013-09,2013,9,324550.0
PPL US,2013-10,2013,10,324550.0
PPL US,2013-11,2013,11,324550.0
PPL US,2013-12,2013,12,324550.0
PPL US,2014-01,2014,1,324550.0
PPL US,2014-02,2014,2,324550.0
PPL US,2014-03,2014,3,324550.0
PPL US,2014-04,2014,4,324550.0
PPL US,2014-05,2014,5,324550.0
PPL US,2014-06,2014,6,324550.0
PPL US,2014-07,2014,7,324550.0
PPL US,2014-08,2014,8,324550.0
PPL US,2014-09,2014,9,324550.0
PPL US,2014-10,2014,10,324550.0
PPL US,2014-11,2014,11,324550.0
PPL US,2014-12,2014,12,324550.0
PPL US,2015-01,2015,1,324550.0
PPL US,2015-02,2015,2,324550.0
PPL US,2015-03,2015,3,324550.0
PPL US,2015-04,2015,4,324550.0
PPL US,2015-05,2015,5,324550.0
PPL US,2015-06,2015,6,324550.0
PPL US,2015-07,2015,7,324550.0
PPL US,2015-08,2015,8,324550.0
PPL US,2015-09,2015,9,324550.0
PPL US,2015-10,2015,10,324550.0
PPL US,2015-11,2015,11,324550.0
PPL US,2015-12,2015,12,324550.0
PPL US,2016-01,2016,1,324550.0
PPL US,2016-02,2016,2,324550.0
PPL US,2016-03,2016,3,324550.0
PPL US,2016-04,2016,4,324550.0
PPL US,2016-05,2016,5,324550.0
PPL US,2016-06,2016,6,324550.0
PPL US,2016-07,2016,7,324550.0
PPL US,2016-08,2016,8,324550.0
PPL US,2016-09,2016,9,324550.0
PPL US,2016-10,2016,10,324550.0
PPL US,2016-11,2016,11,324550.0
PPL US,2016-12,2016,12,324550.0
PPL US,2017-01,2017,1,324550.0
PPL US,2017-02,2017,2,324550.0
PPL US,2017-03,2017,3,324550.0
PPL US,2017-04,2017,4,324550.0
PPL US,2017-05,2017,5,324550.0
PPL US,2017-06,2017,6,324550.0
PPL US,2017-07,2017,7,324550.0
PPL US,2017-08,2017,8,324550.0
PPL US,2017-09,2017,9,324550.0
PPL US,2017-10,2017,10,324550.0
PPL US,2017-11,2017,11,324550.0
PPL US,2017-12,2017,12,324550.0
PPL US,2018-01,2018,1,324550.0
PPL US,2018-02,2018,2,324550.0
PPL US,2018-03,2018,3,324550.0
PPL US,2018-04,2018,4,324550.0
PPL US,2018-05,2018,5,324550.0
PPL US,2018-06,2018,6,324550.0
PPL US,2018-07,2018,7,324550.0
PPL US,2018-08,2018,8,324550.0
PPL US,2018-09,2018,9,324550.0
PPL US,2018-10,2018,10,324550.0
PPL US,2018-11,2018,11,324550.0
PPL US,2018-12,2018,12,324550.0
PPL US,2019-01,2019,1,324550.0
PPL US,2019-02,2019,2,324550.0
PPL US,2019-03,2019,3,324550.0
PPL US,2019-04,2019,4,324550.0
PPL US,2019-05,2019,5,324550.0
PPL US,2019-06,2019,6,324550.0
PPL US,2019-07,2019,7,324550.0
PPL US,2019-08,2019,8,324550.0
PPL US,2019-09,2019,9,324550.0
PPL US,2019-10,2019,10,324550.0
PPL US,2019-11,2019,11,324550.0
PPL US,2019-12,2019,12,324550.0
PPL US,2020-01,2020,1,324550.0
PPL US,2020-02,2020,2,324550.0
PPL US,2020-03,2020,3,324550.0
PPL US,2020-04,2020,4,324550.0
PPL US,2020-05,2020,5,324550.0
PPL US,2020-06,2020,6,324550.0
PPL US,2020-07,2020,7,324550.0
PPL US,2020-08,2020,8,324550.0
PPL US,2020-09,2020,9,324550.0
PPL US,2020-10,2020,10,324550.0
PPL US,2020-11,2020,11,324550.0
PPL US,2020-12,2020,12,324550.0
PPL US,2021-01,2021,1,324550.0
PPL US,2021-02,2021,2,324550.0
PPL US,2021-03,2021,3,324550.0
PPL US,2021-04,2021,4,324550.0
PPL US,2021-05,2021,5,324550.0
PPL US,2021-06,2021,6,324550.0
PPL US,2021-07,2021,7,324550.0
PPL US,2021-08,2021,8,324550.0
PPL US,2021-09,2021,9,324550.0
PPL US,2021-10,2021,10,324550.0
PPL US,2021-11,2021,11,324550.0
PPL US,2021-12,2021,12,324550.0
PPL US,2022-01,2022,1,324550.0
PPL US,2022-02,2022,2,324550.0
PPL US,2022-03,2022,3,324550.0
PPL US,2022-04,2022,4,324550.0
PPL US,2022-05,2022,5,324550.0
PPL US,2022-06,2022,6,324550.0
PPL US,2022-07,2022,7,324550.0
PPL US,2022-08,2022,8,324550.0
PPL US,2022-09,2022,9,324550.0
PPL US,2022-10,2022,10,324550.0
PPL US,2022-11,2022,11,324550.0
PPL US,2022-12,2022,12,324550.0
PPL US,2023-01,2023,1,324550.0
PPL US,2023-02,2023,2,324550.0
PPL US,2023-03,2023,3,324550.0
PPL US,2023-04,2023,4,324550.0
PPL US,2023-05,2023,5,324550.0
PPL US,2023-06,2023,6,324550.0
PPL US,2023-07,2023,7,324550.0
PPL US,2023-08,2023,8,324550.0
PPL US,2023-09,2023,9,324550.0
PPL US,2023-10,2023,10,324550.0
PPL US,2023-11,2023,11,324550.0
PPL US,2023-12,2023,12,324550.0
PPL US,2024-01,2024,1,324550.0
PPL US,2024-02,2024,2,324550.0
PPL US,2024-03,2024,3,324550.0
PPL US,2024-04,2024,4,324550.0
PPL US,2024-05,2024,5,324550.0
PPL US,2024-06,2024,6,324550.0
PPL US,2024-07,2024,7,324550.0
PPL US,2024-08,2024,8,324550.0
PPL US,2024-09,2024,9,324550.0
PPL US,2024-10,2024,10,324550.0
QCOM US,1999-01,1999,1,45260.0
QCOM US,1999-02,1999,2,45260.0
QCOM US,1999-03,1999,3,45260.0
QCOM US,1999-04,1999,4,45260.0
QCOM US,1999-05,1999,5,45260.0
QCOM US,1999-06,1999,6,45260.0
QCOM US,1999-07,1999,7,45260.0
QCOM US,1999-08,1999,8,45260.0
QCOM US,1999-09,1999,9,45260.0
QCOM US,1999-10,1999,10,45260.0
QCOM US,1999-11,1999,11,45260.0
QCOM US,1999-12,1999,12,45260.0
QCOM US,2000-01,2000,1,45260.0
QCOM US,2000-02,2000,2,45260.0
QCOM US,2000-03,2000,3,45260.0
QCOM US,2000-04,2000,4,45260.0
QCOM US,2000-05,2000,5,45260.0
QCOM US,2000-06,2000,6,45260.0
QCOM US,2000-07,2000,7,45260.0
QCOM US,2000-08,2000,8,45260.0
QCOM US,2000-09,2000,9,45260.0
QCOM US,2000-10,2000,10,45260.0
QCOM US,2000-11,2000,11,45260.0
QCOM US,2000-12,2000,12,45260.0
QCOM US,2001-01,2001,1,45260.0
QCOM US,2001-02,2001,2,45260.0
QCOM US,2001-03,2001,3,45260.0
QCOM US,2001-04,2001,4,45260.0
QCOM US,2001-05,2001,5,45260.0
QCOM US,2001-06,2001,6,45260.0
QCOM US,2001-07,2001,7,45260.0
QCOM US,2001-08,2001,8,45260.0
QCOM US,2001-09,2001,9,45260.0
QCOM US,2001-10,2001,10,45260.0
QCOM US,2001-11,2001,11,45260.0
QCOM US,2001-12,2001,12,45260.0
QCOM US,2002-01,2002,1,45260.0
QCOM US,2002-02,2002,2,45260.0
QCOM US,2002-03,2002,3,45260.0
QCOM US,2002-04,2002,4,45260.0
QCOM US,2002-05,2002,5,45260.0
QCOM US,2002-06,2002,6,45260.0
QCOM US,2002-07,2002,7,45260.0
QCOM US,2002-08,2002,8,45260.0
QCOM US,2002-09,2002,9,45260.0
QCOM US,2002-10,2002,10,45260.0
QCOM US,2002-11,2002,11,45260.0
QCOM US,2002-12,2002,12,45260.0
QCOM US,2003-01,2003,1,45260.0
QCOM US,2003-02,2003,2,45260.0
QCOM US,2003-03,2003,3,45260.0
QCOM US,2003-04,2003,4,45260.0
QCOM US,2003-05,2003,5,45260.0
QCOM US,2003-06,2003,6,45260.0
QCOM US,2003-07,2003,7,45260.0
QCOM US,2003-08,2003,8,45260.0
QCOM US,2003-09,2003,9,45260.0
QCOM US,2003-10,2003,10,45260.0
QCOM US,2003-11,2003,11,45260.0
QCOM US,2003-12,2003,12,45260.0
QCOM US,2004-01,2004,1,45260.0
QCOM US,2004-02,2004,2,45260.0
QCOM US,2004-03,2004,3,45260.0
QCOM US,2004-04,2004,4,45260.0
QCOM US,2004-05,2004,5,45260.0
QCOM US,2004-06,2004,6,45260.0
QCOM US,2004-07,2004,7,45260.0
QCOM US,2004-08,2004,8,45260.0
QCOM US,2004-09,2004,9,45260.0
QCOM US,2004-10,2004,10,45260.0
QCOM US,2004-11,2004,11,45260.0
QCOM US,2004-12,2004,12,45260.0
QCOM US,2005-01,2005,1,45260.0
QCOM US,2005-01,2005,1,45260.0
QCOM US,2005-02,2005,2,45260.0
QCOM US,2005-03,2005,3,45260.0
QCOM US,2005-04,2005,4,45260.0
QCOM US,2005-04,2005,4,45260.0
QCOM US,2005-05,2005,5,45260.0
QCOM US,2005-06,2005,6,45260.0
QCOM US,2005-07,2005,7,45260.0
QCOM US,2005-07,2005,7,45260.0
QCOM US,2005-08,2005,8,45260.0
QCOM US,2005-09,2005,9,45260.0
QCOM US,2005-10,2005,10,45260.0
QCOM US,2005-10,2005,10,45260.0
QCOM US,2005-11,2005,11,45260.0
QCOM US,2005-12,2005,12,45260.0
QCOM US,2006-01,2006,1,45260.0
QCOM US,2006-02,2006,2,45260.0
QCOM US,2006-03,2006,3,45260.0
QCOM US,2006-04,2006,4,45260.0
QCOM US,2006-05,2006,5,45260.0
QCOM US,2006-06,2006,6,45260.0
QCOM US,2006-07,2006,7,45260.0
QCOM US,2006-08,2006,8,45260.0
QCOM US,2006-09,2006,9,45260.0
QCOM US,2006-10,2006,10,45260.0
QCOM US,2006-11,2006,11,45260.0
QCOM US,2006-12,2006,12,45260.0
QCOM US,2007-01,2007,1,45260.0
QCOM US,2007-02,2007,2,45260.0
QCOM US,2007-03,2007,3,45260.0
QCOM US,2007-04,2007,4,45260.0
QCOM US,2007-05,2007,5,45260.0
QCOM US,2007-06,2007,6,45260.0
QCOM US,2007-07,2007,7,45260.0
QCOM US,2007-08,2007,8,45260.0
QCOM US,2007-09,2007,9,45260.0
QCOM US,2007-10,2007,10,45260.0
QCOM US,2007-11,2007,11,45260.0
QCOM US,2007-12,2007,12,45260.0
QCOM US,2008-01,2008,1,45260.0
QCOM US,2008-02,2008,2,45260.0
QCOM US,2008-03,2008,3,45260.0
QCOM US,2008-04,2008,4,45260.0
QCOM US,2008-05,2008,5,45260.0
QCOM US,2008-06,2008,6,45260.0
QCOM US,2008-07,2008,7,45260.0
QCOM US,2008-08,2008,8,45260.0
QCOM US,2008-09,2008,9,45260.0
QCOM US,2008-10,2008,10,45260.0
QCOM US,2008-11,2008,11,45260.0
QCOM US,2008-12,2008,12,45260.0
QCOM US,2009-01,2009,1,45260.0
QCOM US,2009-02,2009,2,45260.0
QCOM US,2009-03,2009,3,45260.0
QCOM US,2009-04,2009,4,45260.0
QCOM US,2009-05,2009,5,45260.0
QCOM US,2009-06,2009,6,45260.0
QCOM US,2009-07,2009,7,45260.0
QCOM US,2009-08,2009,8,45260.0
QCOM US,2009-09,2009,9,45260.0
QCOM US,2009-10,2009,10,45260.0
QCOM US,2009-11,2009,11,45260.0
QCOM US,2009-12,2009,12,45260.0
QCOM US,2010-01,2010,1,45260.0
QCOM US,2010-01,2010,1,45260.0
QCOM US,2010-02,2010,2,45260.0
QCOM US,2010-03,2010,3,45260.0
QCOM US,2010-04,2010,4,45260.0
QCOM US,2010-04,2010,4,45260.0
QCOM US,2010-05,2010,5,45260.0
QCOM US,2010-06,2010,6,45260.0
QCOM US,2010-07,2010,7,45260.0
QCOM US,2010-07,2010,7,45260.0
QCOM US,2010-08,2010,8,45260.0
QCOM US,2010-09,2010,9,45260.0
QCOM US,2010-10,2010,10,45260.0
QCOM US,2010-10,2010,10,45260.0
QCOM US,2010-11,2010,11,45260.0
QCOM US,2010-12,2010,12,45260.0
QCOM US,2011-01,2011,1,45260.0
QCOM US,2011-02,2011,2,45260.0
QCOM US,2011-03,2011,3,45260.0
QCOM US,2011-04,2011,4,45260.0
QCOM US,2011-05,2011,5,45260.0
QCOM US,2011-06,2011,6,45260.0
QCOM US,2011-07,2011,7,45260.0
QCOM US,2011-08,2011,8,45260.0
QCOM US,2011-09,2011,9,45260.0
QCOM US,2011-10,2011,10,45260.0
QCOM US,2011-11,2011,11,45260.0
QCOM US,2011-12,2011,12,45260.0
QCOM US,2012-01,2012,1,45260.0
QCOM US,2012-02,2012,2,45260.0
QCOM US,2012-03,2012,3,45260.0
QCOM US,2012-04,2012,4,45260.0
QCOM US,2012-05,2012,5,45260.0
QCOM US,2012-06,2012,6,45260.0
QCOM US,2012-07,2012,7,45260.0
QCOM US,2012-08,2012,8,45260.0
QCOM US,2012-09,2012,9,45260.0
QCOM US,2012-10,2012,10,45260.0
QCOM US,2012-11,2012,11,45260.0
QCOM US,2012-12,2012,12,45260.0
QCOM US,2013-01,2013,1,45260.0
QCOM US,2013-02,2013,2,45260.0
QCOM US,2013-03,2013,3,45260.0
QCOM US,2013-04,2013,4,45260.0
QCOM US,2013-05,2013,5,45260.0
QCOM US,2013-06,2013,6,45260.0
QCOM US,2013-07,2013,7,45260.0
QCOM US,2013-08,2013,8,45260.0
QCOM US,2013-09,2013,9,45260.0
QCOM US,2013-10,2013,10,45260.0
QCOM US,2013-11,2013,11,45260.0
QCOM US,2013-12,2013,12,45260.0
QCOM US,2014-01,2014,1,45260.0
QCOM US,2014-02,2014,2,45260.0
QCOM US,2014-03,2014,3,45260.0
QCOM US,2014-04,2014,4,45260.0
QCOM US,2014-05,2014,5,45260.0
QCOM US,2014-06,2014,6,45260.0
QCOM US,2014-07,2014,7,45260.0
QCOM US,2014-08,2014,8,45260.0
QCOM US,2014-09,2014,9,45260.0
QCOM US,2014-10,2014,10,45260.0
QCOM US,2014-11,2014,11,45260.0
QCOM US,2014-12,2014,12,45260.0
QCOM US,2015-01,2015,1,45260.0
QCOM US,2015-01,2015,1,45260.0
QCOM US,2015-02,2015,2,45260.0
QCOM US,2015-03,2015,3,45260.0
QCOM US,2015-04,2015,4,45260.0
QCOM US,2015-04,2015,4,45260.0
QCOM US,2015-05,2015,5,45260.0
QCOM US,2015-06,2015,6,45260.0
QCOM US,2015-07,2015,7,45260.0
QCOM US,2015-07,2015,7,45260.0
QCOM US,2015-08,2015,8,45260.0
QCOM US,2015-09,2015,9,45260.0
QCOM US,2015-10,2015,10,45260.0
QCOM US,2015-10,2015,10,45260.0
QCOM US,2015-11,2015,11,45260.0
QCOM US,2015-12,2015,12,45260.0
QCOM US,2016-01,2016,1,45260.0
QCOM US,2016-02,2016,2,45260.0
QCOM US,2016-03,2016,3,45260.0
QCOM US,2016-04,2016,4,45260.0
QCOM US,2016-05,2016,5,45260.0
QCOM US,2016-06,2016,6,45260.0
QCOM US,2016-07,2016,7,45260.0
QCOM US,2016-08,2016,8,45260.0
QCOM US,2016-09,2016,9,45260.0
QCOM US,2016-10,2016,10,45260.0
QCOM US,2016-11,2016,11,45260.0
QCOM US,2016-12,2016,12,45260.0
QCOM US,2017-01,2017,1,45260.0
QCOM US,2017-02,2017,2,45260.0
QCOM US,2017-03,2017,3,45260.0
QCOM US,2017-04,2017,4,45260.0
QCOM US,2017-05,2017,5,45260.0
QCOM US,2017-06,2017,6,45260.0
QCOM US,2017-07,2017,7,45260.0
QCOM US,2017-08,2017,8,45260.0
QCOM US,2017-09,2017,9,45260.0
QCOM US,2017-10,2017,10,45260.0
QCOM US,2017-11,2017,11,45260.0
QCOM US,2017-12,2017,12,45260.0
QCOM US,2018-01,2018,1,45260.0
QCOM US,2018-02,2018,2,45260.0
QCOM US,2018-03,2018,3,45260.0
QCOM US,2018-04,2018,4,45260.0
QCOM US,2018-05,2018,5,45260.0
QCOM US,2018-06,2018,6,45260.0
QCOM US,2018-07,2018,7,45260.0
QCOM US,2018-08,2018,8,45260.0
QCOM US,2018-09,2018,9,45260.0
QCOM US,2018-10,2018,10,45260.0
QCOM US,2018-11,2018,11,45260.0
QCOM US,2018-12,2018,12,45260.0
QCOM US,2019-01,2019,1,45260.0
QCOM US,2019-02,2019,2,45260.0
QCOM US,2019-03,2019,3,45260.0
QCOM US,2019-04,2019,4,45260.0
QCOM US,2019-05,2019,5,45260.0
QCOM US,2019-06,2019,6,45260.0
QCOM US,2019-07,2019,7,45260.0
QCOM US,2019-08,2019,8,45260.0
QCOM US,2019-09,2019,9,45260.0
QCOM US,2019-10,2019,10,45260.0
QCOM US,2019-11,2019,11,45260.0
QCOM US,2019-12,2019,12,45260.0
QCOM US,2020-01,2020,1,45260.0
QCOM US,2020-01,2020,1,45260.0
QCOM US,2020-02,2020,2,45260.0
QCOM US,2020-03,2020,3,45260.0
QCOM US,2020-04,2020,4,45260.0
QCOM US,2020-04,2020,4,45260.0
QCOM US,2020-05,2020,5,45260.0
QCOM US,2020-06,2020,6,45260.0
QCOM US,2020-07,2020,7,45260.0
QCOM US,2020-07,2020,7,45260.0
QCOM US,2020-08,2020,8,45260.0
QCOM US,2020-09,2020,9,45260.0
QCOM US,2020-10,2020,10,45260.0
QCOM US,2020-10,2020,10,45260.0
QCOM US,2020-11,2020,11,45260.0
QCOM US,2020-12,2020,12,45260.0
QCOM US,2021-01,2021,1,45260.0
QCOM US,2021-02,2021,2,45260.0
QCOM US,2021-03,2021,3,45260.0
QCOM US,2021-04,2021,4,45260.0
QCOM US,2021-05,2021,5,45260.0
QCOM US,2021-06,2021,6,45260.0
QCOM US,2021-07,2021,7,45260.0
QCOM US,2021-08,2021,8,45260.0
QCOM US,2021-09,2021,9,45260.0
QCOM US,2021-10,2021,10,45260.0
QCOM US,2021-11,2021,11,45260.0
QCOM US,2021-12,2021,12,45260.0
QCOM US,2022-01,2022,1,45260.0
QCOM US,2022-02,2022,2,45260.0
QCOM US,2022-03,2022,3,45260.0
QCOM US,2022-04,2022,4,45260.0
QCOM US,2022-05,2022,5,45260.0
QCOM US,2022-06,2022,6,45260.0
QCOM US,2022-07,2022,7,45260.0
QCOM US,2022-08,2022,8,45260.0
QCOM US,2022-09,2022,9,45260.0
QCOM US,2022-10,2022,10,45260.0
QCOM US,2022-11,2022,11,45260.0
QCOM US,2022-12,2022,12,45260.0
QCOM US,2023-01,2023,1,45260.0
QCOM US,2023-02,2023,2,45260.0
QCOM US,2023-03,2023,3,45260.0
QCOM US,2023-04,2023,4,45260.0
QCOM US,2023-05,2023,5,45260.0
QCOM US,2023-06,2023,6,45260.0
QCOM US,2023-07,2023,7,45260.0
QCOM US,2023-08,2023,8,45260.0
QCOM US,2023-09,2023,9,45260.0
QCOM US,2023-10,2023,10,45260.0
QCOM US,2023-11,2023,11,45260.0
QCOM US,2023-12,2023,12,45260.0
QCOM US,2024-01,2024,1,45260.0
QCOM US,2024-02,2024,2,45260.0
QCOM US,2024-03,2024,3,45260.0
QCOM US,2024-04,2024,4,45260.0
QCOM US,2024-05,2024,5,45260.0
QCOM US,2024-06,2024,6,45260.0
QCOM US,2024-07,2024,7,45260.0
QCOM US,2024-08,2024,8,45260.0
QCOM US,2024-09,2024,9,45260.0
QCOM US,2024-10,2024,10,45260.0
RPRX US,2020-10,2020,10,0.0
RPRX US,2020-11,2020,11,0.0
RPRX US,2020-12,2020,12,0.0
RPRX US,2021-01,2021,1,0.0
RPRX US,2021-02,2021,2,0.0
RPRX US,2021-03,2021,3,0.0
RPRX US,2021-04,2021,4,0.0
RPRX US,2021-05,2021,5,0.0
RPRX US,2021-06,2021,6,0.0
RPRX US,2021-07,2021,7,0.0
RTX US,2020-04,2020,4,52400.0
RTX US,2020-05,2020,5,52400.0
RTX US,2020-06,2020,6,52400.0
RTX US,2020-07,2020,7,52400.0
RTX US,2020-08,2020,8,52400.0
RTX US,2020-09,2020,9,52400.0
RTX US,2020-10,2020,10,52400.0
RTX US,2020-11,2020,11,52400.0
RTX US,2020-12,2020,12,52400.0
RTX US,2021-01,2021,1,52400.0
RTX US,2021-02,2021,2,52400.0
RTX US,2021-03,2021,3,52400.0
RTX US,2021-04,2021,4,52400.0
RTX US,2021-05,2021,5,52400.0
RTX US,2021-06,2021,6,52400.0
RTX US,2021-07,2021,7,52400.0
RTX US,2021-08,2021,8,52400.0
RTX US,2021-09,2021,9,52400.0
RTX US,2021-10,2021,10,52400.0
RTX US,2021-11,2021,11,52400.0
RTX US,2021-12,2021,12,52400.0
RTX US,2022-01,2022,1,52400.0
RTX US,2022-02,2022,2,52400.0
RTX US,2022-03,2022,3,52400.0
RTX US,2022-04,2022,4,52400.0
RTX US,2022-05,2022,5,52400.0
RTX US,2022-06,2022,6,52400.0
RTX US,2022-07,2022,7,52400.0
RTX US,2022-08,2022,8,52400.0
RTX US,2022-09,2022,9,52400.0
RTX US,2022-10,2022,10,52400.0
RTX US,2022-11,2022,11,52400.0
RTX US,2022-12,2022,12,52400.0
RTX US,2023-01,2023,1,52400.0
RTX US,2023-02,2023,2,52400.0
RTX US,2023-03,2023,3,52400.0
RTX US,2023-04,2023,4,52400.0
RTX US,2023-05,2023,5,52400.0
RTX US,2023-06,2023,6,52400.0
RTX US,2023-07,2023,7,52400.0
RTX US,2023-08,2023,8,52400.0
RTX US,2023-09,2023,9,52400.0
RTX US,2023-10,2023,10,52400.0
RTX US,2023-11,2023,11,52400.0
RTX US,2023-12,2023,12,52400.0
RTX US,2024-01,2024,1,52400.0
RTX US,2024-02,2024,2,52400.0
RTX US,2024-03,2024,3,52400.0
RTX US,2024-04,2024,4,52400.0
RTX US,2024-05,2024,5,52400.0
RTX US,2024-06,2024,6,52400.0
RTX US,2024-07,2024,7,52400.0
RTX US,2024-08,2024,8,52400.0
RTX US,2024-09,2024,9,52400.0
RTX US,2024-10,2024,10,52400.0
SHEL US,2021-01,2021,1,97590.0
SHEL US,2021-02,2021,2,97590.0
SHEL US,2021-03,2021,3,97590.0
SHEL US,2021-04,2021,4,97590.0
SHEL US,2021-05,2021,5,97590.0
SHEL US,2021-06,2021,6,97590.0
SHEL US,2021-07,2021,7,97590.0
SHEL US,2021-08,2021,8,97590.0
SHEL US,2021-09,2021,9,97590.0
SHEL US,2021-10,2021,10,97590.0
SHEL US,2021-11,2021,11,97590.0
SHEL US,2021-12,2021,12,97590.0
SHEL US,2022-01,2022,1,97590.0
SHEL US,2022-02,2022,2,97590.0
SHEL US,2022-03,2022,3,97590.0
SHEL US,2022-04,2022,4,97590.0
SHEL US,2022-05,2022,5,97590.0
SHEL US,2022-06,2022,6,97590.0
SHEL US,2022-07,2022,7,97590.0
SHEL US,2022-08,2022,8,97590.0
SHEL US,2022-09,2022,9,97590.0
SHEL US,2022-10,2022,10,97590.0
SHEL US,2022-11,2022,11,97590.0
SHEL US,2022-12,2022,12,97590.0
SHEL US,2023-01,2023,1,97590.0
SHEL US,2023-02,2023,2,97590.0
SHEL US,2023-03,2023,3,97590.0
SHEL US,2023-04,2023,4,97590.0
SHEL US,2023-05,2023,5,97590.0
SHEL US,2023-06,2023,6,97590.0
SHEL US,2023-07,2023,7,97590.0
SHEL US,2023-08,2023,8,97590.0
SHEL US,2023-09,2023,9,97590.0
SHEL US,2023-10,2023,10,97590.0
SHEL US,2023-11,2023,11,97590.0
SHEL US,2023-12,2023,12,97590.0
SHEL US,2024-01,2024,1,97590.0
SHEL US,2024-02,2024,2,97590.0
SHEL US,2024-03,2024,3,97590.0
SHEL US,2024-04,2024,4,97590.0
SHEL US,2024-05,2024,5,97590.0
SHEL US,2024-06,2024,6,97590.0
SHEL US,2024-07,2024,7,97590.0
SHEL US,2024-08,2024,8,97590.0
SHEL US,2024-09,2024,9,97590.0
SHEL US,2024-10,2024,10,97590.0
SPY US,1999-04,1999,4,39400.0
SPY US,1999-05,1999,5,39400.0
SPY US,1999-06,1999,6,39400.0
SPY US,1999-07,1999,7,39400.0
SPY US,1999-08,1999,8,39400.0
SPY US,1999-09,1999,9,39400.0
SPY US,1999-10,1999,10,39400.0
SPY US,1999-11,1999,11,39400.0
SPY US,1999-12,1999,12,39400.0
SPY US,2000-01,2000,1,39400.0
SPY US,2000-02,2000,2,39400.0
SPY US,2000-03,2000,3,39400.0
SPY US,2000-04,2000,4,39400.0
SPY US,2000-05,2000,5,39400.0
SPY US,2000-06,2000,6,39400.0
SPY US,2000-07,2000,7,39400.0
SPY US,2000-08,2000,8,39400.0
SPY US,2000-09,2000,9,39400.0
SPY US,2000-10,2000,10,39400.0
SPY US,2000-11,2000,11,39400.0
SPY US,2000-12,2000,12,39400.0
SPY US,2001-01,2001,1,39400.0
SPY US,2001-02,2001,2,39400.0
SPY US,2001-03,2001,3,39400.0
SPY US,2001-04,2001,4,39400.0
SPY US,2001-05,2001,5,39400.0
SPY US,2001-06,2001,6,39400.0
SPY US,2001-07,2001,7,39400.0
SPY US,2001-08,2001,8,39400.0
SPY US,2001-09,2001,9,39400.0
SPY US,2001-10,2001,10,39400.0
SPY US,2001-11,2001,11,39400.0
SPY US,2001-12,2001,12,39400.0
SPY US,2002-01,2002,1,39400.0
SPY US,2002-02,2002,2,39400.0
SPY US,2002-03,2002,3,39400.0
SPY US,2002-04,2002,4,39400.0
SPY US,2002-05,2002,5,39400.0
SPY US,2002-06,2002,6,39400.0
SPY US,2002-07,2002,7,39400.0
SPY US,2002-08,2002,8,39400.0
SPY US,2002-09,2002,9,39400.0
SPY US,2002-10,2002,10,39400.0
SPY US,2002-11,2002,11,39400.0
SPY US,2002-12,2002,12,39400.0
SPY US,2003-01,2003,1,39400.0
SPY US,2003-02,2003,2,39400.0
SPY US,2003-03,2003,3,39400.0
SPY US,2003-04,2003,4,39400.0
SPY US,2003-05,2003,5,39400.0
SPY US,2003-06,2003,6,39400.0
SPY US,2003-07,2003,7,39400.0
SPY US,2003-08,2003,8,39400.0
SPY US,2003-09,2003,9,39400.0
SPY US,2003-10,2003,10,39400.0
SPY US,2003-11,2003,11,39400.0
SPY US,2003-12,2003,12,39400.0
SPY US,2004-01,2004,1,39400.0
SPY US,2004-02,2004,2,39400.0
SPY US,2004-03,2004,3,39400.0
SPY US,2004-04,2004,4,39400.0
SPY US,2004-05,2004,5,39400.0
SPY US,2004-06,2004,6,39400.0
SPY US,2004-07,2004,7,39400.0
SPY US,2004-08,2004,8,39400.0
SPY US,2004-09,2004,9,39400.0
SPY US,2004-10,2004,10,39400.0
SPY US,2004-11,2004,11,39400.0
SPY US,2004-12,2004,12,39400.0
SPY US,2005-01,2005,1,39400.0
SPY US,2005-02,2005,2,39400.0
SPY US,2005-03,2005,3,39400.0
SPY US,2005-04,2005,4,39400.0
SPY US,2005-05,2005,5,39400.0
SPY US,2005-06,2005,6,39400.0
SPY US,2005-07,2005,7,39400.0
SPY US,2005-08,2005,8,39400.0
SPY US,2005-09,2005,9,39400.0
SPY US,2005-10,2005,10,39400.0
SPY US,2005-11,2005,11,39400.0
SPY US,2005-12,2005,12,39400.0
SPY US,2006-01,2006,1,39400.0
SPY US,2006-02,2006,2,39400.0
SPY US,2006-03,2006,3,39400.0
SPY US,2006-04,2006,4,39400.0
SPY US,2006-05,2006,5,39400.0
SPY US,2006-06,2006,6,39400.0
SPY US,2006-07,2006,7,39400.0
SPY US,2006-08,2006,8,39400.0
SPY US,2006-09,2006,9,39400.0
SPY US,2006-10,2006,10,39400.0
SPY US,2006-11,2006,11,39400.0
SPY US,2006-12,2006,12,39400.0
SPY US,2007-01,2007,1,39400.0
SPY US,2007-02,2007,2,39400.0
SPY US,2007-03,2007,3,39400.0
SPY US,2007-04,2007,4,39400.0
SPY US,2007-05,2007,5,39400.0
SPY US,2007-06,2007,6,39400.0
SPY US,2007-07,2007,7,39400.0
SPY US,2007-08,2007,8,39400.0
SPY US,2007-09,2007,9,39400.0
SPY US,2007-10,2007,10,39400.0
SPY US,2007-11,2007,11,39400.0
SPY US,2007-12,2007,12,39400.0
SPY US,2008-01,2008,1,39400.0
SPY US,2008-02,2008,2,39400.0
SPY US,2008-03,2008,3,39400.0
SPY US,2008-04,2008,4,39400.0
SPY US,2008-05,2008,5,39400.0
SPY US,2008-06,2008,6,39400.0
SPY US,2008-07,2008,7,39400.0
SPY US,2008-08,2008,8,39400.0
SPY US,2008-09,2008,9,39400.0
SPY US,2008-10,2008,10,39400.0
SPY US,2008-11,2008,11,39400.0
SPY US,2008-12,2008,12,39400.0
SPY US,2009-01,2009,1,39400.0
SPY US,2009-02,2009,2,39400.0
SPY US,2009-03,2009,3,39400.0
SPY US,2009-04,2009,4,39400.0
SPY US,2009-05,2009,5,39400.0
SPY US,2009-06,2009,6,39400.0
SPY US,2009-07,2009,7,39400.0
SPY US,2009-08,2009,8,39400.0
SPY US,2009-09,2009,9,39400.0
SPY US,2009-10,2009,10,39400.0
SPY US,2009-11,2009,11,39400.0
SPY US,2009-12,2009,12,39400.0
SPY US,2010-01,2010,1,39400.0
SPY US,2010-02,2010,2,39400.0
SPY US,2010-03,2010,3,39400.0
SPY US,2010-04,2010,4,39400.0
SPY US,2010-05,2010,5,39400.0
SPY US,2010-06,2010,6,39400.0
SPY US,2010-07,2010,7,39400.0
SPY US,2010-08,2010,8,39400.0
SPY US,2010-09,2010,9,39400.0
SPY US,2010-10,2010,10,39400.0
SPY US,2010-11,2010,11,39400.0
SPY US,2010-12,2010,12,39400.0
SPY US,2011-01,2011,1,39400.0
SPY US,2011-02,2011,2,39400.0
SPY US,2011-03,2011,3,39400.0
SPY US,2011-04,2011,4,39400.0
SPY US,2011-05,2011,5,39400.0
SPY US,2011-06,2011,6,39400.0
SPY US,2011-07,2011,7,39400.0
SPY US,2011-08,2011,8,39400.0
SPY US,2011-09,2011,9,39400.0
SPY US,2011-10,2011,10,39400.0
SPY US,2011-11,2011,11,39400.0
SPY US,2011-12,2011,12,39400.0
SPY US,2012-01,2012,1,39400.0
SPY US,2012-02,2012,2,39400.0
SPY US,2012-03,2012,3,39400.0
SPY US,2012-04,2012,4,39400.0
SPY US,2012-05,2012,5,39400.0
SPY US,2012-06,2012,6,39400.0
SPY US,2012-07,2012,7,39400.0
SPY US,2012-08,2012,8,39400.0
SPY US,2012-09,2012,9,39400.0
SPY US,2012-10,2012,10,39400.0
SPY US,2012-11,2012,11,39400.0
SPY US,2012-12,2012,12,39400.0
SPY US,2013-01,2013,1,39400.0
SPY US,2013-02,2013,2,39400.0
SPY US,2013-03,2013,3,39400.0
SPY US,2013-04,2013,4,39400.0
SPY US,2013-05,2013,5,39400.0
SPY US,2013-06,2013,6,39400.0
SPY US,2013-07,2013,7,39400.0
SPY US,2013-08,2013,8,39400.0
SPY US,2013-09,2013,9,39400.0
SPY US,2013-10,2013,10,39400.0
SPY US,2013-11,2013,11,39400.0
SPY US,2013-12,2013,12,39400.0
SPY US,2014-01,2014,1,39400.0
SPY US,2014-02,2014,2,39400.0
SPY US,2014-03,2014,3,39400.0
SPY US,2014-04,2014,4,39400.0
SPY US,2014-05,2014,5,39400.0
SPY US,2014-06,2014,6,39400.0
SPY US,2014-07,2014,7,39400.0
SPY US,2014-08,2014,8,39400.0
SPY US,2014-09,2014,9,39400.0
SPY US,2014-10,2014,10,39400.0
SPY US,2014-11,2014,11,39400.0
SPY US,2014-12,2014,12,39400.0
SPY US,2015-01,2015,1,39400.0
SPY US,2015-02,2015,2,39400.0
SPY US,2015-03,2015,3,39400.0
SPY US,2015-04,2015,4,39400.0
SPY US,2015-05,2015,5,39400.0
SPY US,2015-06,2015,6,39400.0
SPY US,2015-07,2015,7,39400.0
SPY US,2015-08,2015,8,39400.0
SPY US,2015-09,2015,9,39400.0
SPY US,2015-10,2015,10,39400.0
SPY US,2015-11,2015,11,39400.0
SPY US,2015-12,2015,12,39400.0
SPY US,2016-01,2016,1,39400.0
SPY US,2016-02,2016,2,39400.0
SPY US,2016-03,2016,3,39400.0
SPY US,2016-04,2016,4,39400.0
SPY US,2016-05,2016,5,39400.0
SPY US,2016-06,2016,6,39400.0
SPY US,2016-07,2016,7,39400.0
SPY US,2016-08,2016,8,39400.0
SPY US,2016-09,2016,9,39400.0
SPY US,2016-10,2016,10,39400.0
SPY US,2016-11,2016,11,39400.0
SPY US,2016-12,2016,12,39400.0
SPY US,2017-01,2017,1,39400.0
SPY US,2017-02,2017,2,39400.0
SPY US,2017-03,2017,3,39400.0
SPY US,2017-04,2017,4,39400.0
SPY US,2017-05,2017,5,39400.0
SPY US,2017-06,2017,6,39400.0
SPY US,2017-07,2017,7,39400.0
SPY US,2017-08,2017,8,39400.0
SPY US,2017-09,2017,9,39400.0
SPY US,2017-10,2017,10,39400.0
SPY US,2017-11,2017,11,39400.0
SPY US,2017-12,2017,12,39400.0
SPY US,2018-01,2018,1,39400.0
SPY US,2018-02,2018,2,39400.0
SPY US,2018-03,2018,3,39400.0
SPY US,2018-04,2018,4,39400.0
SPY US,2018-05,2018,5,39400.0
SPY US,2018-06,2018,6,39400.0
SPY US,2018-07,2018,7,39400.0
SPY US,2018-08,2018,8,39400.0
SPY US,2018-09,2018,9,39400.0
SPY US,2018-10,2018,10,39400.0
SPY US,2018-11,2018,11,39400.0
SPY US,2018-12,2018,12,39400.0
SPY US,2019-01,2019,1,39400.0
SPY US,2019-02,2019,2,39400.0
SPY US,2019-03,2019,3,39400.0
SPY US,2019-04,2019,4,39400.0
SPY US,2019-05,2019,5,39400.0
SPY US,2019-06,2019,6,39400.0
SPY US,2019-07,2019,7,39400.0
SPY US,2019-08,2019,8,39400.0
SPY US,2019-09,2019,9,39400.0
SPY US,2019-10,2019,10,39400.0
SPY US,2019-11,2019,11,39400.0
SPY US,2019-12,2019,12,39400.0
SPY US,2020-01,2020,1,39400.0
SPY US,2020-02,2020,2,39400.0
SPY US,2020-03,2020,3,39400.0
SPY US,2020-04,2020,4,39400.0
SPY US,2020-05,2020,5,39400.0
SPY US,2020-06,2020,6,39400.0
SPY US,2020-07,2020,7,39400.0
SPY US,2020-08,2020,8,39400.0
SPY US,2020-09,2020,9,39400.0
SPY US,2020-10,2020,10,39400.0
SPY US,2020-11,2020,11,39400.0
SPY US,2020-12,2020,12,39400.0
SPY US,2021-01,2021,1,39400.0
SPY US,2021-02,2021,2,39400.0
SPY US,2021-03,2021,3,39400.0
SPY US,2021-04,2021,4,39400.0
SPY US,2021-05,2021,5,39400.0
SPY US,2021-06,2021,6,39400.0
SPY US,2021-07,2021,7,39400.0
SPY US,2021-08,2021,8,39400.0
SPY US,2021-09,2021,9,39400.0
SPY US,2021-10,2021,10,39400.0
SPY US,2021-11,2021,11,39400.0
SPY US,2021-12,2021,12,39400.0
SPY US,2022-01,2022,1,39400.0
SPY US,2022-02,2022,2,39400.0
SPY US,2022-03,2022,3,39400.0
SPY US,2022-04,2022,4,39400.0
SPY US,2022-05,2022,5,39400.0
SPY US,2022-06,2022,6,39400.0
SPY US,2022-07,2022,7,39400.0
SPY US,2022-08,2022,8,39400.0
SPY US,2022-09,2022,9,39400.0
SPY US,2022-10,2022,10,39400.0
SPY US,2022-11,2022,11,39400.0
SPY US,2022-12,2022,12,39400.0
SPY US,2023-01,2023,1,39400.0
SPY US,2023-02,2023,2,39400.0
SPY US,2023-03,2023,3,39400.0
SPY US,2023-04,2023,4,39400.0
SPY US,2023-05,2023,5,39400.0
SPY US,2023-06,2023,6,39400.0
SPY US,2023-07,2023,7,39400.0
SPY US,2023-08,2023,8,39400.0
SPY US,2023-09,2023,9,39400.0
SPY US,2023-10,2023,10,39400.0
SPY US,2023-11,2023,11,39400.0
SPY US,2023-12,2023,12,39400.0
SPY US,2024-01,2024,1,39400.0
SPY US,2024-02,2024,2,39400.0
SPY US,2024-03,2024,3,39400.0
SPY US,2024-04,2024,4,39400.0
SPY US,2024-05,2024,5,39400.0
SPY US,2024-06,2024,6,39400.0
SPY US,2024-07,2024,7,39400.0
SPY US,2024-08,2024,8,39400.0
SPY US,2024-09,2024,9,39400.0
SPY US,2024-10,2024,10,39400.0
STNE US,2019-01,2019,1,0.0
STNE US,2019-02,2019,2,0.0
STNE US,2019-03,2019,3,0.0
STNE US,2019-04,2019,4,0.0
STNE US,2019-05,2019,5,0.0
STNE US,2019-06,2019,6,0.0
STNE US,2019-07,2019,7,0.0
STNE US,2019-08,2019,8,0.0
STNE US,2019-09,2019,9,0.0
STNE US,2019-10,2019,10,0.0
STNE US,2019-11,2019,11,0.0
STNE US,2019-12,2019,12,0.0
STNE US,2020-01,2020,1,0.0
STNE US,2020-02,2020,2,0.0
STNE US,2020-03,2020,3,0.0
STNE US,2020-04,2020,4,0.0
STNE US,2020-05,2020,5,0.0
STNE US,2020-06,2020,6,0.0
STNE US,2020-07,2020,7,0.0
STNE US,2020-08,2020,8,0.0
STNE US,2020-09,2020,9,0.0
STNE US,2020-10,2020,10,0.0
STNE US,2020-11,2020,11,0.0
STNE US,2020-12,2020,12,0.0
STNE US,2021-01,2021,1,0.0
STNE US,2021-02,2021,2,0.0
STNE US,2021-03,2021,3,0.0
STNE US,2021-04,2021,4,0.0
STNE US,2021-05,2021,5,0.0
STNE US,2021-06,2021,6,0.0
STNE US,2021-07,2021,7,0.0
STNE US,2021-08,2021,8,0.0
STNE US,2021-09,2021,9,0.0
STNE US,2021-10,2021,10,0.0
STNE US,2021-11,2021,11,0.0
STNE US,2021-12,2021,12,0.0
STNE US,2022-01,2022,1,0.0
STNE US,2022-02,2022,2,0.0
STNE US,2022-03,2022,3,0.0
STNE US,2022-04,2022,4,0.0
STNE US,2022-05,2022,5,0.0
STNE US,2022-06,2022,6,0.0
STNE US,2022-07,2022,7,0.0
STNE US,2022-08,2022,8,0.0
STNE US,2022-09,2022,9,0.0
STNE US,2022-10,2022,10,0.0
STNE US,2022-11,2022,11,0.0
STNE US,2022-12,2022,12,0.0
STNE US,2023-01,2023,1,0.0
STNE US,2023-02,2023,2,0.0
STNE US,2023-03,2023,3,0.0
STNE US,2023-04,2023,4,0.0
STNE US,2023-05,2023,5,0.0
STNE US,2023-06,2023,6,0.0
STNE US,2023-07,2023,7,0.0
STNE US,2023-08,2023,8,0.0
STNE US,2023-09,2023,9,0.0
STNE US,2023-10,2023,10,0.0
SYY US,1998-07,1998,7,2000000.0
SYY US,1998-08,1998,8,2000000.0
SYY US,1998-09,1998,9,2000000.0
SYY US,1998-10,1998,10,2000000.0
SYY US,1998-11,1998,11,2000000.0
SYY US,1998-12,1998,12,2000000.0
SYY US,1999-01,1999,1,2000000.0
SYY US,1999-02,1999,2,2000000.0
SYY US,1999-03,1999,3,2000000.0
SYY US,1999-04,1999,4,2760000.0
SYY US,1999-05,1999,5,2760000.0
SYY US,1999-06,1999,6,2760000.0
SYY US,1999-07,1999,7,2760000.0
SYY US,1999-08,1999,8,2760000.0
SYY US,1999-09,1999,9,2760000.0
SYY US,1999-10,1999,10,2760000.0
SYY US,1999-11,1999,11,2760000.0
SYY US,1999-12,1999,12,2760000.0
SYY US,2000-01,2000,1,2760000.0
SYY US,2000-02,2000,2,2760000.0
SYY US,2000-03,2000,3,2760000.0
SYY US,2000-04,2000,4,2760000.0
SYY US,2000-05,2000,5,2760000.0
SYY US,2000-06,2000,6,2760000.0
SYY US,2000-07,2000,7,2760000.0
SYY US,2000-08,2000,8,2760000.0
SYY US,2000-09,2000,9,2760000.0
SYY US,2000-10,2000,10,2760000.0
SYY US,2000-11,2000,11,2760000.0
SYY US,2000-12,2000,12,2760000.0
SYY US,2001-01,2001,1,2760000.0
SYY US,2001-02,2001,2,2760000.0
SYY US,2001-03,2001,3,2760000.0
SYY US,2001-04,2001,4,125000.0
SYY US,2001-05,2001,5,125000.0
SYY US,2001-06,2001,6,125000.0
SYY US,2001-07,2001,7,8930.0
SYY US,2001-08,2001,8,8930.0
SYY US,2001-09,2001,9,8930.0
SYY US,2001-10,2001,10,0.0
SYY US,2001-11,2001,11,0.0
SYY US,2001-12,2001,12,0.0
SYY US,2002-01,2002,1,26790.0
SYY US,2002-02,2002,2,26790.0
SYY US,2002-03,2002,3,26790.0
SYY US,2002-04,2002,4,17860.0
SYY US,2002-05,2002,5,17860.0
SYY US,2002-06,2002,6,17860.0
SYY US,2002-07,2002,7,8930.0
SYY US,2002-08,2002,8,8930.0
SYY US,2002-09,2002,9,8930.0
SYY US,2002-10,2002,10,8930.0
SYY US,2002-11,2002,11,8930.0
SYY US,2002-12,2002,12,8930.0
SYY US,2003-01,2003,1,0.0
SYY US,2003-02,2003,2,0.0
SYY US,2003-03,2003,3,0.0
SYY US,2003-04,2003,4,8930.0
SYY US,2003-05,2003,5,8930.0
SYY US,2003-06,2003,6,8930.0
SYY US,2003-07,2003,7,8930.0
SYY US,2003-08,2003,8,8930.0
SYY US,2003-09,2003,9,8930.0
SYY US,2003-10,2003,10,8930.0
SYY US,2003-11,2003,11,8930.0
SYY US,2003-12,2003,12,8930.0
SYY US,2004-01,2004,1,0.0
SYY US,2004-02,2004,2,0.0
SYY US,2004-03,2004,3,0.0
SYY US,2004-04,2004,4,8930.0
SYY US,2004-05,2004,5,8930.0
SYY US,2004-06,2004,6,8930.0
SYY US,2004-07,2004,7,17860.0
SYY US,2004-08,2004,8,17860.0
SYY US,2004-09,2004,9,17860.0
SYY US,2004-10,2004,10,26790.0
SYY US,2004-11,2004,11,26790.0
SYY US,2004-12,2004,12,26790.0
SYY US,2005-01,2005,1,17860.0
SYY US,2005-02,2005,2,17860.0
SYY US,2005-03,2005,3,17860.0
SYY US,2005-04,2005,4,0.0
SYY US,2005-05,2005,5,0.0
SYY US,2005-06,2005,6,0.0
SYY US,2005-07,2005,7,0.0
SYY US,2005-08,2005,8,0.0
SYY US,2005-09,2005,9,0.0
SYY US,2005-10,2005,10,0.0
SYY US,2005-11,2005,11,0.0
SYY US,2005-12,2005,12,0.0
SYY US,2006-01,2006,1,0.0
SYY US,2006-02,2006,2,0.0
SYY US,2006-03,2006,3,0.0
SYY US,2006-04,2006,4,0.0
SYY US,2006-05,2006,5,0.0
SYY US,2006-06,2006,6,0.0
SYY US,2006-07,2006,7,0.0
SYY US,2006-08,2006,8,0.0
SYY US,2006-09,2006,9,0.0
SYY US,2006-10,2006,10,0.0
SYY US,2006-11,2006,11,0.0
SYY US,2006-12,2006,12,0.0
SYY US,2007-01,2007,1,0.0
SYY US,2007-02,2007,2,0.0
SYY US,2007-03,2007,3,0.0
SYY US,2007-04,2007,4,8930.0
SYY US,2007-05,2007,5,8930.0
SYY US,2007-06,2007,6,8930.0
SYY US,2007-07,2007,7,17860.0
SYY US,2007-08,2007,8,17860.0
SYY US,2007-09,2007,9,17860.0
SYY US,2007-10,2007,10,17860.0
SYY US,2007-11,2007,11,17860.0
SYY US,2007-12,2007,12,17860.0
SYY US,2008-01,2008,1,8930.0
SYY US,2008-02,2008,2,8930.0
SYY US,2008-03,2008,3,8930.0
SYY US,2008-04,2008,4,17860.0
SYY US,2008-05,2008,5,17860.0
SYY US,2008-06,2008,6,17860.0
SYY US,2008-07,2008,7,17860.0
SYY US,2008-08,2008,8,17860.0
SYY US,2008-09,2008,9,17860.0
SYY US,2008-10,2008,10,17860.0
SYY US,2008-11,2008,11,17860.0
SYY US,2008-12,2008,12,17860.0
SYY US,2009-01,2009,1,8930.0
SYY US,2009-02,2009,2,8930.0
SYY US,2009-03,2009,3,8930.0
SYY US,2009-04,2009,4,17860.0
SYY US,2009-05,2009,5,17860.0
SYY US,2009-06,2009,6,17860.0
SYY US,2009-07,2009,7,17860.0
SYY US,2009-08,2009,8,17860.0
SYY US,2009-09,2009,9,17860.0
SYY US,2009-10,2009,10,26790.0
SYY US,2009-11,2009,11,26790.0
SYY US,2009-12,2009,12,26790.0
SYY US,2010-01,2010,1,0.0
SYY US,2010-02,2010,2,0.0
SYY US,2010-03,2010,3,0.0
SYY US,2010-04,2010,4,8930.0
SYY US,2010-05,2010,5,8930.0
SYY US,2010-06,2010,6,8930.0
SYY US,2010-07,2010,7,8930.0
SYY US,2010-08,2010,8,8930.0
SYY US,2010-09,2010,9,8930.0
SYY US,2010-10,2010,10,8930.0
SYY US,2010-11,2010,11,8930.0
SYY US,2010-12,2010,12,8930.0
SYY US,2011-01,2011,1,0.0
SYY US,2011-02,2011,2,0.0
SYY US,2011-03,2011,3,0.0
SYY US,2011-04,2011,4,71430.0
SYY US,2011-05,2011,5,71430.0
SYY US,2011-06,2011,6,71430.0
SYY US,2011-07,2011,7,98210.0
SYY US,2011-08,2011,8,98210.0
SYY US,2011-09,2011,9,98210.0
SYY US,2011-10,2011,10,98210.0
SYY US,2011-11,2011,11,98210.0
SYY US,2011-12,2011,12,98210.0
SYY US,2012-01,2012,1,89290.0
SYY US,2012-02,2012,2,89290.0
SYY US,2012-03,2012,3,89290.0
SYY US,2012-04,2012,4,35710.0
SYY US,2012-05,2012,5,35710.0
SYY US,2012-06,2012,6,35710.0
SYY US,2012-07,2012,7,44640.0
SYY US,2012-08,2012,8,44640.0
SYY US,2012-09,2012,9,44640.0
SYY US,2012-10,2012,10,62500.0
SYY US,2012-11,2012,11,62500.0
SYY US,2012-12,2012,12,62500.0
SYY US,2013-01,2013,1,62500.0
SYY US,2013-02,2013,2,62500.0
SYY US,2013-03,2013,3,62500.0
SYY US,2013-04,2013,4,71430.0
SYY US,2013-05,2013,5,71430.0
SYY US,2013-06,2013,6,71430.0
SYY US,2013-07,2013,7,71430.0
SYY US,2013-08,2013,8,71430.0
SYY US,2013-09,2013,9,71430.0
SYY US,2013-10,2013,10,62500.0
SYY US,2013-11,2013,11,62500.0
SYY US,2013-12,2013,12,62500.0
SYY US,2014-01,2014,1,62500.0
SYY US,2014-02,2014,2,62500.0
SYY US,2014-03,2014,3,62500.0
SYY US,2014-04,2014,4,71430.0
SYY US,2014-05,2014,5,71430.0
SYY US,2014-06,2014,6,71430.0
SYY US,2014-07,2014,7,80360.0
SYY US,2014-08,2014,8,80360.0
SYY US,2014-09,2014,9,80360.0
SYY US,2014-10,2014,10,71430.0
SYY US,2014-11,2014,11,71430.0
SYY US,2014-12,2014,12,71430.0
SYY US,2015-01,2015,1,80360.0
SYY US,2015-02,2015,2,80360.0
SYY US,2015-03,2015,3,80360.0
SYY US,2015-04,2015,4,80360.0
SYY US,2015-05,2015,5,80360.0
SYY US,2015-06,2015,6,80360.0
SYY US,2015-07,2015,7,17860.0
SYY US,2015-08,2015,8,17860.0
SYY US,2015-09,2015,9,17860.0
SYY US,2015-10,2015,10,17860.0
SYY US,2015-11,2015,11,17860.0
SYY US,2015-12,2015,12,17860.0
SYY US,2016-01,2016,1,8930.0
SYY US,2016-02,2016,2,8930.0
SYY US,2016-03,2016,3,8930.0
SYY US,2016-04,2016,4,17860.0
SYY US,2016-05,2016,5,17860.0
SYY US,2016-06,2016,6,17860.0
SYY US,2016-07,2016,7,17860.0
SYY US,2016-08,2016,8,17860.0
SYY US,2016-09,2016,9,17860.0
SYY US,2016-10,2016,10,53570.0
SYY US,2016-11,2016,11,53570.0
SYY US,2016-12,2016,12,53570.0
SYY US,2017-01,2017,1,8930.0
SYY US,2017-02,2017,2,8930.0
SYY US,2017-03,2017,3,8930.0
SYY US,2017-04,2017,4,26790.0
SYY US,2017-05,2017,5,26790.0
SYY US,2017-06,2017,6,26790.0
SYY US,2017-07,2017,7,26790.0
SYY US,2017-08,2017,8,26790.0
SYY US,2017-09,2017,9,26790.0
SYY US,2017-10,2017,10,26790.0
SYY US,2017-11,2017,11,26790.0
SYY US,2017-12,2017,12,26790.0
SYY US,2018-01,2018,1,26790.0
SYY US,2018-02,2018,2,26790.0
SYY US,2018-03,2018,3,26790.0
SYY US,2018-04,2018,4,35710.0
SYY US,2018-05,2018,5,35710.0
SYY US,2018-06,2018,6,35710.0
SYY US,2018-07,2018,7,44640.0
SYY US,2018-08,2018,8,44640.0
SYY US,2018-09,2018,9,44640.0
SYY US,2018-10,2018,10,44640.0
SYY US,2018-11,2018,11,44640.0
SYY US,2018-12,2018,12,44640.0
SYY US,2019-01,2019,1,35710.0
SYY US,2019-02,2019,2,35710.0
SYY US,2019-03,2019,3,35710.0
SYY US,2019-04,2019,4,44640.0
SYY US,2019-05,2019,5,44640.0
SYY US,2019-06,2019,6,44640.0
SYY US,2019-07,2019,7,44640.0
SYY US,2019-08,2019,8,44640.0
SYY US,2019-09,2019,9,44640.0
SYY US,2019-10,2019,10,44640.0
SYY US,2019-11,2019,11,44640.0
SYY US,2019-12,2019,12,44640.0
SYY US,2020-01,2020,1,35710.0
SYY US,2020-02,2020,2,35710.0
SYY US,2020-03,2020,3,35710.0
SYY US,2020-04,2020,4,44640.0
SYY US,2020-05,2020,5,44640.0
SYY US,2020-06,2020,6,44640.0
SYY US,2020-07,2020,7,44640.0
SYY US,2020-08,2020,8,44640.0
SYY US,2020-09,2020,9,44640.0
SYY US,2020-10,2020,10,44640.0
SYY US,2020-11,2020,11,44640.0
SYY US,2020-12,2020,12,44640.0
SYY US,2021-01,2021,1,35710.0
SYY US,2021-02,2021,2,35710.0
SYY US,2021-03,2021,3,35710.0
SYY US,2021-04,2021,4,44640.0
SYY US,2021-05,2021,5,44640.0
SYY US,2021-06,2021,6,44640.0
SYY US,2021-07,2021,7,44640.0
SYY US,2021-08,2021,8,44640.0
SYY US,2021-09,2021,9,44640.0
SYY US,2021-10,2021,10,44640.0
SYY US,2021-11,2021,11,44640.0
SYY US,2021-12,2021,12,44640.0
SYY US,2022-01,2022,1,53570.0
SYY US,2022-02,2022,2,53570.0
SYY US,2022-03,2022,3,53570.0
SYY US,2022-04,2022,4,53570.0
SYY US,2022-05,2022,5,53570.0
SYY US,2022-06,2022,6,53570.0
SYY US,2022-07,2022,7,53570.0
SYY US,2022-08,2022,8,53570.0
SYY US,2022-09,2022,9,53570.0
SYY US,2022-10,2022,10,71430.0
SYY US,2022-11,2022,11,71430.0
SYY US,2022-12,2022,12,71430.0
SYY US,2023-01,2023,1,62500.0
SYY US,2023-02,2023,2,62500.0
SYY US,2023-03,2023,3,62500.0
SYY US,2023-04,2023,4,62500.0
SYY US,2023-05,2023,5,62500.0
SYY US,2023-06,2023,6,62500.0
SYY US,2023-07,2023,7,71430.0
SYY US,2023-08,2023,8,71430.0
SYY US,2023-09,2023,9,71430.0
SYY US,2023-10,2023,10,80360.0
SYY US,2023-11,2023,11,80360.0
SYY US,2023-12,2023,12,80360.0
SYY US,2024-01,2024,1,71430.0
SYY US,2024-02,2024,2,71430.0
SYY US,2024-03,2024,3,71430.0
SYY US,2024-04,2024,4,80360.0
SYY US,2024-05,2024,5,80360.0
SYY US,2024-06,2024,6,80360.0
SYY US,2024-07,2024,7,80360.0
SYY US,2024-08,2024,8,80360.0
SYY US,2024-09,2024,9,80360.0
SYY US,2024-10,2024,10,89290.0
T US,2004-04,2004,4,253870.0
T US,2004-05,2004,5,253870.0
T US,2004-06,2004,6,253870.0
T US,2004-07,2004,7,253870.0
T US,2004-08,2004,8,253870.0
T US,2004-09,2004,9,253870.0
T US,2004-10,2004,10,253870.0
T US,2004-11,2004,11,253870.0
T US,2004-12,2004,12,253870.0
T US,2005-01,2005,1,253870.0
T US,2005-02,2005,2,253870.0
T US,2005-03,2005,3,253870.0
T US,2005-04,2005,4,253870.0
T US,2005-05,2005,5,253870.0
T US,2005-06,2005,6,253870.0
T US,2005-07,2005,7,253870.0
T US,2005-08,2005,8,253870.0
T US,2005-09,2005,9,253870.0
T US,2005-10,2005,10,253870.0
T US,2005-11,2005,11,253870.0
T US,2005-12,2005,12,253870.0
T US,2006-01,2006,1,253870.0
T US,2006-02,2006,2,253870.0
T US,2006-03,2006,3,253870.0
T US,2006-04,2006,4,253870.0
T US,2006-05,2006,5,253870.0
T US,2006-06,2006,6,253870.0
T US,2006-07,2006,7,253870.0
T US,2006-08,2006,8,253870.0
T US,2006-09,2006,9,253870.0
T US,2006-10,2006,10,253870.0
T US,2006-11,2006,11,253870.0
T US,2006-12,2006,12,253870.0
T US,2007-01,2007,1,253870.0
T US,2007-02,2007,2,253870.0
T US,2007-03,2007,3,253870.0
T US,2007-04,2007,4,253870.0
T US,2007-05,2007,5,253870.0
T US,2007-06,2007,6,253870.0
T US,2007-07,2007,7,253870.0
T US,2007-08,2007,8,253870.0
T US,2007-09,2007,9,253870.0
T US,2007-10,2007,10,253870.0
T US,2007-11,2007,11,253870.0
T US,2007-12,2007,12,253870.0
T US,2008-01,2008,1,253870.0
T US,2008-02,2008,2,253870.0
T US,2008-03,2008,3,253870.0
T US,2008-04,2008,4,253870.0
T US,2008-05,2008,5,253870.0
T US,2008-06,2008,6,253870.0
T US,2008-07,2008,7,253870.0
T US,2008-08,2008,8,253870.0
T US,2008-09,2008,9,253870.0
T US,2008-10,2008,10,253870.0
T US,2008-11,2008,11,253870.0
T US,2008-12,2008,12,253870.0
T US,2009-01,2009,1,253870.0
T US,2009-02,2009,2,253870.0
T US,2009-03,2009,3,253870.0
T US,2009-04,2009,4,253870.0
T US,2009-05,2009,5,253870.0
T US,2009-06,2009,6,253870.0
T US,2009-07,2009,7,253870.0
T US,2009-08,2009,8,253870.0
T US,2009-09,2009,9,253870.0
T US,2009-10,2009,10,253870.0
T US,2009-11,2009,11,253870.0
T US,2009-12,2009,12,253870.0
T US,2010-01,2010,1,253870.0
T US,2010-02,2010,2,253870.0
T US,2010-03,2010,3,253870.0
T US,2010-04,2010,4,253870.0
T US,2010-05,2010,5,253870.0
T US,2010-06,2010,6,253870.0
T US,2010-07,2010,7,253870.0
T US,2010-08,2010,8,253870.0
T US,2010-09,2010,9,253870.0
T US,2010-10,2010,10,253870.0
T US,2010-11,2010,11,253870.0
T US,2010-12,2010,12,253870.0
T US,2011-01,2011,1,253870.0
T US,2011-02,2011,2,253870.0
T US,2011-03,2011,3,253870.0
T US,2011-04,2011,4,253870.0
T US,2011-05,2011,5,253870.0
T US,2011-06,2011,6,253870.0
T US,2011-07,2011,7,253870.0
T US,2011-08,2011,8,253870.0
T US,2011-09,2011,9,253870.0
T US,2011-10,2011,10,253870.0
T US,2011-11,2011,11,253870.0
T US,2011-12,2011,12,253870.0
T US,2012-01,2012,1,253870.0
T US,2012-02,2012,2,253870.0
T US,2012-03,2012,3,253870.0
T US,2012-04,2012,4,253870.0
T US,2012-05,2012,5,253870.0
T US,2012-06,2012,6,253870.0
T US,2012-07,2012,7,253870.0
T US,2012-08,2012,8,253870.0
T US,2012-09,2012,9,253870.0
T US,2012-10,2012,10,253870.0
T US,2012-11,2012,11,253870.0
T US,2012-12,2012,12,253870.0
T US,2013-01,2013,1,253870.0
T US,2013-02,2013,2,253870.0
T US,2013-03,2013,3,253870.0
T US,2013-04,2013,4,253870.0
T US,2013-05,2013,5,253870.0
T US,2013-06,2013,6,253870.0
T US,2013-07,2013,7,253870.0
T US,2013-08,2013,8,253870.0
T US,2013-09,2013,9,253870.0
T US,2013-10,2013,10,253870.0
T US,2013-11,2013,11,253870.0
T US,2013-12,2013,12,253870.0
T US,2014-01,2014,1,253870.0
T US,2014-02,2014,2,253870.0
T US,2014-03,2014,3,253870.0
T US,2014-04,2014,4,253870.0
T US,2014-05,2014,5,253870.0
T US,2014-06,2014,6,253870.0
T US,2014-07,2014,7,253870.0
T US,2014-08,2014,8,253870.0
T US,2014-09,2014,9,253870.0
T US,2014-10,2014,10,253870.0
T US,2014-11,2014,11,253870.0
T US,2014-12,2014,12,253870.0
T US,2015-01,2015,1,253870.0
T US,2015-02,2015,2,253870.0
T US,2015-03,2015,3,253870.0
T US,2015-04,2015,4,253870.0
T US,2015-05,2015,5,253870.0
T US,2015-06,2015,6,253870.0
T US,2015-07,2015,7,253870.0
T US,2015-08,2015,8,253870.0
T US,2015-09,2015,9,253870.0
T US,2015-10,2015,10,253870.0
T US,2015-11,2015,11,253870.0
T US,2015-12,2015,12,253870.0
T US,2016-01,2016,1,253870.0
T US,2016-02,2016,2,253870.0
T US,2016-03,2016,3,253870.0
T US,2016-04,2016,4,253870.0
T US,2016-05,2016,5,253870.0
T US,2016-06,2016,6,253870.0
T US,2016-07,2016,7,253870.0
T US,2016-08,2016,8,253870.0
T US,2016-09,2016,9,253870.0
T US,2016-10,2016,10,253870.0
T US,2016-11,2016,11,253870.0
T US,2016-12,2016,12,253870.0
T US,2017-01,2017,1,253870.0
T US,2017-02,2017,2,253870.0
T US,2017-03,2017,3,253870.0
T US,2017-04,2017,4,253870.0
T US,2017-05,2017,5,253870.0
T US,2017-06,2017,6,253870.0
T US,2017-07,2017,7,253870.0
T US,2017-08,2017,8,253870.0
T US,2017-09,2017,9,253870.0
T US,2017-10,2017,10,253870.0
T US,2017-11,2017,11,253870.0
T US,2017-12,2017,12,253870.0
T US,2018-01,2018,1,253870.0
T US,2018-02,2018,2,253870.0
T US,2018-03,2018,3,253870.0
T US,2018-04,2018,4,253870.0
T US,2018-05,2018,5,253870.0
T US,2018-06,2018,6,253870.0
T US,2018-07,2018,7,253870.0
T US,2018-08,2018,8,253870.0
T US,2018-09,2018,9,253870.0
T US,2018-10,2018,10,253870.0
T US,2018-11,2018,11,253870.0
T US,2018-12,2018,12,253870.0
T US,2019-01,2019,1,253870.0
T US,2019-02,2019,2,253870.0
T US,2019-03,2019,3,253870.0
T US,2019-04,2019,4,253870.0
T US,2019-05,2019,5,253870.0
T US,2019-06,2019,6,253870.0
T US,2019-07,2019,7,253870.0
T US,2019-08,2019,8,253870.0
T US,2019-09,2019,9,253870.0
T US,2019-10,2019,10,253870.0
T US,2019-11,2019,11,253870.0
T US,2019-12,2019,12,253870.0
T US,2020-01,2020,1,253870.0
T US,2020-02,2020,2,253870.0
T US,2020-03,2020,3,253870.0
T US,2020-04,2020,4,253870.0
T US,2020-05,2020,5,253870.0
T US,2020-06,2020,6,253870.0
T US,2020-07,2020,7,253870.0
T US,2020-08,2020,8,253870.0
T US,2020-09,2020,9,253870.0
T US,2020-10,2020,10,253870.0
T US,2020-11,2020,11,253870.0
T US,2020-12,2020,12,253870.0
T US,2021-01,2021,1,253870.0
T US,2021-02,2021,2,253870.0
T US,2021-03,2021,3,253870.0
T US,2021-04,2021,4,253870.0
T US,2021-05,2021,5,253870.0
T US,2021-06,2021,6,253870.0
T US,2021-07,2021,7,253870.0
T US,2021-08,2021,8,253870.0
T US,2021-09,2021,9,253870.0
T US,2021-10,2021,10,253870.0
T US,2021-11,2021,11,253870.0
T US,2021-12,2021,12,253870.0
T US,2022-01,2022,1,253870.0
T US,2022-02,2022,2,253870.0
T US,2022-03,2022,3,253870.0
T US,2022-04,2022,4,253870.0
T US,2022-05,2022,5,253870.0
T US,2022-06,2022,6,253870.0
T US,2022-07,2022,7,253870.0
T US,2022-08,2022,8,253870.0
T US,2022-09,2022,9,253870.0
T US,2022-10,2022,10,253870.0
T US,2022-11,2022,11,253870.0
T US,2022-12,2022,12,253870.0
T US,2023-01,2023,1,253870.0
T US,2023-02,2023,2,253870.0
T US,2023-03,2023,3,253870.0
T US,2023-04,2023,4,253870.0
T US,2023-05,2023,5,253870.0
T US,2023-06,2023,6,253870.0
T US,2023-07,2023,7,253870.0
T US,2023-08,2023,8,253870.0
T US,2023-09,2023,9,253870.0
T US,2023-10,2023,10,253870.0
T US,2023-11,2023,11,253870.0
T US,2023-12,2023,12,253870.0
T US,2024-01,2024,1,253870.0
T US,2024-02,2024,2,253870.0
T US,2024-03,2024,3,253870.0
T US,2024-04,2024,4,253870.0
T US,2024-05,2024,5,253870.0
T US,2024-06,2024,6,253870.0
T US,2024-07,2024,7,253870.0
T US,2024-08,2024,8,253870.0
T US,2024-09,2024,9,253870.0
T US,2024-10,2024,10,253870.0
TMUS US,2007-07,2007,7,4670000.0
TMUS US,2007-08,2007,8,4670000.0
TMUS US,2007-09,2007,9,4670000.0
TMUS US,2007-10,2007,10,4670000.0
TMUS US,2007-11,2007,11,4670000.0
TMUS US,2007-12,2007,12,4670000.0
TMUS US,2008-01,2008,1,4670000.0
TMUS US,2008-02,2008,2,4670000.0
TMUS US,2008-03,2008,3,4670000.0
TMUS US,2008-04,2008,4,4670000.0
TMUS US,2008-05,2008,5,4670000.0
TMUS US,2008-06,2008,6,4670000.0
TMUS US,2008-07,2008,7,4670000.0
TMUS US,2008-08,2008,8,4670000.0
TMUS US,2008-09,2008,9,4670000.0
TMUS US,2008-10,2008,10,4670000.0
TMUS US,2008-11,2008,11,4670000.0
TMUS US,2008-12,2008,12,4670000.0
TMUS US,2009-01,2009,1,4670000.0
TMUS US,2009-02,2009,2,4670000.0
TMUS US,2009-03,2009,3,4670000.0
TMUS US,2009-04,2009,4,4670000.0
TMUS US,2009-05,2009,5,4670000.0
TMUS US,2009-06,2009,6,4670000.0
TMUS US,2009-07,2009,7,4670000.0
TMUS US,2009-08,2009,8,4670000.0
TMUS US,2009-09,2009,9,4670000.0
TMUS US,2009-10,2009,10,4670000.0
TMUS US,2009-11,2009,11,4670000.0
TMUS US,2009-12,2009,12,4670000.0
TMUS US,2010-01,2010,1,4670000.0
TMUS US,2010-02,2010,2,4670000.0
TMUS US,2010-03,2010,3,4670000.0
TMUS US,2010-04,2010,4,4670000.0
TMUS US,2010-05,2010,5,4670000.0
TMUS US,2010-06,2010,6,4670000.0
TMUS US,2010-07,2010,7,4670000.0
TMUS US,2010-08,2010,8,4670000.0
TMUS US,2010-09,2010,9,4670000.0
TMUS US,2010-10,2010,10,4670000.0
TMUS US,2010-11,2010,11,4670000.0
TMUS US,2010-12,2010,12,4670000.0
TMUS US,2011-01,2011,1,4670000.0
TMUS US,2011-02,2011,2,4670000.0
TMUS US,2011-03,2011,3,4670000.0
TMUS US,2011-04,2011,4,4670000.0
TMUS US,2011-05,2011,5,4670000.0
TMUS US,2011-06,2011,6,4670000.0
TMUS US,2011-07,2011,7,4670000.0
TMUS US,2011-08,2011,8,4670000.0
TMUS US,2011-09,2011,9,4670000.0
TMUS US,2011-10,2011,10,4670000.0
TMUS US,2011-11,2011,11,4670000.0
TMUS US,2011-12,2011,12,4670000.0
TMUS US,2012-01,2012,1,4670000.0
TMUS US,2012-02,2012,2,4670000.0
TMUS US,2012-03,2012,3,4670000.0
TMUS US,2012-04,2012,4,4670000.0
TMUS US,2012-05,2012,5,4670000.0
TMUS US,2012-06,2012,6,4670000.0
TMUS US,2012-07,2012,7,4670000.0
TMUS US,2012-08,2012,8,4670000.0
TMUS US,2012-09,2012,9,4670000.0
TMUS US,2012-10,2012,10,4670000.0
TMUS US,2012-11,2012,11,4670000.0
TMUS US,2012-12,2012,12,4670000.0
TMUS US,2013-01,2013,1,4670000.0
TMUS US,2013-02,2013,2,4670000.0
TMUS US,2013-03,2013,3,4670000.0
TMUS US,2013-04,2013,4,4670000.0
TMUS US,2013-05,2013,5,4670000.0
TMUS US,2013-06,2013,6,4670000.0
TMUS US,2013-07,2013,7,4670000.0
TMUS US,2013-08,2013,8,4670000.0
TMUS US,2013-09,2013,9,4670000.0
TMUS US,2013-10,2013,10,4670000.0
TMUS US,2013-11,2013,11,4670000.0
TMUS US,2013-12,2013,12,4670000.0
TMUS US,2014-01,2014,1,4670000.0
TMUS US,2014-02,2014,2,4670000.0
TMUS US,2014-03,2014,3,4670000.0
TMUS US,2014-04,2014,4,4670000.0
TMUS US,2014-05,2014,5,4670000.0
TMUS US,2014-06,2014,6,4670000.0
TMUS US,2014-07,2014,7,4670000.0
TMUS US,2014-08,2014,8,4670000.0
TMUS US,2014-09,2014,9,4670000.0
TMUS US,2014-10,2014,10,4670000.0
TMUS US,2014-11,2014,11,4670000.0
TMUS US,2014-12,2014,12,4670000.0
TMUS US,2015-01,2015,1,4670000.0
TMUS US,2015-02,2015,2,4670000.0
TMUS US,2015-03,2015,3,4670000.0
TMUS US,2015-04,2015,4,4670000.0
TMUS US,2015-05,2015,5,4670000.0
TMUS US,2015-06,2015,6,4670000.0
TMUS US,2015-07,2015,7,4670000.0
TMUS US,2015-08,2015,8,4670000.0
TMUS US,2015-09,2015,9,4670000.0
TMUS US,2015-10,2015,10,4670000.0
TMUS US,2015-11,2015,11,4670000.0
TMUS US,2015-12,2015,12,4670000.0
TMUS US,2016-01,2016,1,4670000.0
TMUS US,2016-02,2016,2,4670000.0
TMUS US,2016-03,2016,3,4670000.0
TMUS US,2016-04,2016,4,4670000.0
TMUS US,2016-05,2016,5,4670000.0
TMUS US,2016-06,2016,6,4670000.0
TMUS US,2016-07,2016,7,4670000.0
TMUS US,2016-08,2016,8,4670000.0
TMUS US,2016-09,2016,9,4670000.0
TMUS US,2016-10,2016,10,4670000.0
TMUS US,2016-11,2016,11,4670000.0
TMUS US,2016-12,2016,12,4670000.0
TMUS US,2017-01,2017,1,4670000.0
TMUS US,2017-02,2017,2,4670000.0
TMUS US,2017-03,2017,3,4670000.0
TMUS US,2017-04,2017,4,4670000.0
TMUS US,2017-05,2017,5,4670000.0
TMUS US,2017-06,2017,6,4670000.0
TMUS US,2017-07,2017,7,4670000.0
TMUS US,2017-08,2017,8,4670000.0
TMUS US,2017-09,2017,9,4670000.0
TMUS US,2017-10,2017,10,4670000.0
TMUS US,2017-11,2017,11,4670000.0
TMUS US,2017-12,2017,12,4670000.0
TMUS US,2018-01,2018,1,4670000.0
TMUS US,2018-02,2018,2,4670000.0
TMUS US,2018-03,2018,3,4670000.0
TMUS US,2018-04,2018,4,4670000.0
TMUS US,2018-05,2018,5,4670000.0
TMUS US,2018-06,2018,6,4670000.0
TMUS US,2018-07,2018,7,4670000.0
TMUS US,2018-08,2018,8,4670000.0
TMUS US,2018-09,2018,9,4670000.0
TMUS US,2018-10,2018,10,4670000.0
TMUS US,2018-11,2018,11,4670000.0
TMUS US,2018-12,2018,12,4670000.0
TMUS US,2019-01,2019,1,4670000.0
TMUS US,2019-02,2019,2,4670000.0
TMUS US,2019-03,2019,3,4670000.0
TMUS US,2019-04,2019,4,4670000.0
TMUS US,2019-05,2019,5,4670000.0
TMUS US,2019-06,2019,6,4670000.0
TMUS US,2019-07,2019,7,4670000.0
TMUS US,2019-08,2019,8,4670000.0
TMUS US,2019-09,2019,9,4670000.0
TMUS US,2019-10,2019,10,4670000.0
TMUS US,2019-11,2019,11,4670000.0
TMUS US,2019-12,2019,12,4670000.0
TMUS US,2020-01,2020,1,4670000.0
TMUS US,2020-02,2020,2,4670000.0
TMUS US,2020-03,2020,3,4670000.0
TMUS US,2020-04,2020,4,4670000.0
TMUS US,2020-05,2020,5,4670000.0
TMUS US,2020-06,2020,6,4670000.0
TMUS US,2020-07,2020,7,4670000.0
TMUS US,2020-08,2020,8,4670000.0
TMUS US,2020-09,2020,9,4670000.0
TMUS US,2020-10,2020,10,4670000.0
TMUS US,2020-11,2020,11,4670000.0
TMUS US,2020-12,2020,12,4670000.0
TMUS US,2021-01,2021,1,4670000.0
TMUS US,2021-02,2021,2,4670000.0
TMUS US,2021-03,2021,3,4670000.0
TMUS US,2021-04,2021,4,4670000.0
TMUS US,2021-05,2021,5,4670000.0
TMUS US,2021-06,2021,6,4670000.0
TMUS US,2021-07,2021,7,4670000.0
TMUS US,2021-08,2021,8,4670000.0
TMUS US,2021-09,2021,9,4670000.0
TMUS US,2021-10,2021,10,4670000.0
TMUS US,2021-11,2021,11,4670000.0
TMUS US,2021-12,2021,12,4670000.0
TMUS US,2022-01,2022,1,4670000.0
TMUS US,2022-02,2022,2,4670000.0
TMUS US,2022-03,2022,3,4670000.0
TMUS US,2022-04,2022,4,4670000.0
TMUS US,2022-05,2022,5,4670000.0
TMUS US,2022-06,2022,6,4670000.0
TMUS US,2022-07,2022,7,4670000.0
TMUS US,2022-08,2022,8,4670000.0
TMUS US,2022-09,2022,9,4670000.0
TMUS US,2022-10,2022,10,4670000.0
TMUS US,2022-11,2022,11,4670000.0
TMUS US,2022-12,2022,12,4670000.0
TMUS US,2023-01,2023,1,4670000.0
TMUS US,2023-02,2023,2,4670000.0
TMUS US,2023-03,2023,3,4670000.0
TMUS US,2023-04,2023,4,4670000.0
TMUS US,2023-05,2023,5,4670000.0
TMUS US,2023-06,2023,6,4670000.0
TMUS US,2023-07,2023,7,4670000.0
TMUS US,2023-08,2023,8,4670000.0
TMUS US,2023-09,2023,9,4670000.0
TMUS US,2023-10,2023,10,4670000.0
TMUS US,2023-11,2023,11,4670000.0
TMUS US,2023-12,2023,12,4670000.0
TMUS US,2024-01,2024,1,4670000.0
TMUS US,2024-02,2024,2,4670000.0
TMUS US,2024-03,2024,3,4670000.0
TMUS US,2024-04,2024,4,4670000.0
TMUS US,2024-05,2024,5,4670000.0
TMUS US,2024-06,2024,6,4670000.0
TMUS US,2024-07,2024,7,4670000.0
TMUS US,2024-08,2024,8,4670000.0
TMUS US,2024-09,2024,9,4670000.0
TMUS US,2024-10,2024,10,4670000.0
TXN US,1999-01,1999,1,41370.0
TXN US,1999-02,1999,2,41370.0
TXN US,1999-03,1999,3,41370.0
TXN US,1999-04,1999,4,41370.0
TXN US,1999-05,1999,5,41370.0
TXN US,1999-06,1999,6,41370.0
TXN US,1999-07,1999,7,41370.0
TXN US,1999-08,1999,8,41370.0
TXN US,1999-09,1999,9,41370.0
TXN US,1999-10,1999,10,41370.0
TXN US,1999-11,1999,11,41370.0
TXN US,1999-12,1999,12,41370.0
TXN US,2000-01,2000,1,41370.0
TXN US,2000-02,2000,2,41370.0
TXN US,2000-03,2000,3,41370.0
TXN US,2000-04,2000,4,41370.0
TXN US,2000-05,2000,5,41370.0
TXN US,2000-06,2000,6,41370.0
TXN US,2000-07,2000,7,41370.0
TXN US,2000-08,2000,8,41370.0
TXN US,2000-09,2000,9,41370.0
TXN US,2000-10,2000,10,41370.0
TXN US,2000-11,2000,11,41370.0
TXN US,2000-12,2000,12,41370.0
TXN US,2001-01,2001,1,41370.0
TXN US,2001-02,2001,2,41370.0
TXN US,2001-03,2001,3,41370.0
TXN US,2001-04,2001,4,41370.0
TXN US,2001-05,2001,5,41370.0
TXN US,2001-06,2001,6,41370.0
TXN US,2001-07,2001,7,41370.0
TXN US,2001-08,2001,8,41370.0
TXN US,2001-09,2001,9,41370.0
TXN US,2001-10,2001,10,41370.0
TXN US,2001-11,2001,11,41370.0
TXN US,2001-12,2001,12,41370.0
TXN US,2002-01,2002,1,41370.0
TXN US,2002-02,2002,2,41370.0
TXN US,2002-03,2002,3,41370.0
TXN US,2002-04,2002,4,41370.0
TXN US,2002-05,2002,5,41370.0
TXN US,2002-06,2002,6,41370.0
TXN US,2002-07,2002,7,41370.0
TXN US,2002-08,2002,8,41370.0
TXN US,2002-09,2002,9,41370.0
TXN US,2002-10,2002,10,41370.0
TXN US,2002-11,2002,11,41370.0
TXN US,2002-12,2002,12,41370.0
TXN US,2003-01,2003,1,41370.0
TXN US,2003-02,2003,2,41370.0
TXN US,2003-03,2003,3,41370.0
TXN US,2003-04,2003,4,41370.0
TXN US,2003-05,2003,5,41370.0
TXN US,2003-06,2003,6,41370.0
TXN US,2003-07,2003,7,41370.0
TXN US,2003-08,2003,8,41370.0
TXN US,2003-09,2003,9,41370.0
TXN US,2003-10,2003,10,41370.0
TXN US,2003-11,2003,11,41370.0
TXN US,2003-12,2003,12,41370.0
TXN US,2004-01,2004,1,41370.0
TXN US,2004-02,2004,2,41370.0
TXN US,2004-03,2004,3,41370.0
TXN US,2004-04,2004,4,41370.0
TXN US,2004-05,2004,5,41370.0
TXN US,2004-06,2004,6,41370.0
TXN US,2004-07,2004,7,41370.0
TXN US,2004-08,2004,8,41370.0
TXN US,2004-09,2004,9,41370.0
TXN US,2004-10,2004,10,41370.0
TXN US,2004-11,2004,11,41370.0
TXN US,2004-12,2004,12,41370.0
TXN US,2005-01,2005,1,41370.0
TXN US,2005-02,2005,2,41370.0
TXN US,2005-03,2005,3,41370.0
TXN US,2005-04,2005,4,41370.0
TXN US,2005-05,2005,5,41370.0
TXN US,2005-06,2005,6,41370.0
TXN US,2005-07,2005,7,41370.0
TXN US,2005-08,2005,8,41370.0
TXN US,2005-09,2005,9,41370.0
TXN US,2005-10,2005,10,41370.0
TXN US,2005-11,2005,11,41370.0
TXN US,2005-12,2005,12,41370.0
TXN US,2006-01,2006,1,41370.0
TXN US,2006-02,2006,2,41370.0
TXN US,2006-03,2006,3,41370.0
TXN US,2006-04,2006,4,41370.0
TXN US,2006-05,2006,5,41370.0
TXN US,2006-06,2006,6,41370.0
TXN US,2006-07,2006,7,41370.0
TXN US,2006-08,2006,8,41370.0
TXN US,2006-09,2006,9,41370.0
TXN US,2006-10,2006,10,41370.0
TXN US,2006-11,2006,11,41370.0
TXN US,2006-12,2006,12,41370.0
TXN US,2007-01,2007,1,41370.0
TXN US,2007-02,2007,2,41370.0
TXN US,2007-03,2007,3,41370.0
TXN US,2007-04,2007,4,41370.0
TXN US,2007-05,2007,5,41370.0
TXN US,2007-06,2007,6,41370.0
TXN US,2007-07,2007,7,41370.0
TXN US,2007-08,2007,8,41370.0
TXN US,2007-09,2007,9,41370.0
TXN US,2007-10,2007,10,41370.0
TXN US,2007-11,2007,11,41370.0
TXN US,2007-12,2007,12,41370.0
TXN US,2008-01,2008,1,41370.0
TXN US,2008-02,2008,2,41370.0
TXN US,2008-03,2008,3,41370.0
TXN US,2008-04,2008,4,41370.0
TXN US,2008-05,2008,5,41370.0
TXN US,2008-06,2008,6,41370.0
TXN US,2008-07,2008,7,41370.0
TXN US,2008-08,2008,8,41370.0
TXN US,2008-09,2008,9,41370.0
TXN US,2008-10,2008,10,41370.0
TXN US,2008-11,2008,11,41370.0
TXN US,2008-12,2008,12,41370.0
TXN US,2009-01,2009,1,41370.0
TXN US,2009-02,2009,2,41370.0
TXN US,2009-03,2009,3,41370.0
TXN US,2009-04,2009,4,41370.0
TXN US,2009-05,2009,5,41370.0
TXN US,2009-06,2009,6,41370.0
TXN US,2009-07,2009,7,41370.0
TXN US,2009-08,2009,8,41370.0
TXN US,2009-09,2009,9,41370.0
TXN US,2009-10,2009,10,41370.0
TXN US,2009-11,2009,11,41370.0
TXN US,2009-12,2009,12,41370.0
TXN US,2010-01,2010,1,41370.0
TXN US,2010-02,2010,2,41370.0
TXN US,2010-03,2010,3,41370.0
TXN US,2010-04,2010,4,41370.0
TXN US,2010-05,2010,5,41370.0
TXN US,2010-06,2010,6,41370.0
TXN US,2010-07,2010,7,41370.0
TXN US,2010-08,2010,8,41370.0
TXN US,2010-09,2010,9,41370.0
TXN US,2010-10,2010,10,41370.0
TXN US,2010-11,2010,11,41370.0
TXN US,2010-12,2010,12,41370.0
TXN US,2011-01,2011,1,41370.0
TXN US,2011-02,2011,2,41370.0
TXN US,2011-03,2011,3,41370.0
TXN US,2011-04,2011,4,41370.0
TXN US,2011-05,2011,5,41370.0
TXN US,2011-06,2011,6,41370.0
TXN US,2011-07,2011,7,41370.0
TXN US,2011-08,2011,8,41370.0
TXN US,2011-09,2011,9,41370.0
TXN US,2011-10,2011,10,41370.0
TXN US,2011-11,2011,11,41370.0
TXN US,2011-12,2011,12,41370.0
TXN US,2012-01,2012,1,41370.0
TXN US,2012-02,2012,2,41370.0
TXN US,2012-03,2012,3,41370.0
TXN US,2012-04,2012,4,41370.0
TXN US,2012-05,2012,5,41370.0
TXN US,2012-06,2012,6,41370.0
TXN US,2012-07,2012,7,41370.0
TXN US,2012-08,2012,8,41370.0
TXN US,2012-09,2012,9,41370.0
TXN US,2012-10,2012,10,41370.0
TXN US,2012-11,2012,11,41370.0
TXN US,2012-12,2012,12,41370.0
TXN US,2013-01,2013,1,41370.0
TXN US,2013-02,2013,2,41370.0
TXN US,2013-03,2013,3,41370.0
TXN US,2013-04,2013,4,41370.0
TXN US,2013-05,2013,5,41370.0
TXN US,2013-06,2013,6,41370.0
TXN US,2013-07,2013,7,41370.0
TXN US,2013-08,2013,8,41370.0
TXN US,2013-09,2013,9,41370.0
TXN US,2013-10,2013,10,41370.0
TXN US,2013-11,2013,11,41370.0
TXN US,2013-12,2013,12,41370.0
TXN US,2014-01,2014,1,41370.0
TXN US,2014-02,2014,2,41370.0
TXN US,2014-03,2014,3,41370.0
TXN US,2014-04,2014,4,41370.0
TXN US,2014-05,2014,5,41370.0
TXN US,2014-06,2014,6,41370.0
TXN US,2014-07,2014,7,41370.0
TXN US,2014-08,2014,8,41370.0
TXN US,2014-09,2014,9,41370.0
TXN US,2014-10,2014,10,41370.0
TXN US,2014-11,2014,11,41370.0
TXN US,2014-12,2014,12,41370.0
TXN US,2015-01,2015,1,41370.0
TXN US,2015-02,2015,2,41370.0
TXN US,2015-03,2015,3,41370.0
TXN US,2015-04,2015,4,41370.0
TXN US,2015-05,2015,5,41370.0
TXN US,2015-06,2015,6,41370.0
TXN US,2015-07,2015,7,41370.0
TXN US,2015-08,2015,8,41370.0
TXN US,2015-09,2015,9,41370.0
TXN US,2015-10,2015,10,41370.0
TXN US,2015-11,2015,11,41370.0
TXN US,2015-12,2015,12,41370.0
TXN US,2016-01,2016,1,41370.0
TXN US,2016-02,2016,2,41370.0
TXN US,2016-03,2016,3,41370.0
TXN US,2016-04,2016,4,41370.0
TXN US,2016-05,2016,5,41370.0
TXN US,2016-06,2016,6,41370.0
TXN US,2016-07,2016,7,41370.0
TXN US,2016-08,2016,8,41370.0
TXN US,2016-09,2016,9,41370.0
TXN US,2016-10,2016,10,41370.0
TXN US,2016-11,2016,11,41370.0
TXN US,2016-12,2016,12,41370.0
TXN US,2017-01,2017,1,41370.0
TXN US,2017-02,2017,2,41370.0
TXN US,2017-03,2017,3,41370.0
TXN US,2017-04,2017,4,41370.0
TXN US,2017-05,2017,5,41370.0
TXN US,2017-06,2017,6,41370.0
TXN US,2017-07,2017,7,41370.0
TXN US,2017-08,2017,8,41370.0
TXN US,2017-09,2017,9,41370.0
TXN US,2017-10,2017,10,41370.0
TXN US,2017-11,2017,11,41370.0
TXN US,2017-12,2017,12,41370.0
TXN US,2018-01,2018,1,41370.0
TXN US,2018-02,2018,2,41370.0
TXN US,2018-03,2018,3,41370.0
TXN US,2018-04,2018,4,41370.0
TXN US,2018-05,2018,5,41370.0
TXN US,2018-06,2018,6,41370.0
TXN US,2018-07,2018,7,41370.0
TXN US,2018-08,2018,8,41370.0
TXN US,2018-09,2018,9,41370.0
TXN US,2018-10,2018,10,41370.0
TXN US,2018-11,2018,11,41370.0
TXN US,2018-12,2018,12,41370.0
TXN US,2019-01,2019,1,41370.0
TXN US,2019-02,2019,2,41370.0
TXN US,2019-03,2019,3,41370.0
TXN US,2019-04,2019,4,41370.0
TXN US,2019-05,2019,5,41370.0
TXN US,2019-06,2019,6,41370.0
TXN US,2019-07,2019,7,41370.0
TXN US,2019-08,2019,8,41370.0
TXN US,2019-09,2019,9,41370.0
TXN US,2019-10,2019,10,41370.0
TXN US,2019-11,2019,11,41370.0
TXN US,2019-12,2019,12,41370.0
TXN US,2020-01,2020,1,41370.0
TXN US,2020-02,2020,2,41370.0
TXN US,2020-03,2020,3,41370.0
TXN US,2020-04,2020,4,41370.0
TXN US,2020-05,2020,5,41370.0
TXN US,2020-06,2020,6,41370.0
TXN US,2020-07,2020,7,41370.0
TXN US,2020-08,2020,8,41370.0
TXN US,2020-09,2020,9,41370.0
TXN US,2020-10,2020,10,41370.0
TXN US,2020-11,2020,11,41370.0
TXN US,2020-12,2020,12,41370.0
TXN US,2021-01,2021,1,41370.0
TXN US,2021-02,2021,2,41370.0
TXN US,2021-03,2021,3,41370.0
TXN US,2021-04,2021,4,41370.0
TXN US,2021-05,2021,5,41370.0
TXN US,2021-06,2021,6,41370.0
TXN US,2021-07,2021,7,41370.0
TXN US,2021-08,2021,8,41370.0
TXN US,2021-09,2021,9,41370.0
TXN US,2021-10,2021,10,41370.0
TXN US,2021-11,2021,11,41370.0
TXN US,2021-12,2021,12,41370.0
TXN US,2022-01,2022,1,41370.0
TXN US,2022-02,2022,2,41370.0
TXN US,2022-03,2022,3,41370.0
TXN US,2022-04,2022,4,41370.0
TXN US,2022-05,2022,5,41370.0
TXN US,2022-06,2022,6,41370.0
TXN US,2022-07,2022,7,41370.0
TXN US,2022-08,2022,8,41370.0
TXN US,2022-09,2022,9,41370.0
TXN US,2022-10,2022,10,41370.0
TXN US,2022-11,2022,11,41370.0
TXN US,2022-12,2022,12,41370.0
TXN US,2023-01,2023,1,41370.0
TXN US,2023-02,2023,2,41370.0
TXN US,2023-03,2023,3,41370.0
TXN US,2023-04,2023,4,41370.0
TXN US,2023-05,2023,5,41370.0
TXN US,2023-06,2023,6,41370.0
TXN US,2023-07,2023,7,41370.0
TXN US,2023-08,2023,8,41370.0
TXN US,2023-09,2023,9,41370.0
TXN US,2023-10,2023,10,41370.0
TXN US,2023-11,2023,11,41370.0
TXN US,2023-12,2023,12,41370.0
TXN US,2024-01,2024,1,41370.0
TXN US,2024-02,2024,2,41370.0
TXN US,2024-03,2024,3,41370.0
TXN US,2024-04,2024,4,41370.0
TXN US,2024-05,2024,5,41370.0
TXN US,2024-06,2024,6,41370.0
TXN US,2024-07,2024,7,41370.0
TXN US,2024-08,2024,8,41370.0
TXN US,2024-09,2024,9,41370.0
TXN US,2024-10,2024,10,41370.0
UL US Equity,2007-04,2007,4,99670.0
UL US Equity,2007-05,2007,5,99670.0
UL US Equity,2007-06,2007,6,99670.0
UL US Equity,2007-07,2007,7,99670.0
UL US Equity,2007-08,2007,8,99670.0
UL US Equity,2007-09,2007,9,99670.0
UL US Equity,2007-10,2007,10,99670.0
UL US Equity,2007-11,2007,11,99670.0
UL US Equity,2007-12,2007,12,99670.0
UL US Equity,2008-01,2008,1,99670.0
UL US Equity,2008-02,2008,2,99670.0
UL US Equity,2008-03,2008,3,99670.0
UL US Equity,2008-04,2008,4,99670.0
UL US Equity,2008-05,2008,5,99670.0
UL US Equity,2008-06,2008,6,99670.0
UL US Equity,2008-07,2008,7,99670.0
UL US Equity,2008-08,2008,8,99670.0
UL US Equity,2008-09,2008,9,99670.0
UL US Equity,2008-10,2008,10,99670.0
UL US Equity,2008-11,2008,11,99670.0
UL US Equity,2008-12,2008,12,99670.0
UL US Equity,2009-01,2009,1,99670.0
UL US Equity,2009-02,2009,2,99670.0
UL US Equity,2009-03,2009,3,99670.0
UL US Equity,2009-04,2009,4,99670.0
UL US Equity,2009-05,2009,5,99670.0
UL US Equity,2009-06,2009,6,99670.0
UL US Equity,2009-07,2009,7,99670.0
UL US Equity,2009-08,2009,8,99670.0
UL US Equity,2009-09,2009,9,99670.0
UL US Equity,2009-10,2009,10,99670.0
UL US Equity,2009-11,2009,11,99670.0
UL US Equity,2009-12,2009,12,99670.0
UL US Equity,2010-01,2010,1,99670.0
UL US Equity,2010-02,2010,2,99670.0
UL US Equity,2010-03,2010,3,99670.0
UL US Equity,2010-04,2010,4,99670.0
UL US Equity,2010-05,2010,5,99670.0
UL US Equity,2010-06,2010,6,99670.0
UL US Equity,2010-07,2010,7,99670.0
UL US Equity,2010-08,2010,8,99670.0
UL US Equity,2010-09,2010,9,99670.0
UL US Equity,2010-10,2010,10,99670.0
UL US Equity,2010-11,2010,11,99670.0
UL US Equity,2010-12,2010,12,99670.0
UL US Equity,2011-01,2011,1,99670.0
UL US Equity,2011-02,2011,2,99670.0
UL US Equity,2011-03,2011,3,99670.0
UL US Equity,2011-04,2011,4,99670.0
UL US Equity,2011-05,2011,5,99670.0
UL US Equity,2011-06,2011,6,99670.0
UL US Equity,2011-07,2011,7,99670.0
UL US Equity,2011-08,2011,8,99670.0
UL US Equity,2011-09,2011,9,99670.0
UL US Equity,2011-10,2011,10,99670.0
UL US Equity,2011-11,2011,11,99670.0
UL US Equity,2011-12,2011,12,99670.0
UL US Equity,2012-01,2012,1,99670.0
UL US Equity,2012-02,2012,2,99670.0
UL US Equity,2012-03,2012,3,99670.0
UL US Equity,2012-04,2012,4,99670.0
UL US Equity,2012-05,2012,5,99670.0
UL US Equity,2012-06,2012,6,99670.0
UL US Equity,2012-07,2012,7,99670.0
UL US Equity,2012-08,2012,8,99670.0
UL US Equity,2012-09,2012,9,99670.0
UL US Equity,2012-10,2012,10,99670.0
UL US Equity,2012-11,2012,11,99670.0
UL US Equity,2012-12,2012,12,99670.0
UL US Equity,2013-01,2013,1,99670.0
UL US Equity,2013-02,2013,2,99670.0
UL US Equity,2013-03,2013,3,99670.0
UL US Equity,2013-04,2013,4,99670.0
UL US Equity,2013-05,2013,5,99670.0
UL US Equity,2013-06,2013,6,99670.0
UL US Equity,2013-07,2013,7,99670.0
UL US Equity,2013-08,2013,8,99670.0
UL US Equity,2013-09,2013,9,99670.0
UL US Equity,2013-10,2013,10,99670.0
UL US Equity,2013-11,2013,11,99670.0
UL US Equity,2013-12,2013,12,99670.0
UL US Equity,2014-01,2014,1,99670.0
UL US Equity,2014-02,2014,2,99670.0
UL US Equity,2014-03,2014,3,99670.0
UL US Equity,2014-04,2014,4,99670.0
UL US Equity,2014-05,2014,5,99670.0
UL US Equity,2014-06,2014,6,99670.0
UL US Equity,2014-07,2014,7,99670.0
UL US Equity,2014-08,2014,8,99670.0
UL US Equity,2014-09,2014,9,99670.0
UL US Equity,2014-10,2014,10,99670.0
UL US Equity,2014-11,2014,11,99670.0
UL US Equity,2014-12,2014,12,99670.0
UL US Equity,2015-01,2015,1,99670.0
UL US Equity,2015-02,2015,2,99670.0
UL US Equity,2015-03,2015,3,99670.0
UL US Equity,2015-04,2015,4,99670.0
UL US Equity,2015-05,2015,5,99670.0
UL US Equity,2015-06,2015,6,99670.0
UL US Equity,2015-07,2015,7,99670.0
UL US Equity,2015-08,2015,8,99670.0
UL US Equity,2015-09,2015,9,99670.0
UL US Equity,2015-10,2015,10,99670.0
UL US Equity,2015-11,2015,11,99670.0
UL US Equity,2015-12,2015,12,99670.0
UL US Equity,2016-01,2016,1,99670.0
UL US Equity,2016-02,2016,2,99670.0
UL US Equity,2016-03,2016,3,99670.0
UL US Equity,2016-04,2016,4,99670.0
UL US Equity,2016-05,2016,5,99670.0
UL US Equity,2016-06,2016,6,99670.0
UL US Equity,2016-07,2016,7,99670.0
UL US Equity,2016-08,2016,8,99670.0
UL US Equity,2016-09,2016,9,99670.0
UL US Equity,2016-10,2016,10,99670.0
UL US Equity,2016-11,2016,11,99670.0
UL US Equity,2016-12,2016,12,99670.0
UL US Equity,2017-01,2017,1,99670.0
UL US Equity,2017-02,2017,2,99670.0
UL US Equity,2017-03,2017,3,99670.0
UL US Equity,2017-04,2017,4,99670.0
UL US Equity,2017-05,2017,5,99670.0
UL US Equity,2017-06,2017,6,99670.0
UL US Equity,2017-07,2017,7,99670.0
UL US Equity,2017-08,2017,8,99670.0
UL US Equity,2017-09,2017,9,99670.0
UL US Equity,2017-10,2017,10,99670.0
UL US Equity,2017-11,2017,11,99670.0
UL US Equity,2017-12,2017,12,99670.0
UL US Equity,2018-01,2018,1,99670.0
UL US Equity,2018-02,2018,2,99670.0
UL US Equity,2018-03,2018,3,99670.0
UL US Equity,2018-04,2018,4,99670.0
UL US Equity,2018-05,2018,5,99670.0
UL US Equity,2018-06,2018,6,99670.0
UL US Equity,2018-07,2018,7,99670.0
UL US Equity,2018-08,2018,8,99670.0
UL US Equity,2018-09,2018,9,99670.0
UL US Equity,2018-10,2018,10,99670.0
UL US Equity,2018-11,2018,11,99670.0
UL US Equity,2018-12,2018,12,99670.0
UL US Equity,2019-01,2019,1,99670.0
UL US Equity,2019-02,2019,2,99670.0
UL US Equity,2019-03,2019,3,99670.0
UL US Equity,2019-04,2019,4,99670.0
UL US Equity,2019-05,2019,5,99670.0
UL US Equity,2019-06,2019,6,99670.0
UL US Equity,2019-07,2019,7,99670.0
UL US Equity,2019-08,2019,8,99670.0
UL US Equity,2019-09,2019,9,99670.0
UL US Equity,2019-10,2019,10,99670.0
UL US Equity,2019-11,2019,11,99670.0
UL US Equity,2019-12,2019,12,99670.0
UL US Equity,2020-01,2020,1,99670.0
UL US Equity,2020-02,2020,2,99670.0
UL US Equity,2020-03,2020,3,99670.0
UL US Equity,2020-04,2020,4,99670.0
UL US Equity,2020-05,2020,5,99670.0
UL US Equity,2020-06,2020,6,99670.0
UL US Equity,2020-07,2020,7,99670.0
UL US Equity,2020-08,2020,8,99670.0
UL US Equity,2020-09,2020,9,99670.0
UL US Equity,2020-10,2020,10,99670.0
UL US Equity,2020-11,2020,11,99670.0
UL US Equity,2020-12,2020,12,99670.0
UL US Equity,2021-01,2021,1,99670.0
UL US Equity,2021-02,2021,2,99670.0
UL US Equity,2021-03,2021,3,99670.0
UL US Equity,2021-04,2021,4,99670.0
UL US Equity,2021-05,2021,5,99670.0
UL US Equity,2021-06,2021,6,99670.0
UL US Equity,2021-07,2021,7,99670.0
UL US Equity,2021-08,2021,8,99670.0
UL US Equity,2021-09,2021,9,99670.0
UL US Equity,2021-10,2021,10,99670.0
UL US Equity,2021-11,2021,11,99670.0
UL US Equity,2021-12,2021,12,99670.0
UL US Equity,2022-01,2022,1,99670.0
UL US Equity,2022-02,2022,2,99670.0
UL US Equity,2022-03,2022,3,99670.0
UL US Equity,2022-04,2022,4,99670.0
UL US Equity,2022-05,2022,5,99670.0
UL US Equity,2022-06,2022,6,99670.0
UL US Equity,2022-07,2022,7,99670.0
UL US Equity,2022-08,2022,8,99670.0
UL US Equity,2022-09,2022,9,99670.0
UL US Equity,2022-10,2022,10,99670.0
UL US Equity,2022-11,2022,11,99670.0
UL US Equity,2022-12,2022,12,99670.0
UL US Equity,2023-01,2023,1,99670.0
UL US Equity,2023-02,2023,2,99670.0
UL US Equity,2023-03,2023,3,99670.0
UL US Equity,2023-04,2023,4,99670.0
UL US Equity,2023-05,2023,5,99670.0
UL US Equity,2023-06,2023,6,99670.0
UL US Equity,2023-07,2023,7,99670.0
UL US Equity,2023-08,2023,8,99670.0
UL US Equity,2023-09,2023,9,99670.0
UL US Equity,2023-10,2023,10,99670.0
UL US Equity,2023-11,2023,11,99670.0
UL US Equity,2023-12,2023,12,99670.0
UL US Equity,2024-01,2024,1,99670.0
UL US Equity,2024-02,2024,2,99670.0
UL US Equity,2024-03,2024,3,99670.0
UL US Equity,2024-04,2024,4,99670.0
UL US Equity,2024-05,2024,5,99670.0
UL US Equity,2024-06,2024,6,99670.0
UL US Equity,2024-07,2024,7,99670.0
UL US Equity,2024-08,2024,8,99670.0
UL US Equity,2024-09,2024,9,99670.0
UL US Equity,2024-10,2024,10,99670.0
ULTA US,2024-06,2024,6,
ULTA US,2024-06,2024,6,
ULTA US,2024-06,2024,6,
ULTA US,2024-06,2024,6,
ULTA US,2024-07,2024,7,
ULTA US,2024-07,2024,7,
ULTA US,2024-07,2024,7,
ULTA US,2024-07,2024,7,
ULTA US,2024-08,2024,8,
ULTA US,2024-08,2024,8,
ULTA US,2024-08,2024,8,
ULTA US,2024-08,2024,8,
ULTA US,2024-09,2024,9,
USB US,2000-01,2000,1,187610.0
USB US,2000-02,2000,2,187610.0
USB US,2000-03,2000,3,187610.0
USB US,2000-04,2000,4,187610.0
USB US,2000-05,2000,5,187610.0
USB US,2000-06,2000,6,187610.0
USB US,2000-07,2000,7,187610.0
USB US,2000-08,2000,8,187610.0
USB US,2000-09,2000,9,187610.0
USB US,2000-10,2000,10,187610.0
USB US,2000-11,2000,11,187610.0
USB US,2000-12,2000,12,187610.0
USB US,2001-01,2001,1,187610.0
USB US,2001-02,2001,2,187610.0
USB US,2001-03,2001,3,187610.0
USB US,2001-04,2001,4,187610.0
USB US,2001-05,2001,5,187610.0
USB US,2001-06,2001,6,187610.0
USB US,2001-07,2001,7,187610.0
USB US,2001-08,2001,8,187610.0
USB US,2001-09,2001,9,187610.0
USB US,2001-10,2001,10,187610.0
USB US,2001-11,2001,11,187610.0
USB US,2001-12,2001,12,187610.0
USB US,2002-01,2002,1,187610.0
USB US,2002-02,2002,2,187610.0
USB US,2002-03,2002,3,187610.0
USB US,2002-04,2002,4,187610.0
USB US,2002-05,2002,5,187610.0
USB US,2002-06,2002,6,187610.0
USB US,2002-07,2002,7,187610.0
USB US,2002-08,2002,8,187610.0
USB US,2002-09,2002,9,187610.0
USB US,2002-10,2002,10,187610.0
USB US,2002-11,2002,11,187610.0
USB US,2002-12,2002,12,187610.0
USB US,2003-01,2003,1,187610.0
USB US,2003-02,2003,2,187610.0
USB US,2003-03,2003,3,187610.0
USB US,2003-04,2003,4,187610.0
USB US,2003-05,2003,5,187610.0
USB US,2003-06,2003,6,187610.0
USB US,2003-07,2003,7,187610.0
USB US,2003-08,2003,8,187610.0
USB US,2003-09,2003,9,187610.0
USB US,2003-10,2003,10,187610.0
USB US,2003-11,2003,11,187610.0
USB US,2003-12,2003,12,187610.0
USB US,2004-01,2004,1,187610.0
USB US,2004-02,2004,2,187610.0
USB US,2004-03,2004,3,187610.0
USB US,2004-04,2004,4,187610.0
USB US,2004-05,2004,5,187610.0
USB US,2004-06,2004,6,187610.0
USB US,2004-07,2004,7,187610.0
USB US,2004-08,2004,8,187610.0
USB US,2004-09,2004,9,187610.0
USB US,2004-10,2004,10,187610.0
USB US,2004-11,2004,11,187610.0
USB US,2004-12,2004,12,187610.0
USB US,2005-01,2005,1,187610.0
USB US,2005-02,2005,2,187610.0
USB US,2005-03,2005,3,187610.0
USB US,2005-04,2005,4,187610.0
USB US,2005-05,2005,5,187610.0
USB US,2005-06,2005,6,187610.0
USB US,2005-07,2005,7,187610.0
USB US,2005-08,2005,8,187610.0
USB US,2005-09,2005,9,187610.0
USB US,2005-10,2005,10,187610.0
USB US,2005-11,2005,11,187610.0
USB US,2005-12,2005,12,187610.0
USB US,2006-01,2006,1,187610.0
USB US,2006-02,2006,2,187610.0
USB US,2006-03,2006,3,187610.0
USB US,2006-04,2006,4,187610.0
USB US,2006-05,2006,5,187610.0
USB US,2006-06,2006,6,187610.0
USB US,2006-07,2006,7,187610.0
USB US,2006-08,2006,8,187610.0
USB US,2006-09,2006,9,187610.0
USB US,2006-10,2006,10,187610.0
USB US,2006-11,2006,11,187610.0
USB US,2006-12,2006,12,187610.0
USB US,2007-01,2007,1,187610.0
USB US,2007-02,2007,2,187610.0
USB US,2007-03,2007,3,187610.0
USB US,2007-04,2007,4,187610.0
USB US,2007-05,2007,5,187610.0
USB US,2007-06,2007,6,187610.0
USB US,2007-07,2007,7,187610.0
USB US,2007-08,2007,8,187610.0
USB US,2007-09,2007,9,187610.0
USB US,2007-10,2007,10,187610.0
USB US,2007-11,2007,11,187610.0
USB US,2007-12,2007,12,187610.0
USB US,2008-01,2008,1,187610.0
USB US,2008-02,2008,2,187610.0
USB US,2008-03,2008,3,187610.0
USB US,2008-04,2008,4,187610.0
USB US,2008-05,2008,5,187610.0
USB US,2008-06,2008,6,187610.0
USB US,2008-07,2008,7,187610.0
USB US,2008-08,2008,8,187610.0
USB US,2008-09,2008,9,187610.0
USB US,2008-10,2008,10,187610.0
USB US,2008-11,2008,11,187610.0
USB US,2008-12,2008,12,187610.0
USB US,2009-01,2009,1,187610.0
USB US,2009-02,2009,2,187610.0
USB US,2009-03,2009,3,187610.0
USB US,2009-04,2009,4,187610.0
USB US,2009-05,2009,5,187610.0
USB US,2009-06,2009,6,187610.0
USB US,2009-07,2009,7,187610.0
USB US,2009-08,2009,8,187610.0
USB US,2009-09,2009,9,187610.0
USB US,2009-10,2009,10,187610.0
USB US,2009-11,2009,11,187610.0
USB US,2009-12,2009,12,187610.0
USB US,2010-01,2010,1,187610.0
USB US,2010-02,2010,2,187610.0
USB US,2010-03,2010,3,187610.0
USB US,2010-04,2010,4,187610.0
USB US,2010-05,2010,5,187610.0
USB US,2010-06,2010,6,187610.0
USB US,2010-07,2010,7,187610.0
USB US,2010-08,2010,8,187610.0
USB US,2010-09,2010,9,187610.0
USB US,2010-10,2010,10,187610.0
USB US,2010-11,2010,11,187610.0
USB US,2010-12,2010,12,187610.0
USB US,2011-01,2011,1,187610.0
USB US,2011-02,2011,2,187610.0
USB US,2011-03,2011,3,187610.0
USB US,2011-04,2011,4,187610.0
USB US,2011-05,2011,5,187610.0
USB US,2011-06,2011,6,187610.0
USB US,2011-07,2011,7,187610.0
USB US,2011-08,2011,8,187610.0
USB US,2011-09,2011,9,187610.0
USB US,2011-10,2011,10,187610.0
USB US,2011-11,2011,11,187610.0
USB US,2011-12,2011,12,187610.0
USB US,2012-01,2012,1,187610.0
USB US,2012-02,2012,2,187610.0
USB US,2012-03,2012,3,187610.0
USB US,2012-04,2012,4,187610.0
USB US,2012-05,2012,5,187610.0
USB US,2012-06,2012,6,187610.0
USB US,2012-07,2012,7,187610.0
USB US,2012-08,2012,8,187610.0
USB US,2012-09,2012,9,187610.0
USB US,2012-10,2012,10,187610.0
USB US,2012-11,2012,11,187610.0
USB US,2012-12,2012,12,187610.0
USB US,2013-01,2013,1,187610.0
USB US,2013-02,2013,2,187610.0
USB US,2013-03,2013,3,187610.0
USB US,2013-04,2013,4,187610.0
USB US,2013-05,2013,5,187610.0
USB US,2013-06,2013,6,187610.0
USB US,2013-07,2013,7,187610.0
USB US,2013-08,2013,8,187610.0
USB US,2013-09,2013,9,187610.0
USB US,2013-10,2013,10,187610.0
USB US,2013-11,2013,11,187610.0
USB US,2013-12,2013,12,187610.0
USB US,2014-01,2014,1,187610.0
USB US,2014-02,2014,2,187610.0
USB US,2014-03,2014,3,187610.0
USB US,2014-04,2014,4,187610.0
USB US,2014-05,2014,5,187610.0
USB US,2014-06,2014,6,187610.0
USB US,2014-07,2014,7,187610.0
USB US,2014-08,2014,8,187610.0
USB US,2014-09,2014,9,187610.0
USB US,2014-10,2014,10,187610.0
USB US,2014-11,2014,11,187610.0
USB US,2014-12,2014,12,187610.0
USB US,2015-01,2015,1,187610.0
USB US,2015-02,2015,2,187610.0
USB US,2015-03,2015,3,187610.0
USB US,2015-04,2015,4,187610.0
USB US,2015-05,2015,5,187610.0
USB US,2015-06,2015,6,187610.0
USB US,2015-07,2015,7,187610.0
USB US,2015-08,2015,8,187610.0
USB US,2015-09,2015,9,187610.0
USB US,2015-10,2015,10,187610.0
USB US,2015-11,2015,11,187610.0
USB US,2015-12,2015,12,187610.0
USB US,2016-01,2016,1,187610.0
USB US,2016-02,2016,2,187610.0
USB US,2016-03,2016,3,187610.0
USB US,2016-04,2016,4,187610.0
USB US,2016-05,2016,5,187610.0
USB US,2016-06,2016,6,187610.0
USB US,2016-07,2016,7,187610.0
USB US,2016-08,2016,8,187610.0
USB US,2016-09,2016,9,187610.0
USB US,2016-10,2016,10,187610.0
USB US,2016-11,2016,11,187610.0
USB US,2016-12,2016,12,187610.0
USB US,2017-01,2017,1,187610.0
USB US,2017-02,2017,2,187610.0
USB US,2017-03,2017,3,187610.0
USB US,2017-04,2017,4,187610.0
USB US,2017-05,2017,5,187610.0
USB US,2017-06,2017,6,187610.0
USB US,2017-07,2017,7,187610.0
USB US,2017-08,2017,8,187610.0
USB US,2017-09,2017,9,187610.0
USB US,2017-10,2017,10,187610.0
USB US,2017-11,2017,11,187610.0
USB US,2017-12,2017,12,187610.0
USB US,2018-01,2018,1,187610.0
USB US,2018-02,2018,2,187610.0
USB US,2018-03,2018,3,187610.0
USB US,2018-04,2018,4,187610.0
USB US,2018-05,2018,5,187610.0
USB US,2018-06,2018,6,187610.0
USB US,2018-07,2018,7,187610.0
USB US,2018-08,2018,8,187610.0
USB US,2018-09,2018,9,187610.0
USB US,2018-10,2018,10,187610.0
USB US,2018-11,2018,11,187610.0
USB US,2018-12,2018,12,187610.0
USB US,2019-01,2019,1,187610.0
USB US,2019-02,2019,2,187610.0
USB US,2019-03,2019,3,187610.0
USB US,2019-04,2019,4,187610.0
USB US,2019-05,2019,5,187610.0
USB US,2019-06,2019,6,187610.0
USB US,2019-07,2019,7,187610.0
USB US,2019-08,2019,8,187610.0
USB US,2019-09,2019,9,187610.0
USB US,2019-10,2019,10,187610.0
USB US,2019-11,2019,11,187610.0
USB US,2019-12,2019,12,187610.0
USB US,2020-01,2020,1,187610.0
USB US,2020-02,2020,2,187610.0
USB US,2020-03,2020,3,187610.0
USB US,2020-04,2020,4,187610.0
USB US,2020-05,2020,5,187610.0
USB US,2020-06,2020,6,187610.0
USB US,2020-07,2020,7,187610.0
USB US,2020-08,2020,8,187610.0
USB US,2020-09,2020,9,187610.0
USB US,2020-10,2020,10,187610.0
USB US,2020-11,2020,11,187610.0
USB US,2020-12,2020,12,187610.0
USB US,2021-01,2021,1,187610.0
USB US,2021-02,2021,2,187610.0
USB US,2021-03,2021,3,187610.0
USB US,2021-04,2021,4,187610.0
USB US,2021-05,2021,5,187610.0
USB US,2021-06,2021,6,187610.0
USB US,2021-07,2021,7,187610.0
USB US,2021-08,2021,8,187610.0
USB US,2021-09,2021,9,187610.0
USB US,2021-10,2021,10,187610.0
USB US,2021-11,2021,11,187610.0
USB US,2021-12,2021,12,187610.0
USB US,2022-01,2022,1,187610.0
USB US,2022-02,2022,2,187610.0
USB US,2022-03,2022,3,187610.0
USB US,2022-04,2022,4,187610.0
USB US,2022-05,2022,5,187610.0
USB US,2022-06,2022,6,187610.0
USB US,2022-07,2022,7,187610.0
USB US,2022-08,2022,8,187610.0
USB US,2022-09,2022,9,187610.0
USB US,2022-10,2022,10,187610.0
USB US,2022-11,2022,11,187610.0
USB US,2022-12,2022,12,187610.0
USB US,2023-01,2023,1,187610.0
USB US,2023-02,2023,2,187610.0
USB US,2023-03,2023,3,187610.0
USB US,2023-04,2023,4,187610.0
USB US,2023-05,2023,5,187610.0
USB US,2023-06,2023,6,187610.0
USB US,2023-07,2023,7,187610.0
USB US,2023-08,2023,8,187610.0
USB US,2023-09,2023,9,187610.0
USB US,2023-10,2023,10,187610.0
USB US,2023-11,2023,11,187610.0
USB US,2023-12,2023,12,187610.0
USB US,2024-01,2024,1,187610.0
USB US,2024-02,2024,2,187610.0
USB US,2024-03,2024,3,187610.0
USB US,2024-04,2024,4,187610.0
USB US,2024-05,2024,5,187610.0
USB US,2024-06,2024,6,187610.0
USB US,2024-07,2024,7,187610.0
USB US,2024-08,2024,8,187610.0
USB US,2024-09,2024,9,187610.0
USB US,2024-10,2024,10,187610.0
V US,2008-04,2008,4,8300000.000000001
V US,2008-05,2008,5,8300000.000000001
V US,2008-06,2008,6,8300000.000000001
V US,2008-07,2008,7,8300000.000000001
V US,2008-08,2008,8,8300000.000000001
V US,2008-09,2008,9,8300000.000000001
V US,2008-10,2008,10,8300000.000000001
V US,2008-11,2008,11,8300000.000000001
V US,2008-12,2008,12,8300000.000000001
V US,2009-01,2009,1,8300000.000000001
V US,2009-02,2009,2,8300000.000000001
V US,2009-03,2009,3,8300000.000000001
V US,2009-04,2009,4,8300000.000000001
V US,2009-05,2009,5,8300000.000000001
V US,2009-06,2009,6,8300000.000000001
V US,2009-07,2009,7,8300000.000000001
V US,2009-08,2009,8,8300000.000000001
V US,2009-09,2009,9,8300000.000000001
V US,2009-10,2009,10,8300000.000000001
V US,2009-11,2009,11,8300000.000000001
V US,2009-12,2009,12,8300000.000000001
V US,2010-01,2010,1,8300000.000000001
V US,2010-02,2010,2,8300000.000000001
V US,2010-03,2010,3,8300000.000000001
V US,2010-04,2010,4,8300000.000000001
V US,2010-05,2010,5,8300000.000000001
V US,2010-06,2010,6,8300000.000000001
V US,2010-07,2010,7,8300000.000000001
V US,2010-08,2010,8,8300000.000000001
V US,2010-09,2010,9,8300000.000000001
V US,2010-10,2010,10,8300000.000000001
V US,2010-11,2010,11,8300000.000000001
V US,2010-12,2010,12,8300000.000000001
V US,2011-01,2011,1,8300000.000000001
V US,2011-02,2011,2,8300000.000000001
V US,2011-03,2011,3,8300000.000000001
V US,2011-04,2011,4,8300000.000000001
V US,2011-05,2011,5,8300000.000000001
V US,2011-06,2011,6,8300000.000000001
V US,2011-07,2011,7,8300000.000000001
V US,2011-08,2011,8,8300000.000000001
V US,2011-09,2011,9,8300000.000000001
V US,2011-10,2011,10,8300000.000000001
V US,2011-11,2011,11,8300000.000000001
V US,2011-12,2011,12,8300000.000000001
V US,2012-01,2012,1,8300000.000000001
V US,2012-02,2012,2,8300000.000000001
V US,2012-03,2012,3,8300000.000000001
V US,2012-04,2012,4,8300000.000000001
V US,2012-05,2012,5,8300000.000000001
V US,2012-06,2012,6,8300000.000000001
V US,2012-07,2012,7,8300000.000000001
V US,2012-08,2012,8,8300000.000000001
V US,2012-09,2012,9,8300000.000000001
V US,2012-10,2012,10,8300000.000000001
V US,2012-11,2012,11,8300000.000000001
V US,2012-12,2012,12,8300000.000000001
V US,2013-01,2013,1,8300000.000000001
V US,2013-02,2013,2,8300000.000000001
V US,2013-03,2013,3,8300000.000000001
V US,2013-04,2013,4,8300000.000000001
V US,2013-05,2013,5,8300000.000000001
V US,2013-06,2013,6,8300000.000000001
V US,2013-07,2013,7,8300000.000000001
V US,2013-08,2013,8,8300000.000000001
V US,2013-09,2013,9,8300000.000000001
V US,2013-10,2013,10,8300000.000000001
V US,2013-11,2013,11,8300000.000000001
V US,2013-12,2013,12,8300000.000000001
V US,2014-01,2014,1,8300000.000000001
V US,2014-02,2014,2,8300000.000000001
V US,2014-03,2014,3,8300000.000000001
V US,2014-04,2014,4,8300000.000000001
V US,2014-05,2014,5,8300000.000000001
V US,2014-06,2014,6,8300000.000000001
V US,2014-07,2014,7,8300000.000000001
V US,2014-08,2014,8,8300000.000000001
V US,2014-09,2014,9,8300000.000000001
V US,2014-10,2014,10,8300000.000000001
V US,2014-11,2014,11,8300000.000000001
V US,2014-12,2014,12,8300000.000000001
V US,2015-01,2015,1,8300000.000000001
V US,2015-02,2015,2,8300000.000000001
V US,2015-03,2015,3,8300000.000000001
V US,2015-04,2015,4,8300000.000000001
V US,2015-05,2015,5,8300000.000000001
V US,2015-06,2015,6,8300000.000000001
V US,2015-07,2015,7,8300000.000000001
V US,2015-08,2015,8,8300000.000000001
V US,2015-09,2015,9,8300000.000000001
V US,2015-10,2015,10,8300000.000000001
V US,2015-11,2015,11,8300000.000000001
V US,2015-12,2015,12,8300000.000000001
V US,2016-01,2016,1,8300000.000000001
V US,2016-02,2016,2,8300000.000000001
V US,2016-03,2016,3,8300000.000000001
V US,2016-04,2016,4,8300000.000000001
V US,2016-05,2016,5,8300000.000000001
V US,2016-06,2016,6,8300000.000000001
V US,2016-07,2016,7,8300000.000000001
V US,2016-08,2016,8,8300000.000000001
V US,2016-09,2016,9,8300000.000000001
V US,2016-10,2016,10,8300000.000000001
V US,2016-11,2016,11,8300000.000000001
V US,2016-12,2016,12,8300000.000000001
V US,2017-01,2017,1,8300000.000000001
V US,2017-02,2017,2,8300000.000000001
V US,2017-03,2017,3,8300000.000000001
V US,2017-04,2017,4,8300000.000000001
V US,2017-05,2017,5,8300000.000000001
V US,2017-06,2017,6,8300000.000000001
V US,2017-07,2017,7,8300000.000000001
V US,2017-08,2017,8,8300000.000000001
V US,2017-09,2017,9,8300000.000000001
V US,2017-10,2017,10,8300000.000000001
V US,2017-11,2017,11,8300000.000000001
V US,2017-12,2017,12,8300000.000000001
V US,2018-01,2018,1,8300000.000000001
V US,2018-02,2018,2,8300000.000000001
V US,2018-03,2018,3,8300000.000000001
V US,2018-04,2018,4,8300000.000000001
V US,2018-05,2018,5,8300000.000000001
V US,2018-06,2018,6,8300000.000000001
V US,2018-07,2018,7,8300000.000000001
V US,2018-08,2018,8,8300000.000000001
V US,2018-09,2018,9,8300000.000000001
V US,2018-10,2018,10,8300000.000000001
V US,2018-11,2018,11,8300000.000000001
V US,2018-12,2018,12,8300000.000000001
V US,2019-01,2019,1,8300000.000000001
V US,2019-02,2019,2,8300000.000000001
V US,2019-03,2019,3,8300000.000000001
V US,2019-04,2019,4,8300000.000000001
V US,2019-05,2019,5,8300000.000000001
V US,2019-06,2019,6,8300000.000000001
V US,2019-07,2019,7,8300000.000000001
V US,2019-08,2019,8,8300000.000000001
V US,2019-09,2019,9,8300000.000000001
V US,2019-10,2019,10,8300000.000000001
V US,2019-11,2019,11,8300000.000000001
V US,2019-12,2019,12,8300000.000000001
V US,2020-01,2020,1,8300000.000000001
V US,2020-02,2020,2,8300000.000000001
V US,2020-03,2020,3,8300000.000000001
V US,2020-04,2020,4,8300000.000000001
V US,2020-05,2020,5,8300000.000000001
V US,2020-06,2020,6,8300000.000000001
V US,2020-07,2020,7,8300000.000000001
V US,2020-08,2020,8,8300000.000000001
V US,2020-09,2020,9,8300000.000000001
V US,2020-10,2020,10,8300000.000000001
V US,2020-11,2020,11,8300000.000000001
V US,2020-12,2020,12,8300000.000000001
V US,2021-01,2021,1,8300000.000000001
V US,2021-02,2021,2,8300000.000000001
V US,2021-03,2021,3,8300000.000000001
V US,2021-04,2021,4,8300000.000000001
V US,2021-05,2021,5,8300000.000000001
V US,2021-06,2021,6,8300000.000000001
V US,2021-07,2021,7,8300000.000000001
V US,2021-08,2021,8,8300000.000000001
V US,2021-09,2021,9,8300000.000000001
V US,2021-10,2021,10,8300000.000000001
V US,2021-11,2021,11,8300000.000000001
V US,2021-12,2021,12,8300000.000000001
V US,2022-01,2022,1,8300000.000000001
V US,2022-02,2022,2,8300000.000000001
V US,2022-03,2022,3,8300000.000000001
V US,2022-04,2022,4,8300000.000000001
V US,2022-05,2022,5,8300000.000000001
V US,2022-06,2022,6,8300000.000000001
V US,2022-07,2022,7,8300000.000000001
V US,2022-08,2022,8,8300000.000000001
V US,2022-09,2022,9,8300000.000000001
V US,2022-10,2022,10,8300000.000000001
V US,2022-11,2022,11,8300000.000000001
V US,2022-12,2022,12,8300000.000000001
V US,2023-01,2023,1,8300000.000000001
V US,2023-02,2023,2,8300000.000000001
V US,2023-03,2023,3,8300000.000000001
V US,2023-04,2023,4,8300000.000000001
V US,2023-05,2023,5,8300000.000000001
V US,2023-06,2023,6,8300000.000000001
V US,2023-07,2023,7,8300000.000000001
V US,2023-08,2023,8,8300000.000000001
V US,2023-09,2023,9,8300000.000000001
V US,2023-10,2023,10,8300000.000000001
V US,2023-11,2023,11,8300000.000000001
V US,2023-12,2023,12,8300000.000000001
V US,2024-01,2024,1,8300000.000000001
V US,2024-02,2024,2,8300000.000000001
V US,2024-03,2024,3,8300000.000000001
V US,2024-04,2024,4,8300000.000000001
V US,2024-05,2024,5,8300000.000000001
V US,2024-06,2024,6,8300000.000000001
V US,2024-07,2024,7,8300000.000000001
V US,2024-08,2024,8,8300000.000000001
V US,2024-09,2024,9,8300000.000000001
V US,2024-10,2024,10,8300000.000000001
VOO US,2014-01,2014,1,12360.0
VOO US,2014-02,2014,2,12360.0
VOO US,2014-03,2014,3,12360.0
VOO US,2014-04,2014,4,12220.0
VOO US,2014-05,2014,5,12220.0
VOO US,2014-06,2014,6,12220.0
VOO US,2014-07,2014,7,2500.0
VOO US,2014-08,2014,8,2500.0
VOO US,2014-09,2014,9,2500.0
VOO US,2014-10,2014,10,0.0
VOO US,2014-11,2014,11,0.0
VOO US,2014-12,2014,12,0.0
VOO US,2015-01,2015,1,0.0
VOO US,2015-02,2015,2,0.0
VOO US,2015-03,2015,3,0.0
VOO US,2015-04,2015,4,0.0
VOO US,2015-05,2015,5,0.0
VOO US,2015-06,2015,6,0.0
VOO US,2015-07,2015,7,0.0
VOO US,2015-08,2015,8,0.0
VOO US,2015-09,2015,9,0.0
VOO US,2015-10,2015,10,0.0
VOO US,2015-11,2015,11,0.0
VOO US,2015-12,2015,12,0.0
VOO US,2016-01,2016,1,0.0
VOO US,2016-02,2016,2,0.0
VOO US,2016-03,2016,3,0.0
VOO US,2016-04,2016,4,0.0
VOO US,2016-05,2016,5,0.0
VOO US,2016-06,2016,6,0.0
VOO US,2016-07,2016,7,0.0
VOO US,2016-08,2016,8,0.0
VOO US,2016-09,2016,9,0.0
VOO US,2016-10,2016,10,0.0
VOO US,2016-11,2016,11,0.0
VOO US,2016-12,2016,12,0.0
VOO US,2017-01,2017,1,6520.0
VOO US,2017-02,2017,2,6520.0
VOO US,2017-03,2017,3,6520.0
VOO US,2017-04,2017,4,0.0
VOO US,2017-05,2017,5,0.0
VOO US,2017-06,2017,6,0.0
VOO US,2017-07,2017,7,0.0
VOO US,2017-08,2017,8,0.0
VOO US,2017-09,2017,9,0.0
VOO US,2017-10,2017,10,0.0
VOO US,2017-11,2017,11,0.0
VOO US,2017-12,2017,12,0.0
VOO US,2018-01,2018,1,0.0
VOO US,2018-02,2018,2,0.0
VOO US,2018-03,2018,3,0.0
VOO US,2018-04,2018,4,0.0
VOO US,2018-05,2018,5,0.0
VOO US,2018-06,2018,6,0.0
VOO US,2018-07,2018,7,0.0
VOO US,2018-08,2018,8,0.0
VOO US,2018-09,2018,9,0.0
VOO US,2018-10,2018,10,0.0
VOO US,2018-11,2018,11,0.0
VOO US,2018-12,2018,12,0.0
VOO US,2019-01,2019,1,0.0
VOO US,2019-02,2019,2,0.0
VOO US,2019-03,2019,3,0.0
VOO US,2019-04,2019,4,0.0
VOO US,2019-05,2019,5,0.0
VOO US,2019-06,2019,6,0.0
VOO US,2019-07,2019,7,0.0
VOO US,2019-08,2019,8,0.0
VOO US,2019-09,2019,9,0.0
VOO US,2019-10,2019,10,0.0
VOO US,2019-11,2019,11,0.0
VOO US,2019-12,2019,12,0.0
VOO US,2020-01,2020,1,42340.0
VOO US,2020-02,2020,2,42340.0
VOO US,2020-03,2020,3,42340.0
VOO US,2020-04,2020,4,42480.0
VOO US,2020-05,2020,5,42480.0
VOO US,2020-06,2020,6,42480.0
VOO US,2020-07,2020,7,42480.0
VOO US,2020-08,2020,8,42480.0
VOO US,2020-09,2020,9,42480.0
VOO US,2020-10,2020,10,42340.0
VOO US,2020-11,2020,11,42340.0
VOO US,2020-12,2020,12,42340.0
VOO US,2021-01,2021,1,42340.0
VOO US,2021-02,2021,2,42340.0
VOO US,2021-03,2021,3,42340.0
VOO US,2021-04,2021,4,42340.0
VOO US,2021-05,2021,5,42340.0
VOO US,2021-06,2021,6,42340.0
VOO US,2021-07,2021,7,42480.0
VOO US,2021-08,2021,8,42480.0
VOO US,2021-09,2021,9,42480.0
VOO US,2021-10,2021,10,42480.0
VOO US,2021-11,2021,11,42480.0
VOO US,2021-12,2021,12,42480.0
VOO US,2022-01,2022,1,42200.0
VOO US,2022-02,2022,2,42200.0
VOO US,2022-03,2022,3,42200.0
VOO US,2022-04,2022,4,42480.0
VOO US,2022-05,2022,5,42480.0
VOO US,2022-06,2022,6,42480.0
VOO US,2022-07,2022,7,42480.0
VOO US,2022-08,2022,8,42480.0
VOO US,2022-09,2022,9,42480.0
VOO US,2022-10,2022,10,42480.0
VOO US,2022-11,2022,11,42480.0
VOO US,2022-12,2022,12,42480.0
VOO US,2023-01,2023,1,42340.0
VOO US,2023-02,2023,2,42340.0
VOO US,2023-03,2023,3,42340.0
VOO US,2023-04,2023,4,42340.0
VOO US,2023-05,2023,5,42340.0
VOO US,2023-06,2023,6,42340.0
VOO US,2023-07,2023,7,42480.0
VOO US,2023-08,2023,8,42480.0
VOO US,2023-09,2023,9,42480.0
VOO US,2023-10,2023,10,42480.0
VOO US,2023-11,2023,11,42480.0
VOO US,2023-12,2023,12,42340.0
VOO US,2024-01,2024,1,42340.0
VOO US,2024-02,2024,2,42340.0
VOO US,2024-03,2024,3,42340.0
VOO US,2024-04,2024,4,42060.0
VOO US,2024-05,2024,5,42060.0
VOO US,2024-06,2024,6,42060.0
VOO US,2024-07,2024,7,42480.0
VRSK US,2010-01,2010,1,29000.0
VRSK US,2010-02,2010,2,29000.0
VRSK US,2010-03,2010,3,29000.0
VRSK US,2010-04,2010,4,29000.0
VRSK US,2010-05,2010,5,29000.0
VRSK US,2010-06,2010,6,29000.0
VRSK US,2010-07,2010,7,29000.0
VRSK US,2010-08,2010,8,29000.0
VRSK US,2010-09,2010,9,29000.0
VRSK US,2010-10,2010,10,29000.0
VRSK US,2010-11,2010,11,29000.0
VRSK US,2010-12,2010,12,29000.0
VRSK US,2011-01,2011,1,29000.0
VRSK US,2011-02,2011,2,29000.0
VRSK US,2011-03,2011,3,29000.0
VRSK US,2011-04,2011,4,29000.0
VRSK US,2011-05,2011,5,29000.0
VRSK US,2011-06,2011,6,29000.0
VRSK US,2011-07,2011,7,29000.0
VRSK US,2011-08,2011,8,29000.0
VRSK US,2011-09,2011,9,29000.0
VRSK US,2011-10,2011,10,29000.0
VRSK US,2011-11,2011,11,29000.0
VRSK US,2011-12,2011,12,29000.0
VRSK US,2012-01,2012,1,29000.0
VRSK US,2012-02,2012,2,29000.0
VRSK US,2012-03,2012,3,29000.0
VRSK US,2012-04,2012,4,29000.0
VRSK US,2012-05,2012,5,29000.0
VRSK US,2012-06,2012,6,29000.0
VRSK US,2012-07,2012,7,29000.0
VRSK US,2012-08,2012,8,29000.0
VRSK US,2012-09,2012,9,29000.0
VRSK US,2012-10,2012,10,29000.0
VRSK US,2012-11,2012,11,29000.0
VRSK US,2012-12,2012,12,29000.0
VRSK US,2013-01,2013,1,29000.0
VRSK US,2013-02,2013,2,29000.0
VRSK US,2013-03,2013,3,29000.0
VRSK US,2013-04,2013,4,29000.0
VRSK US,2013-05,2013,5,29000.0
VRSK US,2013-06,2013,6,29000.0
VRSK US,2013-07,2013,7,29000.0
VRSK US,2013-08,2013,8,29000.0
VRSK US,2013-09,2013,9,29000.0
VRSK US,2013-10,2013,10,29000.0
VRSK US,2013-11,2013,11,29000.0
VRSK US,2013-12,2013,12,29000.0
VRSK US,2014-01,2014,1,29000.0
VRSK US,2014-02,2014,2,29000.0
VRSK US,2014-03,2014,3,29000.0
VRSK US,2014-04,2014,4,29000.0
VRSK US,2014-05,2014,5,29000.0
VRSK US,2014-06,2014,6,29000.0
VRSK US,2014-07,2014,7,29000.0
VRSK US,2014-08,2014,8,29000.0
VRSK US,2014-09,2014,9,29000.0
VRSK US,2014-10,2014,10,29000.0
VRSK US,2014-11,2014,11,29000.0
VRSK US,2014-12,2014,12,29000.0
VRSK US,2015-01,2015,1,29000.0
VRSK US,2015-02,2015,2,29000.0
VRSK US,2015-03,2015,3,29000.0
VRSK US,2015-04,2015,4,29000.0
VRSK US,2015-05,2015,5,29000.0
VRSK US,2015-06,2015,6,29000.0
VRSK US,2015-07,2015,7,29000.0
VRSK US,2015-08,2015,8,29000.0
VRSK US,2015-09,2015,9,29000.0
VRSK US,2015-10,2015,10,29000.0
VRSK US,2015-11,2015,11,29000.0
VRSK US,2015-12,2015,12,29000.0
VRSK US,2016-01,2016,1,29000.0
VRSK US,2016-02,2016,2,29000.0
VRSK US,2016-03,2016,3,29000.0
VRSK US,2016-04,2016,4,29000.0
VRSK US,2016-05,2016,5,29000.0
VRSK US,2016-06,2016,6,29000.0
VRSK US,2016-07,2016,7,29000.0
VRSK US,2016-08,2016,8,29000.0
VRSK US,2016-09,2016,9,29000.0
VRSK US,2016-10,2016,10,29000.0
VRSK US,2016-11,2016,11,29000.0
VRSK US,2016-12,2016,12,29000.0
VRSK US,2017-01,2017,1,29000.0
VRSK US,2017-02,2017,2,29000.0
VRSK US,2017-03,2017,3,29000.0
VRSK US,2017-04,2017,4,29000.0
VRSK US,2017-05,2017,5,29000.0
VRSK US,2017-06,2017,6,29000.0
VRSK US,2017-07,2017,7,29000.0
VRSK US,2017-08,2017,8,29000.0
VRSK US,2017-09,2017,9,29000.0
VRSK US,2017-10,2017,10,29000.0
VRSK US,2017-11,2017,11,29000.0
VRSK US,2017-12,2017,12,29000.0
VRSK US,2018-01,2018,1,29000.0
VRSK US,2018-02,2018,2,29000.0
VRSK US,2018-03,2018,3,29000.0
VRSK US,2018-04,2018,4,29000.0
VRSK US,2018-05,2018,5,29000.0
VRSK US,2018-06,2018,6,29000.0
VRSK US,2018-07,2018,7,29000.0
VRSK US,2018-08,2018,8,29000.0
VRSK US,2018-09,2018,9,29000.0
VRSK US,2018-10,2018,10,29000.0
VRSK US,2018-11,2018,11,29000.0
VRSK US,2018-12,2018,12,29000.0
VRSK US,2019-01,2019,1,29000.0
VRSK US,2019-02,2019,2,29000.0
VRSK US,2019-03,2019,3,29000.0
VRSK US,2019-04,2019,4,29000.0
VRSK US,2019-05,2019,5,29000.0
VRSK US,2019-06,2019,6,29000.0
VRSK US,2019-07,2019,7,29000.0
VRSK US,2019-08,2019,8,29000.0
VRSK US,2019-09,2019,9,29000.0
VRSK US,2019-10,2019,10,29000.0
VRSK US,2019-11,2019,11,29000.0
VRSK US,2019-12,2019,12,29000.0
VRSK US,2020-01,2020,1,29000.0
VRSK US,2020-02,2020,2,29000.0
VRSK US,2020-03,2020,3,29000.0
VRSK US,2020-04,2020,4,29000.0
VRSK US,2020-05,2020,5,29000.0
VRSK US,2020-06,2020,6,29000.0
VRSK US,2020-07,2020,7,29000.0
VRSK US,2020-08,2020,8,29000.0
VRSK US,2020-09,2020,9,29000.0
VRSK US,2020-10,2020,10,29000.0
VRSK US,2020-11,2020,11,29000.0
VRSK US,2020-12,2020,12,29000.0
VRSK US,2021-01,2021,1,29000.0
VRSK US,2021-02,2021,2,29000.0
VRSK US,2021-03,2021,3,29000.0
VRSK US,2021-04,2021,4,29000.0
VRSK US,2021-05,2021,5,29000.0
VRSK US,2021-06,2021,6,29000.0
VRSK US,2021-07,2021,7,29000.0
VRSK US,2021-08,2021,8,29000.0
VRSK US,2021-09,2021,9,29000.0
VRSK US,2021-10,2021,10,29000.0
VRSK US,2021-11,2021,11,29000.0
VRSK US,2021-12,2021,12,29000.0
VRSK US,2022-01,2022,1,29000.0
VRSK US,2022-02,2022,2,29000.0
VRSK US,2022-03,2022,3,29000.0
VRSK US,2022-04,2022,4,29000.0
VRSK US,2022-05,2022,5,29000.0
VRSK US,2022-06,2022,6,29000.0
VRSK US,2022-07,2022,7,29000.0
VRSK US,2022-08,2022,8,29000.0
VRSK US,2022-09,2022,9,29000.0
VRSK US,2022-10,2022,10,29000.0
VRSK US,2022-11,2022,11,29000.0
VRSK US,2022-12,2022,12,29000.0
VRSK US,2023-01,2023,1,29000.0
VRSK US,2023-02,2023,2,29000.0
VRSK US,2023-03,2023,3,29000.0
VRSK US,2023-04,2023,4,29000.0
VRSK US,2023-05,2023,5,29000.0
VRSK US,2023-06,2023,6,29000.0
VRSK US,2023-07,2023,7,29000.0
VRSK US,2023-08,2023,8,29000.0
VRSK US,2023-09,2023,9,29000.0
VRSK US,2023-10,2023,10,29000.0
VRSK US,2023-11,2023,11,29000.0
VRSK US,2023-12,2023,12,29000.0
VRSK US,2024-01,2024,1,29000.0
VRSK US,2024-02,2024,2,29000.0
VRSK US,2024-03,2024,3,29000.0
VRSK US,2024-04,2024,4,29000.0
VRSK US,2024-05,2024,5,29000.0
VRSK US,2024-06,2024,6,29000.0
VRSK US,2024-07,2024,7,29000.0
VRSK US,2024-08,2024,8,29000.0
VRSK US,2024-09,2024,9,29000.0
VRSK US,2024-10,2024,10,29000.0
VRSN US,2001-04,2001,4,12820000.0
VRSN US,2001-05,2001,5,12820000.0
VRSN US,2001-06,2001,6,12820000.0
VRSN US,2001-07,2001,7,12820000.0
VRSN US,2001-08,2001,8,12820000.0
VRSN US,2001-09,2001,9,12820000.0
VRSN US,2001-10,2001,10,12820000.0
VRSN US,2001-11,2001,11,12820000.0
VRSN US,2001-12,2001,12,12820000.0
VRSN US,2002-01,2002,1,12820000.0
VRSN US,2002-02,2002,2,12820000.0
VRSN US,2002-03,2002,3,12820000.0
VRSN US,2002-04,2002,4,12820000.0
VRSN US,2002-05,2002,5,12820000.0
VRSN US,2002-06,2002,6,12820000.0
VRSN US,2002-07,2002,7,12820000.0
VRSN US,2002-08,2002,8,12820000.0
VRSN US,2002-09,2002,9,12820000.0
VRSN US,2002-10,2002,10,12820000.0
VRSN US,2002-11,2002,11,12820000.0
VRSN US,2002-12,2002,12,12820000.0
VRSN US,2003-01,2003,1,12820000.0
VRSN US,2003-02,2003,2,12820000.0
VRSN US,2003-03,2003,3,12820000.0
VRSN US,2003-04,2003,4,12820000.0
VRSN US,2003-05,2003,5,12820000.0
VRSN US,2003-06,2003,6,12820000.0
VRSN US,2003-07,2003,7,12820000.0
VRSN US,2003-08,2003,8,12820000.0
VRSN US,2003-09,2003,9,12820000.0
VRSN US,2003-10,2003,10,12820000.0
VRSN US,2003-11,2003,11,12820000.0
VRSN US,2003-12,2003,12,12820000.0
VRSN US,2004-01,2004,1,12820000.0
VRSN US,2004-02,2004,2,12820000.0
VRSN US,2004-03,2004,3,12820000.0
VRSN US,2004-04,2004,4,12820000.0
VRSN US,2004-05,2004,5,12820000.0
VRSN US,2004-06,2004,6,12820000.0
VRSN US,2004-07,2004,7,12820000.0
VRSN US,2004-08,2004,8,12820000.0
VRSN US,2004-09,2004,9,12820000.0
VRSN US,2004-10,2004,10,12820000.0
VRSN US,2004-11,2004,11,12820000.0
VRSN US,2004-12,2004,12,12820000.0
VRSN US,2005-01,2005,1,12820000.0
VRSN US,2005-02,2005,2,12820000.0
VRSN US,2005-03,2005,3,12820000.0
VRSN US,2005-04,2005,4,12820000.0
VRSN US,2005-05,2005,5,12820000.0
VRSN US,2005-06,2005,6,12820000.0
VRSN US,2005-07,2005,7,12820000.0
VRSN US,2005-08,2005,8,12820000.0
VRSN US,2005-09,2005,9,12820000.0
VRSN US,2005-10,2005,10,12820000.0
VRSN US,2005-11,2005,11,12820000.0
VRSN US,2005-12,2005,12,12820000.0
VRSN US,2006-01,2006,1,12820000.0
VRSN US,2006-02,2006,2,12820000.0
VRSN US,2006-03,2006,3,12820000.0
VRSN US,2006-04,2006,4,12820000.0
VRSN US,2006-05,2006,5,12820000.0
VRSN US,2006-06,2006,6,12820000.0
VRSN US,2006-07,2006,7,12820000.0
VRSN US,2006-08,2006,8,12820000.0
VRSN US,2006-09,2006,9,12820000.0
VRSN US,2006-10,2006,10,12820000.0
VRSN US,2006-11,2006,11,12820000.0
VRSN US,2006-12,2006,12,12820000.0
VRSN US,2007-01,2007,1,12820000.0
VRSN US,2007-02,2007,2,12820000.0
VRSN US,2007-03,2007,3,12820000.0
VRSN US,2007-04,2007,4,12820000.0
VRSN US,2007-05,2007,5,12820000.0
VRSN US,2007-06,2007,6,12820000.0
VRSN US,2007-07,2007,7,12820000.0
VRSN US,2007-08,2007,8,12820000.0
VRSN US,2007-09,2007,9,12820000.0
VRSN US,2007-10,2007,10,12820000.0
VRSN US,2007-11,2007,11,12820000.0
VRSN US,2007-12,2007,12,12820000.0
VRSN US,2008-01,2008,1,12820000.0
VRSN US,2008-02,2008,2,12820000.0
VRSN US,2008-03,2008,3,12820000.0
VRSN US,2008-04,2008,4,12820000.0
VRSN US,2008-05,2008,5,12820000.0
VRSN US,2008-06,2008,6,12820000.0
VRSN US,2008-07,2008,7,12820000.0
VRSN US,2008-08,2008,8,12820000.0
VRSN US,2008-09,2008,9,12820000.0
VRSN US,2008-10,2008,10,12820000.0
VRSN US,2008-11,2008,11,12820000.0
VRSN US,2008-12,2008,12,12820000.0
VRSN US,2009-01,2009,1,12820000.0
VRSN US,2009-02,2009,2,12820000.0
VRSN US,2009-03,2009,3,12820000.0
VRSN US,2009-04,2009,4,12820000.0
VRSN US,2009-05,2009,5,12820000.0
VRSN US,2009-06,2009,6,12820000.0
VRSN US,2009-07,2009,7,12820000.0
VRSN US,2009-08,2009,8,12820000.0
VRSN US,2009-09,2009,9,12820000.0
VRSN US,2009-10,2009,10,12820000.0
VRSN US,2009-11,2009,11,12820000.0
VRSN US,2009-12,2009,12,12820000.0
VRSN US,2010-01,2010,1,12820000.0
VRSN US,2010-02,2010,2,12820000.0
VRSN US,2010-03,2010,3,12820000.0
VRSN US,2010-04,2010,4,12820000.0
VRSN US,2010-05,2010,5,12820000.0
VRSN US,2010-06,2010,6,12820000.0
VRSN US,2010-07,2010,7,12820000.0
VRSN US,2010-08,2010,8,12820000.0
VRSN US,2010-09,2010,9,12820000.0
VRSN US,2010-10,2010,10,12820000.0
VRSN US,2010-11,2010,11,12820000.0
VRSN US,2010-12,2010,12,12820000.0
VRSN US,2011-01,2011,1,12820000.0
VRSN US,2011-02,2011,2,12820000.0
VRSN US,2011-03,2011,3,12820000.0
VRSN US,2011-04,2011,4,12820000.0
VRSN US,2011-05,2011,5,12820000.0
VRSN US,2011-06,2011,6,12820000.0
VRSN US,2011-07,2011,7,12820000.0
VRSN US,2011-08,2011,8,12820000.0
VRSN US,2011-09,2011,9,12820000.0
VRSN US,2011-10,2011,10,12820000.0
VRSN US,2011-11,2011,11,12820000.0
VRSN US,2011-12,2011,12,12820000.0
VRSN US,2012-01,2012,1,12820000.0
VRSN US,2012-02,2012,2,12820000.0
VRSN US,2012-03,2012,3,12820000.0
VRSN US,2012-04,2012,4,12820000.0
VRSN US,2012-05,2012,5,12820000.0
VRSN US,2012-06,2012,6,12820000.0
VRSN US,2012-07,2012,7,12820000.0
VRSN US,2012-08,2012,8,12820000.0
VRSN US,2012-09,2012,9,12820000.0
VRSN US,2012-10,2012,10,12820000.0
VRSN US,2012-11,2012,11,12820000.0
VRSN US,2012-12,2012,12,12820000.0
VRSN US,2013-01,2013,1,12820000.0
VRSN US,2013-02,2013,2,12820000.0
VRSN US,2013-03,2013,3,12820000.0
VRSN US,2013-04,2013,4,12820000.0
VRSN US,2013-05,2013,5,12820000.0
VRSN US,2013-06,2013,6,12820000.0
VRSN US,2013-07,2013,7,12820000.0
VRSN US,2013-08,2013,8,12820000.0
VRSN US,2013-09,2013,9,12820000.0
VRSN US,2013-10,2013,10,12820000.0
VRSN US,2013-11,2013,11,12820000.0
VRSN US,2013-12,2013,12,12820000.0
VRSN US,2014-01,2014,1,12820000.0
VRSN US,2014-02,2014,2,12820000.0
VRSN US,2014-03,2014,3,12820000.0
VRSN US,2014-04,2014,4,12820000.0
VRSN US,2014-05,2014,5,12820000.0
VRSN US,2014-06,2014,6,12820000.0
VRSN US,2014-07,2014,7,12820000.0
VRSN US,2014-08,2014,8,12820000.0
VRSN US,2014-09,2014,9,12820000.0
VRSN US,2014-10,2014,10,12820000.0
VRSN US,2014-11,2014,11,12820000.0
VRSN US,2014-12,2014,12,12820000.0
VRSN US,2015-01,2015,1,12820000.0
VRSN US,2015-02,2015,2,12820000.0
VRSN US,2015-03,2015,3,12820000.0
VRSN US,2015-04,2015,4,12820000.0
VRSN US,2015-05,2015,5,12820000.0
VRSN US,2015-06,2015,6,12820000.0
VRSN US,2015-07,2015,7,12820000.0
VRSN US,2015-08,2015,8,12820000.0
VRSN US,2015-09,2015,9,12820000.0
VRSN US,2015-10,2015,10,12820000.0
VRSN US,2015-11,2015,11,12820000.0
VRSN US,2015-12,2015,12,12820000.0
VRSN US,2016-01,2016,1,12820000.0
VRSN US,2016-02,2016,2,12820000.0
VRSN US,2016-03,2016,3,12820000.0
VRSN US,2016-04,2016,4,12820000.0
VRSN US,2016-05,2016,5,12820000.0
VRSN US,2016-06,2016,6,12820000.0
VRSN US,2016-07,2016,7,12820000.0
VRSN US,2016-08,2016,8,12820000.0
VRSN US,2016-09,2016,9,12820000.0
VRSN US,2016-10,2016,10,12820000.0
VRSN US,2016-11,2016,11,12820000.0
VRSN US,2016-12,2016,12,12820000.0
VRSN US,2017-01,2017,1,12820000.0
VRSN US,2017-02,2017,2,12820000.0
VRSN US,2017-03,2017,3,12820000.0
VRSN US,2017-04,2017,4,12820000.0
VRSN US,2017-05,2017,5,12820000.0
VRSN US,2017-06,2017,6,12820000.0
VRSN US,2017-07,2017,7,12820000.0
VRSN US,2017-08,2017,8,12820000.0
VRSN US,2017-09,2017,9,12820000.0
VRSN US,2017-10,2017,10,12820000.0
VRSN US,2017-11,2017,11,12820000.0
VRSN US,2017-12,2017,12,12820000.0
VRSN US,2018-01,2018,1,12820000.0
VRSN US,2018-02,2018,2,12820000.0
VRSN US,2018-03,2018,3,12820000.0
VRSN US,2018-04,2018,4,12820000.0
VRSN US,2018-05,2018,5,12820000.0
VRSN US,2018-06,2018,6,12820000.0
VRSN US,2018-07,2018,7,12820000.0
VRSN US,2018-08,2018,8,12820000.0
VRSN US,2018-09,2018,9,12820000.0
VRSN US,2018-10,2018,10,12820000.0
VRSN US,2018-11,2018,11,12820000.0
VRSN US,2018-12,2018,12,12820000.0
VRSN US,2019-01,2019,1,12820000.0
VRSN US,2019-02,2019,2,12820000.0
VRSN US,2019-03,2019,3,12820000.0
VRSN US,2019-04,2019,4,12820000.0
VRSN US,2019-05,2019,5,12820000.0
VRSN US,2019-06,2019,6,12820000.0
VRSN US,2019-07,2019,7,12820000.0
VRSN US,2019-08,2019,8,12820000.0
VRSN US,2019-09,2019,9,12820000.0
VRSN US,2019-10,2019,10,12820000.0
VRSN US,2019-11,2019,11,12820000.0
VRSN US,2019-12,2019,12,12820000.0
VRSN US,2020-01,2020,1,12820000.0
VRSN US,2020-02,2020,2,12820000.0
VRSN US,2020-03,2020,3,12820000.0
VRSN US,2020-04,2020,4,12820000.0
VRSN US,2020-05,2020,5,12820000.0
VRSN US,2020-06,2020,6,12820000.0
VRSN US,2020-07,2020,7,12820000.0
VRSN US,2020-08,2020,8,12820000.0
VRSN US,2020-09,2020,9,12820000.0
VRSN US,2020-10,2020,10,12820000.0
VRSN US,2020-11,2020,11,12820000.0
VRSN US,2020-12,2020,12,12820000.0
VRSN US,2021-01,2021,1,12820000.0
VRSN US,2021-02,2021,2,12820000.0
VRSN US,2021-03,2021,3,12820000.0
VRSN US,2021-04,2021,4,12820000.0
VRSN US,2021-05,2021,5,12820000.0
VRSN US,2021-06,2021,6,12820000.0
VRSN US,2021-07,2021,7,12820000.0
VRSN US,2021-08,2021,8,12820000.0
VRSN US,2021-09,2021,9,12820000.0
VRSN US,2021-10,2021,10,12820000.0
VRSN US,2021-11,2021,11,12820000.0
VRSN US,2021-12,2021,12,12820000.0
VRSN US,2022-01,2022,1,12820000.0
VRSN US,2022-02,2022,2,12820000.0
VRSN US,2022-03,2022,3,12820000.0
VRSN US,2022-04,2022,4,12820000.0
VRSN US,2022-05,2022,5,12820000.0
VRSN US,2022-06,2022,6,12820000.0
VRSN US,2022-07,2022,7,12820000.0
VRSN US,2022-08,2022,8,12820000.0
VRSN US,2022-09,2022,9,12820000.0
VRSN US,2022-10,2022,10,12820000.0
VRSN US,2022-11,2022,11,12820000.0
VRSN US,2022-12,2022,12,12820000.0
VRSN US,2023-01,2023,1,12820000.0
VRSN US,2023-02,2023,2,12820000.0
VRSN US,2023-03,2023,3,12820000.0
VRSN US,2023-04,2023,4,12820000.0
VRSN US,2023-05,2023,5,12820000.0
VRSN US,2023-06,2023,6,12820000.0
VRSN US,2023-07,2023,7,12820000.0
VRSN US,2023-08,2023,8,12820000.0
VRSN US,2023-09,2023,9,12820000.0
VRSN US,2023-10,2023,10,12820000.0
VRSN US,2023-11,2023,11,12820000.0
VRSN US,2023-12,2023,12,12820000.0
VRSN US,2024-01,2024,1,12820000.0
VRSN US,2024-02,2024,2,12820000.0
VRSN US,2024-03,2024,3,12820000.0
VRSN US,2024-04,2024,4,12820000.0
VRSN US,2024-05,2024,5,12820000.0
VRSN US,2024-06,2024,6,12820000.0
VRSN US,2024-07,2024,7,12820000.0
VRSN US,2024-08,2024,8,12820000.0
VRSN US,2024-09,2024,9,12820000.0
VRSN US,2024-10,2024,10,12820000.0
VTI US,2003-07,2003,7,56170.0
VTI US,2003-08,2003,8,56170.0
VTI US,2003-09,2003,9,56170.0
VTI US,2003-10,2003,10,56170.0
VTI US,2003-11,2003,11,56170.0
VTI US,2003-12,2003,12,56170.0
VTI US,2004-01,2004,1,56170.0
VTI US,2004-02,2004,2,56170.0
VTI US,2004-03,2004,3,56170.0
VTI US,2004-04,2004,4,56170.0
VTI US,2004-05,2004,5,56170.0
VTI US,2004-06,2004,6,56170.0
VTI US,2004-07,2004,7,56170.0
VTI US,2004-08,2004,8,56170.0
VTI US,2004-09,2004,9,56170.0
VTI US,2004-10,2004,10,56170.0
VTI US,2004-11,2004,11,56170.0
VTI US,2004-12,2004,12,56170.0
VTI US,2005-01,2005,1,56170.0
VTI US,2005-02,2005,2,56170.0
VTI US,2005-03,2005,3,56170.0
VTI US,2005-04,2005,4,56170.0
VTI US,2005-05,2005,5,56170.0
VTI US,2005-06,2005,6,56170.0
VTI US,2005-07,2005,7,56170.0
VTI US,2005-08,2005,8,56170.0
VTI US,2005-09,2005,9,56170.0
VTI US,2005-10,2005,10,56170.0
VTI US,2005-11,2005,11,56170.0
VTI US,2005-12,2005,12,56170.0
VTI US,2006-01,2006,1,56170.0
VTI US,2006-02,2006,2,56170.0
VTI US,2006-03,2006,3,56170.0
VTI US,2006-04,2006,4,56170.0
VTI US,2006-05,2006,5,56170.0
VTI US,2006-06,2006,6,56170.0
VTI US,2006-07,2006,7,56170.0
VTI US,2006-08,2006,8,56170.0
VTI US,2006-09,2006,9,56170.0
VTI US,2006-10,2006,10,56170.0
VTI US,2006-11,2006,11,56170.0
VTI US,2006-12,2006,12,56170.0
VTI US,2007-01,2007,1,56170.0
VTI US,2007-02,2007,2,56170.0
VTI US,2007-03,2007,3,56170.0
VTI US,2007-04,2007,4,56170.0
VTI US,2007-05,2007,5,56170.0
VTI US,2007-06,2007,6,56170.0
VTI US,2007-07,2007,7,56170.0
VTI US,2007-08,2007,8,56170.0
VTI US,2007-09,2007,9,56170.0
VTI US,2007-10,2007,10,56170.0
VTI US,2007-11,2007,11,56170.0
VTI US,2007-12,2007,12,56170.0
VTI US,2008-01,2008,1,56170.0
VTI US,2008-02,2008,2,56170.0
VTI US,2008-03,2008,3,56170.0
VTI US,2008-04,2008,4,56170.0
VTI US,2008-05,2008,5,56170.0
VTI US,2008-06,2008,6,56170.0
VTI US,2008-07,2008,7,56170.0
VTI US,2008-08,2008,8,56170.0
VTI US,2008-09,2008,9,56170.0
VTI US,2008-10,2008,10,56170.0
VTI US,2008-11,2008,11,56170.0
VTI US,2008-12,2008,12,56170.0
VTI US,2009-01,2009,1,56170.0
VTI US,2009-02,2009,2,56170.0
VTI US,2009-03,2009,3,56170.0
VTI US,2009-04,2009,4,56170.0
VTI US,2009-05,2009,5,56170.0
VTI US,2009-06,2009,6,56170.0
VTI US,2009-07,2009,7,56170.0
VTI US,2009-08,2009,8,56170.0
VTI US,2009-09,2009,9,56170.0
VTI US,2009-10,2009,10,56170.0
VTI US,2009-11,2009,11,56170.0
VTI US,2009-12,2009,12,56170.0
VTI US,2010-01,2010,1,56170.0
VTI US,2010-02,2010,2,56170.0
VTI US,2010-03,2010,3,56170.0
VTI US,2010-04,2010,4,56170.0
VTI US,2010-05,2010,5,56170.0
VTI US,2010-06,2010,6,56170.0
VTI US,2010-07,2010,7,56170.0
VTI US,2010-08,2010,8,56170.0
VTI US,2010-09,2010,9,56170.0
VTI US,2010-10,2010,10,56170.0
VTI US,2010-11,2010,11,56170.0
VTI US,2010-12,2010,12,56170.0
VTI US,2011-01,2011,1,56170.0
VTI US,2011-02,2011,2,56170.0
VTI US,2011-03,2011,3,56170.0
VTI US,2011-04,2011,4,56170.0
VTI US,2011-05,2011,5,56170.0
VTI US,2011-06,2011,6,56170.0
VTI US,2011-07,2011,7,56170.0
VTI US,2011-08,2011,8,56170.0
VTI US,2011-09,2011,9,56170.0
VTI US,2011-10,2011,10,56170.0
VTI US,2011-11,2011,11,56170.0
VTI US,2011-12,2011,12,56170.0
VTI US,2012-01,2012,1,56170.0
VTI US,2012-02,2012,2,56170.0
VTI US,2012-03,2012,3,56170.0
VTI US,2012-04,2012,4,56170.0
VTI US,2012-05,2012,5,56170.0
VTI US,2012-06,2012,6,56170.0
VTI US,2012-07,2012,7,56170.0
VTI US,2012-08,2012,8,56170.0
VTI US,2012-09,2012,9,56170.0
VTI US,2012-10,2012,10,56170.0
VTI US,2012-11,2012,11,56170.0
VTI US,2012-12,2012,12,56170.0
VTI US,2013-01,2013,1,56170.0
VTI US,2013-02,2013,2,56170.0
VTI US,2013-03,2013,3,56170.0
VTI US,2013-04,2013,4,56170.0
VTI US,2013-05,2013,5,56170.0
VTI US,2013-06,2013,6,56170.0
VTI US,2013-07,2013,7,56170.0
VTI US,2013-08,2013,8,56170.0
VTI US,2013-09,2013,9,56170.0
VTI US,2013-10,2013,10,56170.0
VTI US,2013-11,2013,11,56170.0
VTI US,2013-12,2013,12,56170.0
VTI US,2014-01,2014,1,56170.0
VTI US,2014-02,2014,2,56170.0
VTI US,2014-03,2014,3,56170.0
VTI US,2014-04,2014,4,56170.0
VTI US,2014-05,2014,5,56170.0
VTI US,2014-06,2014,6,56170.0
VTI US,2014-07,2014,7,56170.0
VTI US,2014-08,2014,8,56170.0
VTI US,2014-09,2014,9,56170.0
VTI US,2014-10,2014,10,56170.0
VTI US,2014-11,2014,11,56170.0
VTI US,2014-12,2014,12,56170.0
VTI US,2015-01,2015,1,56170.0
VTI US,2015-02,2015,2,56170.0
VTI US,2015-03,2015,3,56170.0
VTI US,2015-04,2015,4,56170.0
VTI US,2015-05,2015,5,56170.0
VTI US,2015-06,2015,6,56170.0
VTI US,2015-07,2015,7,56170.0
VTI US,2015-08,2015,8,56170.0
VTI US,2015-09,2015,9,56170.0
VTI US,2015-10,2015,10,56170.0
VTI US,2015-11,2015,11,56170.0
VTI US,2015-12,2015,12,56170.0
VTI US,2016-01,2016,1,56170.0
VTI US,2016-02,2016,2,56170.0
VTI US,2016-03,2016,3,56170.0
VTI US,2016-04,2016,4,56170.0
VTI US,2016-05,2016,5,56170.0
VTI US,2016-06,2016,6,56170.0
VTI US,2016-07,2016,7,56170.0
VTI US,2016-08,2016,8,56170.0
VTI US,2016-09,2016,9,56170.0
VTI US,2016-10,2016,10,56170.0
VTI US,2016-11,2016,11,56170.0
VTI US,2016-12,2016,12,56170.0
VTI US,2017-01,2017,1,56170.0
VTI US,2017-02,2017,2,56170.0
VTI US,2017-03,2017,3,56170.0
VTI US,2017-04,2017,4,56170.0
VTI US,2017-05,2017,5,56170.0
VTI US,2017-06,2017,6,56170.0
VTI US,2017-07,2017,7,56170.0
VTI US,2017-08,2017,8,56170.0
VTI US,2017-09,2017,9,56170.0
VTI US,2017-10,2017,10,56170.0
VTI US,2017-11,2017,11,56170.0
VTI US,2017-12,2017,12,56170.0
VTI US,2018-01,2018,1,56170.0
VTI US,2018-02,2018,2,56170.0
VTI US,2018-03,2018,3,56170.0
VTI US,2018-04,2018,4,56170.0
VTI US,2018-05,2018,5,56170.0
VTI US,2018-06,2018,6,56170.0
VTI US,2018-07,2018,7,56170.0
VTI US,2018-08,2018,8,56170.0
VTI US,2018-09,2018,9,56170.0
VTI US,2018-10,2018,10,56170.0
VTI US,2018-11,2018,11,56170.0
VTI US,2018-12,2018,12,56170.0
VTI US,2019-01,2019,1,56170.0
VTI US,2019-02,2019,2,56170.0
VTI US,2019-03,2019,3,56170.0
VTI US,2019-04,2019,4,56170.0
VTI US,2019-05,2019,5,56170.0
VTI US,2019-06,2019,6,56170.0
VTI US,2019-07,2019,7,56170.0
VTI US,2019-08,2019,8,56170.0
VTI US,2019-09,2019,9,56170.0
VTI US,2019-10,2019,10,56170.0
VTI US,2019-11,2019,11,56170.0
VTI US,2019-12,2019,12,56170.0
VTI US,2020-01,2020,1,56170.0
VTI US,2020-02,2020,2,56170.0
VTI US,2020-03,2020,3,56170.0
VTI US,2020-04,2020,4,56170.0
VTI US,2020-05,2020,5,56170.0
VTI US,2020-06,2020,6,56170.0
VTI US,2020-07,2020,7,56170.0
VTI US,2020-08,2020,8,56170.0
VTI US,2020-09,2020,9,56170.0
VTI US,2020-10,2020,10,56170.0
VTI US,2020-11,2020,11,56170.0
VTI US,2020-12,2020,12,56170.0
VTI US,2021-01,2021,1,56170.0
VTI US,2021-02,2021,2,56170.0
VTI US,2021-03,2021,3,56170.0
VTI US,2021-04,2021,4,56170.0
VTI US,2021-05,2021,5,56170.0
VTI US,2021-06,2021,6,56170.0
VTI US,2021-07,2021,7,56170.0
VTI US,2021-08,2021,8,56170.0
VTI US,2021-09,2021,9,56170.0
VTI US,2021-10,2021,10,56170.0
VTI US,2021-11,2021,11,56170.0
VTI US,2021-12,2021,12,56170.0
VTI US,2022-01,2022,1,56170.0
VTI US,2022-02,2022,2,56170.0
VTI US,2022-03,2022,3,56170.0
VTI US,2022-04,2022,4,56170.0
VTI US,2022-05,2022,5,56170.0
VTI US,2022-06,2022,6,56170.0
VTI US,2022-07,2022,7,56170.0
VTI US,2022-08,2022,8,56170.0
VTI US,2022-09,2022,9,56170.0
VTI US,2022-10,2022,10,56170.0
VTI US,2022-11,2022,11,56170.0
VTI US,2022-12,2022,12,56170.0
VTI US,2023-01,2023,1,56170.0
VTI US,2023-02,2023,2,56170.0
VTI US,2023-03,2023,3,56170.0
VTI US,2023-04,2023,4,56170.0
VTI US,2023-05,2023,5,56170.0
VTI US,2023-06,2023,6,56170.0
VTI US,2023-07,2023,7,56170.0
VTI US,2023-08,2023,8,56170.0
VTI US,2023-09,2023,9,56170.0
VTI US,2023-10,2023,10,56170.0
VTI US,2023-11,2023,11,56170.0
VTI US,2023-12,2023,12,56170.0
VTI US,2024-01,2024,1,56170.0
VTI US,2024-02,2024,2,56170.0
VTI US,2024-03,2024,3,56170.0
VTI US,2024-04,2024,4,56170.0
VTI US,2024-05,2024,5,56170.0
VTI US,2024-06,2024,6,56170.0
VTI US,2024-07,2024,7,56170.0
VTI US,2024-08,2024,8,56170.0
VTI US,2024-09,2024,9,56170.0
VTI US,2024-10,2024,10,56170.0
VYM US,2011-10,2011,10,199350.0
VYM US,2011-11,2011,11,199350.0
VYM US,2011-12,2011,12,199350.0
VYM US,2012-01,2012,1,199350.0
VYM US,2012-02,2012,2,199350.0
VYM US,2012-03,2012,3,199350.0
VYM US,2012-04,2012,4,199350.0
VYM US,2012-05,2012,5,199350.0
VYM US,2012-06,2012,6,199350.0
VYM US,2012-07,2012,7,199350.0
VYM US,2012-08,2012,8,199350.0
VYM US,2012-09,2012,9,199350.0
VYM US,2012-10,2012,10,199350.0
VYM US,2012-11,2012,11,199350.0
VYM US,2012-12,2012,12,199350.0
VYM US,2013-01,2013,1,199350.0
VYM US,2013-02,2013,2,199350.0
VYM US,2013-03,2013,3,199350.0
VYM US,2013-04,2013,4,199350.0
VYM US,2013-05,2013,5,199350.0
VYM US,2013-06,2013,6,199350.0
VYM US,2013-07,2013,7,199350.0
VYM US,2013-08,2013,8,199350.0
VYM US,2013-09,2013,9,199350.0
VYM US,2013-10,2013,10,199350.0
VYM US,2013-11,2013,11,199350.0
VYM US,2013-12,2013,12,199350.0
VYM US,2014-01,2014,1,199350.0
VYM US,2014-02,2014,2,199350.0
VYM US,2014-03,2014,3,199350.0
VYM US,2014-04,2014,4,199350.0
VYM US,2014-05,2014,5,199350.0
VYM US,2014-06,2014,6,199350.0
VYM US,2014-07,2014,7,199350.0
VYM US,2014-08,2014,8,199350.0
VYM US,2014-09,2014,9,199350.0
VYM US,2014-10,2014,10,199350.0
VYM US,2014-11,2014,11,199350.0
VYM US,2014-12,2014,12,199350.0
VYM US,2015-01,2015,1,199350.0
VYM US,2015-02,2015,2,199350.0
VYM US,2015-03,2015,3,199350.0
VYM US,2015-04,2015,4,199350.0
VYM US,2015-05,2015,5,199350.0
VYM US,2015-06,2015,6,199350.0
VYM US,2015-07,2015,7,199350.0
VYM US,2015-08,2015,8,199350.0
VYM US,2015-09,2015,9,199350.0
VYM US,2015-10,2015,10,199350.0
VYM US,2015-11,2015,11,199350.0
VYM US,2015-12,2015,12,199350.0
VYM US,2016-01,2016,1,199350.0
VYM US,2016-02,2016,2,199350.0
VYM US,2016-03,2016,3,199350.0
VYM US,2016-04,2016,4,199350.0
VYM US,2016-05,2016,5,199350.0
VYM US,2016-06,2016,6,199350.0
VYM US,2016-07,2016,7,199350.0
VYM US,2016-08,2016,8,199350.0
VYM US,2016-09,2016,9,199350.0
VYM US,2016-10,2016,10,199350.0
VYM US,2016-11,2016,11,199350.0
VYM US,2016-12,2016,12,199350.0
VYM US,2017-01,2017,1,199350.0
VYM US,2017-02,2017,2,199350.0
VYM US,2017-03,2017,3,199350.0
VYM US,2017-04,2017,4,199350.0
VYM US,2017-05,2017,5,199350.0
VYM US,2017-06,2017,6,199350.0
VYM US,2017-07,2017,7,199350.0
VYM US,2017-08,2017,8,199350.0
VYM US,2017-09,2017,9,199350.0
VYM US,2017-10,2017,10,199350.0
VYM US,2017-11,2017,11,199350.0
VYM US,2017-12,2017,12,199350.0
VYM US,2018-01,2018,1,199350.0
VYM US,2018-02,2018,2,199350.0
VYM US,2018-03,2018,3,199350.0
VYM US,2018-04,2018,4,199350.0
VYM US,2018-05,2018,5,199350.0
VYM US,2018-06,2018,6,199350.0
VYM US,2018-07,2018,7,199350.0
VYM US,2018-08,2018,8,199350.0
VYM US,2018-09,2018,9,199350.0
VYM US,2018-10,2018,10,199350.0
VYM US,2018-11,2018,11,199350.0
VYM US,2018-12,2018,12,199350.0
VYM US,2019-01,2019,1,199350.0
VYM US,2019-02,2019,2,199350.0
VYM US,2019-03,2019,3,199350.0
VYM US,2019-04,2019,4,199350.0
VYM US,2019-05,2019,5,199350.0
VYM US,2019-06,2019,6,199350.0
VYM US,2019-07,2019,7,199350.0
VYM US,2019-08,2019,8,199350.0
VYM US,2019-09,2019,9,199350.0
VYM US,2019-10,2019,10,199350.0
VYM US,2019-11,2019,11,199350.0
VYM US,2019-12,2019,12,199350.0
VYM US,2020-01,2020,1,199350.0
VYM US,2020-02,2020,2,199350.0
VYM US,2020-03,2020,3,199350.0
VYM US,2020-04,2020,4,199350.0
VYM US,2020-05,2020,5,199350.0
VYM US,2020-06,2020,6,199350.0
VYM US,2020-07,2020,7,199350.0
VYM US,2020-08,2020,8,199350.0
VYM US,2020-09,2020,9,199350.0
VYM US,2020-10,2020,10,199350.0
VYM US,2020-11,2020,11,199350.0
VYM US,2020-12,2020,12,199350.0
VYM US,2021-01,2021,1,199350.0
VYM US,2021-02,2021,2,199350.0
VYM US,2021-03,2021,3,199350.0
VYM US,2021-04,2021,4,199350.0
VYM US,2021-05,2021,5,199350.0
VYM US,2021-06,2021,6,199350.0
VYM US,2021-07,2021,7,199350.0
VYM US,2021-08,2021,8,199350.0
VYM US,2021-09,2021,9,199350.0
VYM US,2021-10,2021,10,199350.0
VYM US,2021-11,2021,11,199350.0
VYM US,2021-12,2021,12,199350.0
VYM US,2022-01,2022,1,199350.0
VYM US,2022-02,2022,2,199350.0
VYM US,2022-03,2022,3,199350.0
VYM US,2022-04,2022,4,199350.0
VYM US,2022-05,2022,5,199350.0
VYM US,2022-06,2022,6,199350.0
VYM US,2022-07,2022,7,199350.0
VYM US,2022-08,2022,8,199350.0
VYM US,2022-09,2022,9,199350.0
VYM US,2022-10,2022,10,199350.0
VYM US,2022-11,2022,11,199350.0
VYM US,2022-12,2022,12,199350.0
VYM US,2023-01,2023,1,199350.0
VYM US,2023-02,2023,2,199350.0
VYM US,2023-03,2023,3,199350.0
VYM US,2023-04,2023,4,199350.0
VYM US,2023-05,2023,5,199350.0
VYM US,2023-06,2023,6,199350.0
VYM US,2023-07,2023,7,199350.0
VYM US,2023-08,2023,8,199350.0
VYM US,2023-09,2023,9,199350.0
VYM US,2023-10,2023,10,199350.0
VYM US,2023-11,2023,11,199350.0
VYM US,2023-12,2023,12,199350.0
VYM US,2024-01,2024,1,199350.0
VYM US,2024-02,2024,2,199350.0
VYM US,2024-03,2024,3,199350.0
VYM US,2024-04,2024,4,199350.0
VYM US,2024-05,2024,5,199350.0
VYM US,2024-06,2024,6,199350.0
VYM US,2024-07,2024,7,199350.0
VYM US,2024-08,2024,8,199350.0
VYM US,2024-09,2024,9,199350.0
VYM US,2024-10,2024,10,199350.0
VZ US,1999-01,1999,1,204460.0
VZ US,1999-02,1999,2,204460.0
VZ US,1999-03,1999,3,204460.0
VZ US,1999-04,1999,4,204460.0
VZ US,1999-05,1999,5,204460.0
VZ US,1999-06,1999,6,204460.0
VZ US,1999-07,1999,7,204460.0
VZ US,1999-08,1999,8,204460.0
VZ US,1999-09,1999,9,204460.0
VZ US,1999-10,1999,10,204460.0
VZ US,1999-11,1999,11,204460.0
VZ US,1999-12,1999,12,204460.0
VZ US,2000-01,2000,1,204460.0
VZ US,2000-02,2000,2,204460.0
VZ US,2000-03,2000,3,204460.0
VZ US,2000-04,2000,4,204460.0
VZ US,2000-05,2000,5,204460.0
VZ US,2000-06,2000,6,204460.0
VZ US,2000-07,2000,7,204460.0
VZ US,2000-08,2000,8,204460.0
VZ US,2000-09,2000,9,204460.0
VZ US,2000-10,2000,10,204460.0
VZ US,2000-11,2000,11,204460.0
VZ US,2000-12,2000,12,204460.0
VZ US,2001-01,2001,1,204460.0
VZ US,2001-02,2001,2,204460.0
VZ US,2001-03,2001,3,204460.0
VZ US,2001-04,2001,4,204460.0
VZ US,2001-05,2001,5,204460.0
VZ US,2001-06,2001,6,204460.0
VZ US,2001-07,2001,7,204460.0
VZ US,2001-08,2001,8,204460.0
VZ US,2001-09,2001,9,204460.0
VZ US,2001-10,2001,10,204460.0
VZ US,2001-11,2001,11,204460.0
VZ US,2001-12,2001,12,204460.0
VZ US,2002-01,2002,1,204460.0
VZ US,2002-02,2002,2,204460.0
VZ US,2002-03,2002,3,204460.0
VZ US,2002-04,2002,4,204460.0
VZ US,2002-05,2002,5,204460.0
VZ US,2002-06,2002,6,204460.0
VZ US,2002-07,2002,7,204460.0
VZ US,2002-08,2002,8,204460.0
VZ US,2002-09,2002,9,204460.0
VZ US,2002-10,2002,10,204460.0
VZ US,2002-11,2002,11,204460.0
VZ US,2002-12,2002,12,204460.0
VZ US,2003-01,2003,1,204460.0
VZ US,2003-02,2003,2,204460.0
VZ US,2003-03,2003,3,204460.0
VZ US,2003-04,2003,4,204460.0
VZ US,2003-05,2003,5,204460.0
VZ US,2003-06,2003,6,204460.0
VZ US,2003-07,2003,7,204460.0
VZ US,2003-08,2003,8,204460.0
VZ US,2003-09,2003,9,204460.0
VZ US,2003-10,2003,10,204460.0
VZ US,2003-11,2003,11,204460.0
VZ US,2003-12,2003,12,204460.0
VZ US,2004-01,2004,1,204460.0
VZ US,2004-02,2004,2,204460.0
VZ US,2004-03,2004,3,204460.0
VZ US,2004-04,2004,4,204460.0
VZ US,2004-05,2004,5,204460.0
VZ US,2004-06,2004,6,204460.0
VZ US,2004-07,2004,7,204460.0
VZ US,2004-08,2004,8,204460.0
VZ US,2004-09,2004,9,204460.0
VZ US,2004-10,2004,10,204460.0
VZ US,2004-11,2004,11,204460.0
VZ US,2004-12,2004,12,204460.0
VZ US,2005-01,2005,1,204460.0
VZ US,2005-02,2005,2,204460.0
VZ US,2005-03,2005,3,204460.0
VZ US,2005-04,2005,4,204460.0
VZ US,2005-05,2005,5,204460.0
VZ US,2005-06,2005,6,204460.0
VZ US,2005-07,2005,7,204460.0
VZ US,2005-08,2005,8,204460.0
VZ US,2005-09,2005,9,204460.0
VZ US,2005-10,2005,10,204460.0
VZ US,2005-11,2005,11,204460.0
VZ US,2005-12,2005,12,204460.0
VZ US,2006-01,2006,1,204460.0
VZ US,2006-02,2006,2,204460.0
VZ US,2006-03,2006,3,204460.0
VZ US,2006-04,2006,4,204460.0
VZ US,2006-05,2006,5,204460.0
VZ US,2006-06,2006,6,204460.0
VZ US,2006-07,2006,7,204460.0
VZ US,2006-08,2006,8,204460.0
VZ US,2006-09,2006,9,204460.0
VZ US,2006-10,2006,10,204460.0
VZ US,2006-11,2006,11,204460.0
VZ US,2006-12,2006,12,204460.0
VZ US,2007-01,2007,1,204460.0
VZ US,2007-02,2007,2,204460.0
VZ US,2007-03,2007,3,204460.0
VZ US,2007-04,2007,4,204460.0
VZ US,2007-05,2007,5,204460.0
VZ US,2007-06,2007,6,204460.0
VZ US,2007-07,2007,7,204460.0
VZ US,2007-08,2007,8,204460.0
VZ US,2007-09,2007,9,204460.0
VZ US,2007-10,2007,10,204460.0
VZ US,2007-11,2007,11,204460.0
VZ US,2007-12,2007,12,204460.0
VZ US,2008-01,2008,1,204460.0
VZ US,2008-02,2008,2,204460.0
VZ US,2008-03,2008,3,204460.0
VZ US,2008-04,2008,4,204460.0
VZ US,2008-05,2008,5,204460.0
VZ US,2008-06,2008,6,204460.0
VZ US,2008-07,2008,7,204460.0
VZ US,2008-08,2008,8,204460.0
VZ US,2008-09,2008,9,204460.0
VZ US,2008-10,2008,10,204460.0
VZ US,2008-11,2008,11,204460.0
VZ US,2008-12,2008,12,204460.0
VZ US,2009-01,2009,1,204460.0
VZ US,2009-02,2009,2,204460.0
VZ US,2009-03,2009,3,204460.0
VZ US,2009-04,2009,4,204460.0
VZ US,2009-05,2009,5,204460.0
VZ US,2009-06,2009,6,204460.0
VZ US,2009-07,2009,7,204460.0
VZ US,2009-08,2009,8,204460.0
VZ US,2009-09,2009,9,204460.0
VZ US,2009-10,2009,10,204460.0
VZ US,2009-11,2009,11,204460.0
VZ US,2009-12,2009,12,204460.0
VZ US,2010-01,2010,1,204460.0
VZ US,2010-02,2010,2,204460.0
VZ US,2010-03,2010,3,204460.0
VZ US,2010-04,2010,4,204460.0
VZ US,2010-05,2010,5,204460.0
VZ US,2010-06,2010,6,204460.0
VZ US,2010-07,2010,7,204460.0
VZ US,2010-08,2010,8,204460.0
VZ US,2010-09,2010,9,204460.0
VZ US,2010-10,2010,10,204460.0
VZ US,2010-11,2010,11,204460.0
VZ US,2010-12,2010,12,204460.0
VZ US,2011-01,2011,1,204460.0
VZ US,2011-02,2011,2,204460.0
VZ US,2011-03,2011,3,204460.0
VZ US,2011-04,2011,4,204460.0
VZ US,2011-05,2011,5,204460.0
VZ US,2011-06,2011,6,204460.0
VZ US,2011-07,2011,7,204460.0
VZ US,2011-08,2011,8,204460.0
VZ US,2011-09,2011,9,204460.0
VZ US,2011-10,2011,10,204460.0
VZ US,2011-11,2011,11,204460.0
VZ US,2011-12,2011,12,204460.0
VZ US,2012-01,2012,1,204460.0
VZ US,2012-02,2012,2,204460.0
VZ US,2012-03,2012,3,204460.0
VZ US,2012-04,2012,4,204460.0
VZ US,2012-05,2012,5,204460.0
VZ US,2012-06,2012,6,204460.0
VZ US,2012-07,2012,7,204460.0
VZ US,2012-08,2012,8,204460.0
VZ US,2012-09,2012,9,204460.0
VZ US,2012-10,2012,10,204460.0
VZ US,2012-11,2012,11,204460.0
VZ US,2012-12,2012,12,204460.0
VZ US,2013-01,2013,1,204460.0
VZ US,2013-02,2013,2,204460.0
VZ US,2013-03,2013,3,204460.0
VZ US,2013-04,2013,4,204460.0
VZ US,2013-05,2013,5,204460.0
VZ US,2013-06,2013,6,204460.0
VZ US,2013-07,2013,7,204460.0
VZ US,2013-08,2013,8,204460.0
VZ US,2013-09,2013,9,204460.0
VZ US,2013-10,2013,10,204460.0
VZ US,2013-11,2013,11,204460.0
VZ US,2013-12,2013,12,204460.0
VZ US,2014-01,2014,1,204460.0
VZ US,2014-02,2014,2,204460.0
VZ US,2014-03,2014,3,204460.0
VZ US,2014-04,2014,4,204460.0
VZ US,2014-05,2014,5,204460.0
VZ US,2014-06,2014,6,204460.0
VZ US,2014-07,2014,7,204460.0
VZ US,2014-08,2014,8,204460.0
VZ US,2014-09,2014,9,204460.0
VZ US,2014-10,2014,10,204460.0
VZ US,2014-11,2014,11,204460.0
VZ US,2014-12,2014,12,204460.0
VZ US,2015-01,2015,1,204460.0
VZ US,2015-02,2015,2,204460.0
VZ US,2015-03,2015,3,204460.0
VZ US,2015-04,2015,4,204460.0
VZ US,2015-05,2015,5,204460.0
VZ US,2015-06,2015,6,204460.0
VZ US,2015-07,2015,7,204460.0
VZ US,2015-08,2015,8,204460.0
VZ US,2015-09,2015,9,204460.0
VZ US,2015-10,2015,10,204460.0
VZ US,2015-11,2015,11,204460.0
VZ US,2015-12,2015,12,204460.0
VZ US,2016-01,2016,1,204460.0
VZ US,2016-02,2016,2,204460.0
VZ US,2016-03,2016,3,204460.0
VZ US,2016-04,2016,4,204460.0
VZ US,2016-05,2016,5,204460.0
VZ US,2016-06,2016,6,204460.0
VZ US,2016-07,2016,7,204460.0
VZ US,2016-08,2016,8,204460.0
VZ US,2016-09,2016,9,204460.0
VZ US,2016-10,2016,10,204460.0
VZ US,2016-11,2016,11,204460.0
VZ US,2016-12,2016,12,204460.0
VZ US,2017-01,2017,1,204460.0
VZ US,2017-02,2017,2,204460.0
VZ US,2017-03,2017,3,204460.0
VZ US,2017-04,2017,4,204460.0
VZ US,2017-05,2017,5,204460.0
VZ US,2017-06,2017,6,204460.0
VZ US,2017-07,2017,7,204460.0
VZ US,2017-08,2017,8,204460.0
VZ US,2017-09,2017,9,204460.0
VZ US,2017-10,2017,10,204460.0
VZ US,2017-11,2017,11,204460.0
VZ US,2017-12,2017,12,204460.0
VZ US,2018-01,2018,1,204460.0
VZ US,2018-02,2018,2,204460.0
VZ US,2018-03,2018,3,204460.0
VZ US,2018-04,2018,4,204460.0
VZ US,2018-05,2018,5,204460.0
VZ US,2018-06,2018,6,204460.0
VZ US,2018-07,2018,7,204460.0
VZ US,2018-08,2018,8,204460.0
VZ US,2018-09,2018,9,204460.0
VZ US,2018-10,2018,10,204460.0
VZ US,2018-11,2018,11,204460.0
VZ US,2018-12,2018,12,204460.0
VZ US,2019-01,2019,1,204460.0
VZ US,2019-02,2019,2,204460.0
VZ US,2019-03,2019,3,204460.0
VZ US,2019-04,2019,4,204460.0
VZ US,2019-05,2019,5,204460.0
VZ US,2019-06,2019,6,204460.0
VZ US,2019-07,2019,7,204460.0
VZ US,2019-08,2019,8,204460.0
VZ US,2019-09,2019,9,204460.0
VZ US,2019-10,2019,10,204460.0
VZ US,2019-11,2019,11,204460.0
VZ US,2019-12,2019,12,204460.0
VZ US,2020-01,2020,1,204460.0
VZ US,2020-02,2020,2,204460.0
VZ US,2020-03,2020,3,204460.0
VZ US,2020-04,2020,4,204460.0
VZ US,2020-05,2020,5,204460.0
VZ US,2020-06,2020,6,204460.0
VZ US,2020-07,2020,7,204460.0
VZ US,2020-08,2020,8,204460.0
VZ US,2020-09,2020,9,204460.0
VZ US,2020-10,2020,10,204460.0
VZ US,2020-11,2020,11,204460.0
VZ US,2020-12,2020,12,204460.0
VZ US,2021-01,2021,1,204460.0
VZ US,2021-02,2021,2,204460.0
VZ US,2021-03,2021,3,204460.0
VZ US,2021-04,2021,4,204460.0
VZ US,2021-05,2021,5,204460.0
VZ US,2021-06,2021,6,204460.0
VZ US,2021-07,2021,7,204460.0
VZ US,2021-08,2021,8,204460.0
VZ US,2021-09,2021,9,204460.0
VZ US,2021-10,2021,10,204460.0
VZ US,2021-11,2021,11,204460.0
VZ US,2021-12,2021,12,204460.0
VZ US,2022-01,2022,1,204460.0
VZ US,2022-02,2022,2,204460.0
VZ US,2022-03,2022,3,204460.0
VZ US,2022-04,2022,4,204460.0
VZ US,2022-05,2022,5,204460.0
VZ US,2022-06,2022,6,204460.0
VZ US,2022-07,2022,7,204460.0
VZ US,2022-08,2022,8,204460.0
VZ US,2022-09,2022,9,204460.0
VZ US,2022-10,2022,10,204460.0
VZ US,2022-11,2022,11,204460.0
VZ US,2022-12,2022,12,204460.0
VZ US,2023-01,2023,1,204460.0
VZ US,2023-02,2023,2,204460.0
VZ US,2023-03,2023,3,204460.0
VZ US,2023-04,2023,4,204460.0
VZ US,2023-05,2023,5,204460.0
VZ US,2023-06,2023,6,204460.0
VZ US,2023-07,2023,7,204460.0
VZ US,2023-08,2023,8,204460.0
VZ US,2023-09,2023,9,204460.0
VZ US,2023-10,2023,10,204460.0
VZ US,2023-11,2023,11,204460.0
VZ US,2023-12,2023,12,204460.0
VZ US,2024-01,2024,1,204460.0
VZ US,2024-02,2024,2,204460.0
VZ US,2024-03,2024,3,204460.0
VZ US,2024-04,2024,4,204460.0
VZ US,2024-05,2024,5,204460.0
VZ US,2024-06,2024,6,204460.0
VZ US,2024-07,2024,7,204460.0
VZ US,2024-08,2024,8,204460.0
VZ US,2024-09,2024,9,204460.0
VZ US,2024-10,2024,10,204460.0
WEC US,1998-10,1998,10,147060.0
WEC US,1998-11,1998,11,147060.0
WEC US,1998-12,1998,12,147060.0
WEC US,1999-01,1999,1,147060.0
WEC US,1999-02,1999,2,147060.0
WEC US,1999-03,1999,3,147060.0
WEC US,1999-04,1999,4,147060.0
WEC US,1999-05,1999,5,147060.0
WEC US,1999-06,1999,6,147060.0
WEC US,1999-07,1999,7,147060.0
WEC US,1999-08,1999,8,147060.0
WEC US,1999-09,1999,9,147060.0
WEC US,1999-10,1999,10,147060.0
WEC US,1999-11,1999,11,147060.0
WEC US,1999-12,1999,12,147060.0
WEC US,2000-01,2000,1,147060.0
WEC US,2000-02,2000,2,147060.0
WEC US,2000-03,2000,3,147060.0
WEC US,2000-04,2000,4,147060.0
WEC US,2000-05,2000,5,147060.0
WEC US,2000-06,2000,6,147060.0
WEC US,2000-07,2000,7,147060.0
WEC US,2000-08,2000,8,147060.0
WEC US,2000-09,2000,9,147060.0
WEC US,2000-10,2000,10,147060.0
WEC US,2000-11,2000,11,147060.0
WEC US,2000-12,2000,12,147060.0
WEC US,2001-01,2001,1,147060.0
WEC US,2001-02,2001,2,147060.0
WEC US,2001-03,2001,3,147060.0
WEC US,2001-04,2001,4,147060.0
WEC US,2001-05,2001,5,147060.0
WEC US,2001-06,2001,6,147060.0
WEC US,2001-07,2001,7,147060.0
WEC US,2001-08,2001,8,147060.0
WEC US,2001-09,2001,9,147060.0
WEC US,2001-10,2001,10,147060.0
WEC US,2001-11,2001,11,147060.0
WEC US,2001-12,2001,12,147060.0
WEC US,2002-01,2002,1,147060.0
WEC US,2002-02,2002,2,147060.0
WEC US,2002-03,2002,3,147060.0
WEC US,2002-04,2002,4,147060.0
WEC US,2002-05,2002,5,147060.0
WEC US,2002-06,2002,6,147060.0
WEC US,2002-07,2002,7,147060.0
WEC US,2002-08,2002,8,147060.0
WEC US,2002-09,2002,9,147060.0
WEC US,2002-10,2002,10,147060.0
WEC US,2002-11,2002,11,147060.0
WEC US,2002-12,2002,12,147060.0
WEC US,2003-01,2003,1,147060.0
WEC US,2003-02,2003,2,147060.0
WEC US,2003-03,2003,3,147060.0
WEC US,2003-04,2003,4,147060.0
WEC US,2003-05,2003,5,147060.0
WEC US,2003-06,2003,6,147060.0
WEC US,2003-07,2003,7,147060.0
WEC US,2003-08,2003,8,147060.0
WEC US,2003-09,2003,9,147060.0
WEC US,2003-10,2003,10,147060.0
WEC US,2003-11,2003,11,147060.0
WEC US,2003-12,2003,12,147060.0
WEC US,2004-01,2004,1,147060.0
WEC US,2004-02,2004,2,147060.0
WEC US,2004-03,2004,3,147060.0
WEC US,2004-04,2004,4,147060.0
WEC US,2004-05,2004,5,147060.0
WEC US,2004-06,2004,6,147060.0
WEC US,2004-07,2004,7,147060.0
WEC US,2004-08,2004,8,147060.0
WEC US,2004-09,2004,9,147060.0
WEC US,2004-10,2004,10,147060.0
WEC US,2004-11,2004,11,147060.0
WEC US,2004-12,2004,12,147060.0
WEC US,2005-01,2005,1,147060.0
WEC US,2005-02,2005,2,147060.0
WEC US,2005-03,2005,3,147060.0
WEC US,2005-04,2005,4,147060.0
WEC US,2005-05,2005,5,147060.0
WEC US,2005-06,2005,6,147060.0
WEC US,2005-07,2005,7,147060.0
WEC US,2005-08,2005,8,147060.0
WEC US,2005-09,2005,9,147060.0
WEC US,2005-10,2005,10,147060.0
WEC US,2005-11,2005,11,147060.0
WEC US,2005-12,2005,12,147060.0
WEC US,2006-01,2006,1,147060.0
WEC US,2006-02,2006,2,147060.0
WEC US,2006-03,2006,3,147060.0
WEC US,2006-04,2006,4,147060.0
WEC US,2006-05,2006,5,147060.0
WEC US,2006-06,2006,6,147060.0
WEC US,2006-07,2006,7,147060.0
WEC US,2006-08,2006,8,147060.0
WEC US,2006-09,2006,9,147060.0
WEC US,2006-10,2006,10,147060.0
WEC US,2006-11,2006,11,147060.0
WEC US,2006-12,2006,12,147060.0
WEC US,2007-01,2007,1,147060.0
WEC US,2007-02,2007,2,147060.0
WEC US,2007-03,2007,3,147060.0
WEC US,2007-04,2007,4,147060.0
WEC US,2007-05,2007,5,147060.0
WEC US,2007-06,2007,6,147060.0
WEC US,2007-07,2007,7,147060.0
WEC US,2007-08,2007,8,147060.0
WEC US,2007-09,2007,9,147060.0
WEC US,2007-10,2007,10,147060.0
WEC US,2007-11,2007,11,147060.0
WEC US,2007-12,2007,12,147060.0
WEC US,2008-01,2008,1,147060.0
WEC US,2008-02,2008,2,147060.0
WEC US,2008-03,2008,3,147060.0
WEC US,2008-04,2008,4,147060.0
WEC US,2008-05,2008,5,147060.0
WEC US,2008-06,2008,6,147060.0
WEC US,2008-07,2008,7,147060.0
WEC US,2008-08,2008,8,147060.0
WEC US,2008-09,2008,9,147060.0
WEC US,2008-10,2008,10,147060.0
WEC US,2008-11,2008,11,147060.0
WEC US,2008-12,2008,12,147060.0
WEC US,2009-01,2009,1,147060.0
WEC US,2009-02,2009,2,147060.0
WEC US,2009-03,2009,3,147060.0
WEC US,2009-04,2009,4,147060.0
WEC US,2009-05,2009,5,147060.0
WEC US,2009-06,2009,6,147060.0
WEC US,2009-07,2009,7,147060.0
WEC US,2009-08,2009,8,147060.0
WEC US,2009-09,2009,9,147060.0
WEC US,2009-10,2009,10,147060.0
WEC US,2009-11,2009,11,147060.0
WEC US,2009-12,2009,12,147060.0
WEC US,2010-01,2010,1,147060.0
WEC US,2010-02,2010,2,147060.0
WEC US,2010-03,2010,3,147060.0
WEC US,2010-04,2010,4,147060.0
WEC US,2010-05,2010,5,147060.0
WEC US,2010-06,2010,6,147060.0
WEC US,2010-07,2010,7,147060.0
WEC US,2010-08,2010,8,147060.0
WEC US,2010-09,2010,9,147060.0
WEC US,2010-10,2010,10,147060.0
WEC US,2010-11,2010,11,147060.0
WEC US,2010-12,2010,12,147060.0
WEC US,2011-01,2011,1,147060.0
WEC US,2011-02,2011,2,147060.0
WEC US,2011-03,2011,3,147060.0
WEC US,2011-04,2011,4,147060.0
WEC US,2011-05,2011,5,147060.0
WEC US,2011-06,2011,6,147060.0
WEC US,2011-07,2011,7,147060.0
WEC US,2011-08,2011,8,147060.0
WEC US,2011-09,2011,9,147060.0
WEC US,2011-10,2011,10,147060.0
WEC US,2011-11,2011,11,147060.0
WEC US,2011-12,2011,12,147060.0
WEC US,2012-01,2012,1,147060.0
WEC US,2012-02,2012,2,147060.0
WEC US,2012-03,2012,3,147060.0
WEC US,2012-04,2012,4,147060.0
WEC US,2012-05,2012,5,147060.0
WEC US,2012-06,2012,6,147060.0
WEC US,2012-07,2012,7,147060.0
WEC US,2012-08,2012,8,147060.0
WEC US,2012-09,2012,9,147060.0
WEC US,2012-10,2012,10,147060.0
WEC US,2012-11,2012,11,147060.0
WEC US,2012-12,2012,12,147060.0
WEC US,2013-01,2013,1,147060.0
WEC US,2013-02,2013,2,147060.0
WEC US,2013-03,2013,3,147060.0
WEC US,2013-04,2013,4,147060.0
WEC US,2013-05,2013,5,147060.0
WEC US,2013-06,2013,6,147060.0
WEC US,2013-07,2013,7,147060.0
WEC US,2013-08,2013,8,147060.0
WEC US,2013-09,2013,9,147060.0
WEC US,2013-10,2013,10,147060.0
WEC US,2013-11,2013,11,147060.0
WEC US,2013-12,2013,12,147060.0
WEC US,2014-01,2014,1,147060.0
WEC US,2014-02,2014,2,147060.0
WEC US,2014-03,2014,3,147060.0
WEC US,2014-04,2014,4,147060.0
WEC US,2014-05,2014,5,147060.0
WEC US,2014-06,2014,6,147060.0
WEC US,2014-07,2014,7,147060.0
WEC US,2014-08,2014,8,147060.0
WEC US,2014-09,2014,9,147060.0
WEC US,2014-10,2014,10,147060.0
WEC US,2014-11,2014,11,147060.0
WEC US,2014-12,2014,12,147060.0
WEC US,2015-01,2015,1,147060.0
WEC US,2015-02,2015,2,147060.0
WEC US,2015-03,2015,3,147060.0
WEC US,2015-04,2015,4,147060.0
WEC US,2015-05,2015,5,147060.0
WEC US,2015-06,2015,6,147060.0
WEC US,2015-07,2015,7,147060.0
WEC US,2015-08,2015,8,147060.0
WEC US,2015-09,2015,9,147060.0
WEC US,2015-10,2015,10,147060.0
WEC US,2015-11,2015,11,147060.0
WEC US,2015-12,2015,12,147060.0
WEC US,2016-01,2016,1,147060.0
WEC US,2016-02,2016,2,147060.0
WEC US,2016-03,2016,3,147060.0
WEC US,2016-04,2016,4,147060.0
WEC US,2016-05,2016,5,147060.0
WEC US,2016-06,2016,6,147060.0
WEC US,2016-07,2016,7,147060.0
WEC US,2016-08,2016,8,147060.0
WEC US,2016-09,2016,9,147060.0
WEC US,2016-10,2016,10,147060.0
WEC US,2016-11,2016,11,147060.0
WEC US,2016-12,2016,12,147060.0
WEC US,2017-01,2017,1,147060.0
WEC US,2017-02,2017,2,147060.0
WEC US,2017-03,2017,3,147060.0
WEC US,2017-04,2017,4,147060.0
WEC US,2017-05,2017,5,147060.0
WEC US,2017-06,2017,6,147060.0
WEC US,2017-07,2017,7,147060.0
WEC US,2017-08,2017,8,147060.0
WEC US,2017-09,2017,9,147060.0
WEC US,2017-10,2017,10,147060.0
WEC US,2017-11,2017,11,147060.0
WEC US,2017-12,2017,12,147060.0
WEC US,2018-01,2018,1,147060.0
WEC US,2018-02,2018,2,147060.0
WEC US,2018-03,2018,3,147060.0
WEC US,2018-04,2018,4,147060.0
WEC US,2018-05,2018,5,147060.0
WEC US,2018-06,2018,6,147060.0
WEC US,2018-07,2018,7,147060.0
WEC US,2018-08,2018,8,147060.0
WEC US,2018-09,2018,9,147060.0
WEC US,2018-10,2018,10,147060.0
WEC US,2018-11,2018,11,147060.0
WEC US,2018-12,2018,12,147060.0
WEC US,2019-01,2019,1,147060.0
WEC US,2019-02,2019,2,147060.0
WEC US,2019-03,2019,3,147060.0
WEC US,2019-04,2019,4,147060.0
WEC US,2019-05,2019,5,147060.0
WEC US,2019-06,2019,6,147060.0
WEC US,2019-07,2019,7,147060.0
WEC US,2019-08,2019,8,147060.0
WEC US,2019-09,2019,9,147060.0
WEC US,2019-10,2019,10,147060.0
WEC US,2019-11,2019,11,147060.0
WEC US,2019-12,2019,12,147060.0
WEC US,2020-01,2020,1,147060.0
WEC US,2020-01,2020,1,147060.0
WEC US,2020-02,2020,2,147060.0
WEC US,2020-03,2020,3,147060.0
WEC US,2020-04,2020,4,147060.0
WEC US,2020-04,2020,4,147060.0
WEC US,2020-05,2020,5,147060.0
WEC US,2020-06,2020,6,147060.0
WEC US,2020-07,2020,7,147060.0
WEC US,2020-07,2020,7,147060.0
WEC US,2020-08,2020,8,147060.0
WEC US,2020-09,2020,9,147060.0
WEC US,2020-10,2020,10,147060.0
WEC US,2020-10,2020,10,147060.0
WEC US,2020-11,2020,11,147060.0
WEC US,2020-12,2020,12,147060.0
WEC US,2021-01,2021,1,147060.0
WEC US,2021-02,2021,2,147060.0
WEC US,2021-03,2021,3,147060.0
WEC US,2021-04,2021,4,147060.0
WEC US,2021-05,2021,5,147060.0
WEC US,2021-06,2021,6,147060.0
WEC US,2021-07,2021,7,147060.0
WEC US,2021-08,2021,8,147060.0
WEC US,2021-09,2021,9,147060.0
WEC US,2021-10,2021,10,147060.0
WEC US,2021-11,2021,11,147060.0
WEC US,2021-12,2021,12,147060.0
WEC US,2022-01,2022,1,147060.0
WEC US,2022-02,2022,2,147060.0
WEC US,2022-03,2022,3,147060.0
WEC US,2022-04,2022,4,147060.0
WEC US,2022-05,2022,5,147060.0
WEC US,2022-06,2022,6,147060.0
WEC US,2022-07,2022,7,147060.0
WEC US,2022-08,2022,8,147060.0
WEC US,2022-09,2022,9,147060.0
WEC US,2022-10,2022,10,147060.0
WEC US,2022-11,2022,11,147060.0
WEC US,2022-12,2022,12,147060.0
WEC US,2023-01,2023,1,147060.0
WEC US,2023-02,2023,2,147060.0
WEC US,2023-03,2023,3,147060.0
WEC US,2023-04,2023,4,147060.0
WEC US,2023-05,2023,5,147060.0
WEC US,2023-06,2023,6,147060.0
WEC US,2023-07,2023,7,147060.0
WEC US,2023-08,2023,8,147060.0
WEC US,2023-09,2023,9,147060.0
WEC US,2023-10,2023,10,147060.0
WEC US,2023-11,2023,11,147060.0
WEC US,2023-12,2023,12,147060.0
WEC US,2024-01,2024,1,147060.0
WEC US,2024-02,2024,2,147060.0
WEC US,2024-03,2024,3,147060.0
WEC US,2024-04,2024,4,147060.0
WEC US,2024-05,2024,5,147060.0
WEC US,2024-06,2024,6,147060.0
WEC US,2024-07,2024,7,147060.0
WEC US,2024-08,2024,8,147060.0
WEC US,2024-09,2024,9,147060.0
WEC US,2024-10,2024,10,147060.0
WMT US,1998-04,1998,4,82210.0
WMT US,1998-05,1998,5,82210.0
WMT US,1998-06,1998,6,82210.0
WMT US,1998-07,1998,7,82210.0
WMT US,1998-08,1998,8,82210.0
WMT US,1998-09,1998,9,82210.0
WMT US,1998-10,1998,10,82210.0
WMT US,1998-11,1998,11,82210.0
WMT US,1998-12,1998,12,82210.0
WMT US,1999-01,1999,1,82210.0
WMT US,1999-02,1999,2,82210.0
WMT US,1999-03,1999,3,82210.0
WMT US,1999-04,1999,4,82210.0
WMT US,1999-05,1999,5,82210.0
WMT US,1999-06,1999,6,82210.0
WMT US,1999-07,1999,7,82210.0
WMT US,1999-08,1999,8,82210.0
WMT US,1999-09,1999,9,82210.0
WMT US,1999-10,1999,10,82210.0
WMT US,1999-11,1999,11,82210.0
WMT US,1999-12,1999,12,82210.0
WMT US,2000-01,2000,1,82210.0
WMT US,2000-02,2000,2,82210.0
WMT US,2000-03,2000,3,82210.0
WMT US,2000-04,2000,4,82210.0
WMT US,2000-05,2000,5,82210.0
WMT US,2000-06,2000,6,82210.0
WMT US,2000-07,2000,7,82210.0
WMT US,2000-08,2000,8,82210.0
WMT US,2000-09,2000,9,82210.0
WMT US,2000-10,2000,10,82210.0
WMT US,2000-11,2000,11,82210.0
WMT US,2000-12,2000,12,82210.0
WMT US,2001-01,2001,1,82210.0
WMT US,2001-02,2001,2,82210.0
WMT US,2001-03,2001,3,82210.0
WMT US,2001-04,2001,4,82210.0
WMT US,2001-05,2001,5,82210.0
WMT US,2001-06,2001,6,82210.0
WMT US,2001-07,2001,7,82210.0
WMT US,2001-08,2001,8,82210.0
WMT US,2001-09,2001,9,82210.0
WMT US,2001-10,2001,10,82210.0
WMT US,2001-11,2001,11,82210.0
WMT US,2001-12,2001,12,82210.0
WMT US,2002-01,2002,1,82210.0
WMT US,2002-02,2002,2,82210.0
WMT US,2002-03,2002,3,82210.0
WMT US,2002-04,2002,4,82210.0
WMT US,2002-05,2002,5,82210.0
WMT US,2002-06,2002,6,82210.0
WMT US,2002-07,2002,7,82210.0
WMT US,2002-08,2002,8,82210.0
WMT US,2002-09,2002,9,82210.0
WMT US,2002-10,2002,10,82210.0
WMT US,2002-11,2002,11,82210.0
WMT US,2002-12,2002,12,82210.0
WMT US,2003-01,2003,1,82210.0
WMT US,2003-02,2003,2,82210.0
WMT US,2003-03,2003,3,82210.0
WMT US,2003-04,2003,4,82210.0
WMT US,2003-05,2003,5,82210.0
WMT US,2003-06,2003,6,82210.0
WMT US,2003-07,2003,7,82210.0
WMT US,2003-08,2003,8,82210.0
WMT US,2003-09,2003,9,82210.0
WMT US,2003-10,2003,10,82210.0
WMT US,2003-11,2003,11,82210.0
WMT US,2003-12,2003,12,82210.0
WMT US,2004-01,2004,1,82210.0
WMT US,2004-02,2004,2,82210.0
WMT US,2004-03,2004,3,82210.0
WMT US,2004-04,2004,4,82210.0
WMT US,2004-05,2004,5,82210.0
WMT US,2004-06,2004,6,82210.0
WMT US,2004-07,2004,7,82210.0
WMT US,2004-08,2004,8,82210.0
WMT US,2004-09,2004,9,82210.0
WMT US,2004-10,2004,10,82210.0
WMT US,2004-11,2004,11,82210.0
WMT US,2004-12,2004,12,82210.0
WMT US,2005-01,2005,1,82210.0
WMT US,2005-02,2005,2,82210.0
WMT US,2005-03,2005,3,82210.0
WMT US,2005-04,2005,4,82210.0
WMT US,2005-05,2005,5,82210.0
WMT US,2005-06,2005,6,82210.0
WMT US,2005-07,2005,7,82210.0
WMT US,2005-08,2005,8,82210.0
WMT US,2005-09,2005,9,82210.0
WMT US,2005-10,2005,10,82210.0
WMT US,2005-11,2005,11,82210.0
WMT US,2005-12,2005,12,82210.0
WMT US,2006-01,2006,1,82210.0
WMT US,2006-02,2006,2,82210.0
WMT US,2006-03,2006,3,82210.0
WMT US,2006-04,2006,4,82210.0
WMT US,2006-05,2006,5,82210.0
WMT US,2006-06,2006,6,82210.0
WMT US,2006-07,2006,7,82210.0
WMT US,2006-08,2006,8,82210.0
WMT US,2006-09,2006,9,82210.0
WMT US,2006-10,2006,10,82210.0
WMT US,2006-11,2006,11,82210.0
WMT US,2006-12,2006,12,82210.0
WMT US,2007-01,2007,1,82210.0
WMT US,2007-02,2007,2,82210.0
WMT US,2007-03,2007,3,82210.0
WMT US,2007-04,2007,4,82210.0
WMT US,2007-05,2007,5,82210.0
WMT US,2007-06,2007,6,82210.0
WMT US,2007-07,2007,7,82210.0
WMT US,2007-08,2007,8,82210.0
WMT US,2007-09,2007,9,82210.0
WMT US,2007-10,2007,10,82210.0
WMT US,2007-11,2007,11,82210.0
WMT US,2007-12,2007,12,82210.0
WMT US,2008-01,2008,1,82210.0
WMT US,2008-02,2008,2,82210.0
WMT US,2008-03,2008,3,82210.0
WMT US,2008-04,2008,4,82210.0
WMT US,2008-05,2008,5,82210.0
WMT US,2008-06,2008,6,82210.0
WMT US,2008-07,2008,7,82210.0
WMT US,2008-08,2008,8,82210.0
WMT US,2008-09,2008,9,82210.0
WMT US,2008-10,2008,10,82210.0
WMT US,2008-11,2008,11,82210.0
WMT US,2008-12,2008,12,82210.0
WMT US,2009-01,2009,1,82210.0
WMT US,2009-02,2009,2,82210.0
WMT US,2009-03,2009,3,82210.0
WMT US,2009-04,2009,4,82210.0
WMT US,2009-05,2009,5,82210.0
WMT US,2009-06,2009,6,82210.0
WMT US,2009-07,2009,7,82210.0
WMT US,2009-08,2009,8,82210.0
WMT US,2009-09,2009,9,82210.0
WMT US,2009-10,2009,10,82210.0
WMT US,2009-11,2009,11,82210.0
WMT US,2009-12,2009,12,82210.0
WMT US,2010-01,2010,1,82210.0
WMT US,2010-02,2010,2,82210.0
WMT US,2010-03,2010,3,82210.0
WMT US,2010-04,2010,4,82210.0
WMT US,2010-05,2010,5,82210.0
WMT US,2010-06,2010,6,82210.0
WMT US,2010-07,2010,7,82210.0
WMT US,2010-08,2010,8,82210.0
WMT US,2010-09,2010,9,82210.0
WMT US,2010-10,2010,10,82210.0
WMT US,2010-11,2010,11,82210.0
WMT US,2010-12,2010,12,82210.0
WMT US,2011-01,2011,1,82210.0
WMT US,2011-02,2011,2,82210.0
WMT US,2011-03,2011,3,82210.0
WMT US,2011-04,2011,4,82210.0
WMT US,2011-05,2011,5,82210.0
WMT US,2011-06,2011,6,82210.0
WMT US,2011-07,2011,7,82210.0
WMT US,2011-08,2011,8,82210.0
WMT US,2011-09,2011,9,82210.0
WMT US,2011-10,2011,10,82210.0
WMT US,2011-11,2011,11,82210.0
WMT US,2011-12,2011,12,82210.0
WMT US,2012-01,2012,1,82210.0
WMT US,2012-02,2012,2,82210.0
WMT US,2012-03,2012,3,82210.0
WMT US,2012-04,2012,4,82210.0
WMT US,2012-05,2012,5,82210.0
WMT US,2012-06,2012,6,82210.0
WMT US,2012-07,2012,7,82210.0
WMT US,2012-08,2012,8,82210.0
WMT US,2012-09,2012,9,82210.0
WMT US,2012-10,2012,10,82210.0
WMT US,2012-11,2012,11,82210.0
WMT US,2012-12,2012,12,82210.0
WMT US,2013-01,2013,1,82210.0
WMT US,2013-02,2013,2,82210.0
WMT US,2013-03,2013,3,82210.0
WMT US,2013-04,2013,4,82210.0
WMT US,2013-05,2013,5,82210.0
WMT US,2013-06,2013,6,82210.0
WMT US,2013-07,2013,7,82210.0
WMT US,2013-08,2013,8,82210.0
WMT US,2013-09,2013,9,82210.0
WMT US,2013-10,2013,10,82210.0
WMT US,2013-11,2013,11,82210.0
WMT US,2013-12,2013,12,82210.0
WMT US,2014-01,2014,1,82210.0
WMT US,2014-02,2014,2,82210.0
WMT US,2014-03,2014,3,82210.0
WMT US,2014-04,2014,4,82210.0
WMT US,2014-05,2014,5,82210.0
WMT US,2014-06,2014,6,82210.0
WMT US,2014-07,2014,7,82210.0
WMT US,2014-08,2014,8,82210.0
WMT US,2014-09,2014,9,82210.0
WMT US,2014-10,2014,10,82210.0
WMT US,2014-11,2014,11,82210.0
WMT US,2014-12,2014,12,82210.0
WMT US,2015-01,2015,1,82210.0
WMT US,2015-02,2015,2,82210.0
WMT US,2015-03,2015,3,82210.0
WMT US,2015-04,2015,4,82210.0
WMT US,2015-05,2015,5,82210.0
WMT US,2015-06,2015,6,82210.0
WMT US,2015-07,2015,7,82210.0
WMT US,2015-08,2015,8,82210.0
WMT US,2015-09,2015,9,82210.0
WMT US,2015-10,2015,10,82210.0
WMT US,2015-11,2015,11,82210.0
WMT US,2015-12,2015,12,82210.0
WMT US,2016-01,2016,1,82210.0
WMT US,2016-02,2016,2,82210.0
WMT US,2016-03,2016,3,82210.0
WMT US,2016-04,2016,4,82210.0
WMT US,2016-05,2016,5,82210.0
WMT US,2016-06,2016,6,82210.0
WMT US,2016-07,2016,7,82210.0
WMT US,2016-08,2016,8,82210.0
WMT US,2016-09,2016,9,82210.0
WMT US,2016-10,2016,10,82210.0
WMT US,2016-11,2016,11,82210.0
WMT US,2016-12,2016,12,82210.0
WMT US,2017-01,2017,1,82210.0
WMT US,2017-02,2017,2,82210.0
WMT US,2017-03,2017,3,82210.0
WMT US,2017-04,2017,4,82210.0
WMT US,2017-05,2017,5,82210.0
WMT US,2017-06,2017,6,82210.0
WMT US,2017-07,2017,7,82210.0
WMT US,2017-08,2017,8,82210.0
WMT US,2017-09,2017,9,82210.0
WMT US,2017-10,2017,10,82210.0
WMT US,2017-11,2017,11,82210.0
WMT US,2017-12,2017,12,82210.0
WMT US,2018-01,2018,1,82210.0
WMT US,2018-02,2018,2,82210.0
WMT US,2018-03,2018,3,82210.0
WMT US,2018-04,2018,4,82210.0
WMT US,2018-05,2018,5,82210.0
WMT US,2018-06,2018,6,82210.0
WMT US,2018-07,2018,7,82210.0
WMT US,2018-08,2018,8,82210.0
WMT US,2018-09,2018,9,82210.0
WMT US,2018-10,2018,10,82210.0
WMT US,2018-11,2018,11,82210.0
WMT US,2018-12,2018,12,82210.0
WMT US,2019-01,2019,1,82210.0
WMT US,2019-02,2019,2,82210.0
WMT US,2019-03,2019,3,82210.0
WMT US,2019-04,2019,4,82210.0
WMT US,2019-05,2019,5,82210.0
WMT US,2019-06,2019,6,82210.0
WMT US,2019-07,2019,7,82210.0
WMT US,2019-08,2019,8,82210.0
WMT US,2019-09,2019,9,82210.0
WMT US,2019-10,2019,10,82210.0
WMT US,2019-11,2019,11,82210.0
WMT US,2019-12,2019,12,82210.0
WMT US,2020-01,2020,1,82210.0
WMT US,2020-02,2020,2,82210.0
WMT US,2020-03,2020,3,82210.0
WMT US,2020-04,2020,4,82210.0
WMT US,2020-05,2020,5,82210.0
WMT US,2020-06,2020,6,82210.0
WMT US,2020-07,2020,7,82210.0
WMT US,2020-08,2020,8,82210.0
WMT US,2020-09,2020,9,82210.0
WMT US,2020-10,2020,10,82210.0
WMT US,2020-11,2020,11,82210.0
WMT US,2020-12,2020,12,82210.0
WMT US,2021-01,2021,1,82210.0
WMT US,2021-02,2021,2,82210.0
WMT US,2021-03,2021,3,82210.0
WMT US,2021-04,2021,4,82210.0
WMT US,2021-05,2021,5,82210.0
WMT US,2021-06,2021,6,82210.0
WMT US,2021-07,2021,7,82210.0
WMT US,2021-08,2021,8,82210.0
WMT US,2021-09,2021,9,82210.0
WMT US,2021-10,2021,10,82210.0
WMT US,2021-11,2021,11,82210.0
WMT US,2021-12,2021,12,82210.0
WMT US,2022-01,2022,1,82210.0
WMT US,2022-02,2022,2,82210.0
WMT US,2022-03,2022,3,82210.0
WMT US,2022-04,2022,4,82210.0
WMT US,2022-05,2022,5,82210.0
WMT US,2022-06,2022,6,82210.0
WMT US,2022-07,2022,7,82210.0
WMT US,2022-08,2022,8,82210.0
WMT US,2022-09,2022,9,82210.0
WMT US,2022-10,2022,10,82210.0
WMT US,2022-11,2022,11,82210.0
WMT US,2022-12,2022,12,82210.0
WMT US,2023-01,2023,1,82210.0
WMT US,2023-02,2023,2,82210.0
WMT US,2023-03,2023,3,82210.0
WMT US,2023-04,2023,4,82210.0
WMT US,2023-05,2023,5,82210.0
WMT US,2023-06,2023,6,82210.0
WMT US,2023-07,2023,7,82210.0
WMT US,2023-08,2023,8,82210.0
WMT US,2023-09,2023,9,82210.0
WMT US,2023-10,2023,10,82210.0
WMT US,2023-11,2023,11,82210.0
WMT US,2023-12,2023,12,82210.0
WMT US,2024-01,2024,1,82210.0
WMT US,2024-02,2024,2,82210.0
WMT US,2024-03,2024,3,82210.0
WMT US,2024-04,2024,4,82210.0
WMT US,2024-05,2024,5,82210.0
WMT US,2024-06,2024,6,82210.0
WMT US,2024-07,2024,7,82210.0
WMT US,2024-08,2024,8,82210.0
WMT US,2024-09,2024,9,82210.0
WMT US,2024-10,2024,10,82210.0
XOM US,1999-01,1999,1,42910.0
XOM US,1999-02,1999,2,42910.0
XOM US,1999-03,1999,3,42910.0
XOM US,1999-04,1999,4,42910.0
XOM US,1999-05,1999,5,42910.0
XOM US,1999-06,1999,6,42910.0
XOM US,1999-07,1999,7,42910.0
XOM US,1999-08,1999,8,42910.0
XOM US,1999-09,1999,9,42910.0
XOM US,1999-10,1999,10,42910.0
XOM US,1999-11,1999,11,42910.0
XOM US,1999-12,1999,12,42910.0
XOM US,2000-01,2000,1,42910.0
XOM US,2000-02,2000,2,42910.0
XOM US,2000-03,2000,3,42910.0
XOM US,2000-04,2000,4,42910.0
XOM US,2000-05,2000,5,42910.0
XOM US,2000-06,2000,6,42910.0
XOM US,2000-07,2000,7,42910.0
XOM US,2000-08,2000,8,42910.0
XOM US,2000-09,2000,9,42910.0
XOM US,2000-10,2000,10,42910.0
XOM US,2000-11,2000,11,42910.0
XOM US,2000-12,2000,12,42910.0
XOM US,2001-01,2001,1,42910.0
XOM US,2001-02,2001,2,42910.0
XOM US,2001-03,2001,3,42910.0
XOM US,2001-04,2001,4,42910.0
XOM US,2001-05,2001,5,42910.0
XOM US,2001-06,2001,6,42910.0
XOM US,2001-07,2001,7,42910.0
XOM US,2001-08,2001,8,42910.0
XOM US,2001-09,2001,9,42910.0
XOM US,2001-10,2001,10,42910.0
XOM US,2001-11,2001,11,42910.0
XOM US,2001-12,2001,12,42910.0
XOM US,2002-01,2002,1,42910.0
XOM US,2002-02,2002,2,42910.0
XOM US,2002-03,2002,3,42910.0
XOM US,2002-04,2002,4,42910.0
XOM US,2002-05,2002,5,42910.0
XOM US,2002-06,2002,6,42910.0
XOM US,2002-07,2002,7,42910.0
XOM US,2002-08,2002,8,42910.0
XOM US,2002-09,2002,9,42910.0
XOM US,2002-10,2002,10,42910.0
XOM US,2002-11,2002,11,42910.0
XOM US,2002-12,2002,12,42910.0
XOM US,2003-01,2003,1,42910.0
XOM US,2003-02,2003,2,42910.0
XOM US,2003-03,2003,3,42910.0
XOM US,2003-04,2003,4,42910.0
XOM US,2003-05,2003,5,42910.0
XOM US,2003-06,2003,6,42910.0
XOM US,2003-07,2003,7,42910.0
XOM US,2003-08,2003,8,42910.0
XOM US,2003-09,2003,9,42910.0
XOM US,2003-10,2003,10,42910.0
XOM US,2003-11,2003,11,42910.0
XOM US,2003-12,2003,12,42910.0
XOM US,2004-01,2004,1,42910.0
XOM US,2004-02,2004,2,42910.0
XOM US,2004-03,2004,3,42910.0
XOM US,2004-04,2004,4,42910.0
XOM US,2004-05,2004,5,42910.0
XOM US,2004-06,2004,6,42910.0
XOM US,2004-07,2004,7,42910.0
XOM US,2004-08,2004,8,42910.0
XOM US,2004-09,2004,9,42910.0
XOM US,2004-10,2004,10,42910.0
XOM US,2004-11,2004,11,42910.0
XOM US,2004-12,2004,12,42910.0
XOM US,2005-01,2005,1,42910.0
XOM US,2005-02,2005,2,42910.0
XOM US,2005-03,2005,3,42910.0
XOM US,2005-04,2005,4,42910.0
XOM US,2005-05,2005,5,42910.0
XOM US,2005-06,2005,6,42910.0
XOM US,2005-07,2005,7,42910.0
XOM US,2005-08,2005,8,42910.0
XOM US,2005-09,2005,9,42910.0
XOM US,2005-10,2005,10,42910.0
XOM US,2005-11,2005,11,42910.0
XOM US,2005-12,2005,12,42910.0
XOM US,2006-01,2006,1,42910.0
XOM US,2006-02,2006,2,42910.0
XOM US,2006-03,2006,3,42910.0
XOM US,2006-04,2006,4,42910.0
XOM US,2006-05,2006,5,42910.0
XOM US,2006-06,2006,6,42910.0
XOM US,2006-07,2006,7,42910.0
XOM US,2006-08,2006,8,42910.0
XOM US,2006-09,2006,9,42910.0
XOM US,2006-10,2006,10,42910.0
XOM US,2006-11,2006,11,42910.0
XOM US,2006-12,2006,12,42910.0
XOM US,2007-01,2007,1,42910.0
XOM US,2007-02,2007,2,42910.0
XOM US,2007-03,2007,3,42910.0
XOM US,2007-04,2007,4,42910.0
XOM US,2007-05,2007,5,42910.0
XOM US,2007-06,2007,6,42910.0
XOM US,2007-07,2007,7,42910.0
XOM US,2007-08,2007,8,42910.0
XOM US,2007-09,2007,9,42910.0
XOM US,2007-10,2007,10,42910.0
XOM US,2007-11,2007,11,42910.0
XOM US,2007-12,2007,12,42910.0
XOM US,2008-01,2008,1,42910.0
XOM US,2008-02,2008,2,42910.0
XOM US,2008-03,2008,3,42910.0
XOM US,2008-04,2008,4,42910.0
XOM US,2008-05,2008,5,42910.0
XOM US,2008-06,2008,6,42910.0
XOM US,2008-07,2008,7,42910.0
XOM US,2008-08,2008,8,42910.0
XOM US,2008-09,2008,9,42910.0
XOM US,2008-10,2008,10,42910.0
XOM US,2008-11,2008,11,42910.0
XOM US,2008-12,2008,12,42910.0
XOM US,2009-01,2009,1,42910.0
XOM US,2009-02,2009,2,42910.0
XOM US,2009-03,2009,3,42910.0
XOM US,2009-04,2009,4,42910.0
XOM US,2009-05,2009,5,42910.0
XOM US,2009-06,2009,6,42910.0
XOM US,2009-07,2009,7,42910.0
XOM US,2009-08,2009,8,42910.0
XOM US,2009-09,2009,9,42910.0
XOM US,2009-10,2009,10,42910.0
XOM US,2009-11,2009,11,42910.0
XOM US,2009-12,2009,12,42910.0
XOM US,2010-01,2010,1,42910.0
XOM US,2010-02,2010,2,42910.0
XOM US,2010-03,2010,3,42910.0
XOM US,2010-04,2010,4,42910.0
XOM US,2010-05,2010,5,42910.0
XOM US,2010-06,2010,6,42910.0
XOM US,2010-07,2010,7,42910.0
XOM US,2010-08,2010,8,42910.0
XOM US,2010-09,2010,9,42910.0
XOM US,2010-10,2010,10,42910.0
XOM US,2010-11,2010,11,42910.0
XOM US,2010-12,2010,12,42910.0
XOM US,2011-01,2011,1,42910.0
XOM US,2011-02,2011,2,42910.0
XOM US,2011-03,2011,3,42910.0
XOM US,2011-04,2011,4,42910.0
XOM US,2011-05,2011,5,42910.0
XOM US,2011-06,2011,6,42910.0
XOM US,2011-07,2011,7,42910.0
XOM US,2011-08,2011,8,42910.0
XOM US,2011-09,2011,9,42910.0
XOM US,2011-10,2011,10,42910.0
XOM US,2011-11,2011,11,42910.0
XOM US,2011-12,2011,12,42910.0
XOM US,2012-01,2012,1,42910.0
XOM US,2012-02,2012,2,42910.0
XOM US,2012-03,2012,3,42910.0
XOM US,2012-04,2012,4,42910.0
XOM US,2012-05,2012,5,42910.0
XOM US,2012-06,2012,6,42910.0
XOM US,2012-07,2012,7,42910.0
XOM US,2012-08,2012,8,42910.0
XOM US,2012-09,2012,9,42910.0
XOM US,2012-10,2012,10,42910.0
XOM US,2012-11,2012,11,42910.0
XOM US,2012-12,2012,12,42910.0
XOM US,2013-01,2013,1,42910.0
XOM US,2013-02,2013,2,42910.0
XOM US,2013-03,2013,3,42910.0
XOM US,2013-04,2013,4,42910.0
XOM US,2013-05,2013,5,42910.0
XOM US,2013-06,2013,6,42910.0
XOM US,2013-07,2013,7,42910.0
XOM US,2013-08,2013,8,42910.0
XOM US,2013-09,2013,9,42910.0
XOM US,2013-10,2013,10,42910.0
XOM US,2013-11,2013,11,42910.0
XOM US,2013-12,2013,12,42910.0
XOM US,2014-01,2014,1,42910.0
XOM US,2014-02,2014,2,42910.0
XOM US,2014-03,2014,3,42910.0
XOM US,2014-04,2014,4,42910.0
XOM US,2014-05,2014,5,42910.0
XOM US,2014-06,2014,6,42910.0
XOM US,2014-07,2014,7,42910.0
XOM US,2014-08,2014,8,42910.0
XOM US,2014-09,2014,9,42910.0
XOM US,2014-10,2014,10,42910.0
XOM US,2014-11,2014,11,42910.0
XOM US,2014-12,2014,12,42910.0
XOM US,2015-01,2015,1,42910.0
XOM US,2015-02,2015,2,42910.0
XOM US,2015-03,2015,3,42910.0
XOM US,2015-04,2015,4,42910.0
XOM US,2015-05,2015,5,42910.0
XOM US,2015-06,2015,6,42910.0
XOM US,2015-07,2015,7,42910.0
XOM US,2015-08,2015,8,42910.0
XOM US,2015-09,2015,9,42910.0
XOM US,2015-10,2015,10,42910.0
XOM US,2015-11,2015,11,42910.0
XOM US,2015-12,2015,12,42910.0
XOM US,2016-01,2016,1,42910.0
XOM US,2016-02,2016,2,42910.0
XOM US,2016-03,2016,3,42910.0
XOM US,2016-04,2016,4,42910.0
XOM US,2016-05,2016,5,42910.0
XOM US,2016-06,2016,6,42910.0
XOM US,2016-07,2016,7,42910.0
XOM US,2016-08,2016,8,42910.0
XOM US,2016-09,2016,9,42910.0
XOM US,2016-10,2016,10,42910.0
XOM US,2016-11,2016,11,42910.0
XOM US,2016-12,2016,12,42910.0
XOM US,2017-01,2017,1,42910.0
XOM US,2017-02,2017,2,42910.0
XOM US,2017-03,2017,3,42910.0
XOM US,2017-04,2017,4,42910.0
XOM US,2017-05,2017,5,42910.0
XOM US,2017-06,2017,6,42910.0
XOM US,2017-07,2017,7,42910.0
XOM US,2017-08,2017,8,42910.0
XOM US,2017-09,2017,9,42910.0
XOM US,2017-10,2017,10,42910.0
XOM US,2017-11,2017,11,42910.0
XOM US,2017-12,2017,12,42910.0
XOM US,2018-01,2018,1,42910.0
XOM US,2018-02,2018,2,42910.0
XOM US,2018-03,2018,3,42910.0
XOM US,2018-04,2018,4,42910.0
XOM US,2018-05,2018,5,42910.0
XOM US,2018-06,2018,6,42910.0
XOM US,2018-07,2018,7,42910.0
XOM US,2018-08,2018,8,42910.0
XOM US,2018-09,2018,9,42910.0
XOM US,2018-10,2018,10,42910.0
XOM US,2018-11,2018,11,42910.0
XOM US,2018-12,2018,12,42910.0
XOM US,2019-01,2019,1,42910.0
XOM US,2019-02,2019,2,42910.0
XOM US,2019-03,2019,3,42910.0
XOM US,2019-04,2019,4,42910.0
XOM US,2019-05,2019,5,42910.0
XOM US,2019-06,2019,6,42910.0
XOM US,2019-07,2019,7,42910.0
XOM US,2019-08,2019,8,42910.0
XOM US,2019-09,2019,9,42910.0
XOM US,2019-10,2019,10,42910.0
XOM US,2019-11,2019,11,42910.0
XOM US,2019-12,2019,12,42910.0
XOM US,2020-01,2020,1,42910.0
XOM US,2020-02,2020,2,42910.0
XOM US,2020-03,2020,3,42910.0
XOM US,2020-04,2020,4,42910.0
XOM US,2020-05,2020,5,42910.0
XOM US,2020-06,2020,6,42910.0
XOM US,2020-07,2020,7,42910.0
XOM US,2020-08,2020,8,42910.0
XOM US,2020-09,2020,9,42910.0
XOM US,2020-10,2020,10,42910.0
XOM US,2020-11,2020,11,42910.0
XOM US,2020-12,2020,12,42910.0
XOM US,2021-01,2021,1,42910.0
XOM US,2021-02,2021,2,42910.0
XOM US,2021-03,2021,3,42910.0
XOM US,2021-04,2021,4,42910.0
XOM US,2021-05,2021,5,42910.0
XOM US,2021-06,2021,6,42910.0
XOM US,2021-07,2021,7,42910.0
XOM US,2021-08,2021,8,42910.0
XOM US,2021-09,2021,9,42910.0
XOM US,2021-10,2021,10,42910.0
XOM US,2021-11,2021,11,42910.0
XOM US,2021-12,2021,12,42910.0
XOM US,2022-01,2022,1,42910.0
XOM US,2022-02,2022,2,42910.0
XOM US,2022-03,2022,3,42910.0
XOM US,2022-04,2022,4,42910.0
XOM US,2022-05,2022,5,42910.0
XOM US,2022-06,2022,6,42910.0
XOM US,2022-07,2022,7,42910.0
XOM US,2022-08,2022,8,42910.0
XOM US,2022-09,2022,9,42910.0
XOM US,2022-10,2022,10,42910.0
XOM US,2022-11,2022,11,42910.0
XOM US,2022-12,2022,12,42910.0
XOM US,2023-01,2023,1,42910.0
XOM US,2023-02,2023,2,42910.0
XOM US,2023-03,2023,3,42910.0
XOM US,2023-04,2023,4,42910.0
XOM US,2023-05,2023,5,42910.0
XOM US,2023-06,2023,6,42910.0
XOM US,2023-07,2023,7,42910.0
XOM US,2023-08,2023,8,42910.0
XOM US,2023-09,2023,9,42910.0
XOM US,2023-10,2023,10,42910.0
XOM US,2023-11,2023,11,42910.0
XOM US,2023-12,2023,12,42910.0
XOM US,2024-01,2024,1,42910.0
XOM US,2024-02,2024,2,42910.0
XOM US,2024-03,2024,3,42910.0
XOM US,2024-04,2024,4,42910.0
XOM US,2024-05,2024,5,42910.0
XOM US,2024-06,2024,6,42910.0
XOM US,2024-07,2024,7,42910.0
XOM US,2024-08,2024,8,42910.0
XOM US,2024-09,2024,9,42910.0
XOM US,2024-10,2024,10,42910.0
